mmc_code,name,generic_name,mmc_type,price_low,price_high,as_of,search_category,matched_terms
04080031,INFRARED PHOTO ONE EYE / BOTH EYES,,,1090,2900,"March 02, 2026",adhoc,A;B;D;E;F;H;I;N;O;P;R;S;T;Y
04080064,INTRAVITREAL INJECTION ONE EYE / BOTH EYES,,,3360,7900,"March 02, 2026",adhoc,A;B;C;E;H;I;J;L;N;O;R;S;T;V;Y
04080033,LASER GONIOPLASTY ONE EYE / BOTH EYES,,,5000,11800,"March 02, 2026",adhoc,A;B;E;G;H;I;L;N;O;P;R;S;T;Y
04080034,LASER IRIDOPLASTY ONE EYE / BOTH EYES,,,4500,11300,"March 02, 2026",adhoc,A;B;D;E;H;I;L;N;O;P;R;S;T;Y
04080035,LASER IRIDOTOMY ONE EYE / BOTH EYES,,,5150,12200,"March 02, 2026",adhoc,A;B;D;E;H;I;L;M;N;O;R;S;T;Y
04080036,LASER RETINOPEXY ONE EYE / BOTH EYES,,,4500,11300,"March 02, 2026",adhoc,A;B;E;H;I;L;N;O;P;R;S;T;X;Y
04080037,LASER SUTURELYSIS ONE EYE / BOTH EYES,,,4550,9300,"March 02, 2026",adhoc,A;B;E;H;I;L;N;O;R;S;T;U;Y
04080038,LASER TRABECULOTOMY ONE EYE / BOTH EYES,,,5000,11800,"March 02, 2026",adhoc,A;B;C;E;H;L;M;N;O;R;S;T;U;Y
04080039,MACULAR PIGMENT OPTICAL DENSITY ONE EYE / BOTH EYES,,,755,1450,"March 02, 2026",adhoc,A;B;C;D;E;G;H;I;L;M;N;O;P;R;S;T;U;Y
04080066,MICROBLEPHAROEXFOLIATION BOTH EYES,,,5900,7400,"March 02, 2026",adhoc,A;B;C;E;F;H;I;L;M;N;O;P;R;S;T;X;Y
04080069,NEEDLING EYE PROCEDURE ONE EYE / BOTH EYES,,,1600,7400,"March 02, 2026",adhoc,B;C;D;E;G;H;I;L;N;O;P;R;S;T;U;Y
04080041,OCT ANGIOGRAPHY ONE EYE / BOTH EYES,,,3650,7000,"March 02, 2026",adhoc,A;B;C;E;G;H;I;N;O;P;R;S;T;Y
04080042,OCT ANTERIOR SEGMENT ONE EYE / BOTH EYES,,,3850,6900,"March 02, 2026",adhoc,A;B;C;E;G;H;I;M;N;O;R;S;T;Y
04080045,PACHYMETRY (CONTACT) SONOMED ONE EYE / BOTH EYES,,,1600,3600,"March 02, 2026",adhoc,A;B;C;D;E;H;M;N;O;P;R;S;T;Y
04080046,PACHYMETRY ONE EYE / BOTH EYES,,,1480,3700,"March 02, 2026",adhoc,A;B;C;E;H;M;N;O;P;R;S;T;Y
04080047,PAN RETINAL PHOTOCOAGULATION ONE EYE / BOTH EYES,,,5150,11800,"March 02, 2026",adhoc,A;B;C;E;G;H;I;L;N;O;P;R;S;T;U;Y
04080049,PATTERN LASER (VIXI) ONE EYE / BOTH EYES,,,7300,11800,"March 02, 2026",adhoc,A;B;E;H;I;L;N;O;P;R;S;T;V;X;Y
04080052,PERIMETRY/VFT OCTOPUS ONE EYE / BOTH EYES,,,2800,5400,"March 02, 2026",adhoc,B;C;E;F;H;I;M;N;O;P;R;S;T;U;V;Y
04080053,PNEUMATIC RETINOPEXY W/ USE OF PATTERN LASER ONE EYE / BOTH EYES,,,6950,12300,"March 02, 2026",adhoc,A;B;C;E;F;H;I;L;M;N;O;P;R;S;T;U;W;X;Y
04080055,RED FREE PHOTO ONE EYE / BOTH EYES,,,1090,2900,"March 02, 2026",adhoc,B;D;E;F;H;N;O;P;R;S;T;Y
04080057,REMOVAL OF FOREIGN BODY (CORNEA) ONE EYE / BOTH EYES,,,1650,4200,"March 02, 2026",adhoc,A;B;C;D;E;F;G;H;I;L;M;N;O;R;S;T;V;Y
04080058,RETINA SCREENING ONE EYE / BOTH EYE,,,4550,10500,"March 02, 2026",adhoc,A;B;C;E;G;H;I;N;O;R;S;T;Y
04080059,SPECULAR MICROSCOPY ONE EYE / BOTH EYES,,,1760,4400,"March 02, 2026",adhoc,A;B;C;E;H;I;L;M;N;O;P;R;S;T;U;Y
04080060,STEREO DISC PHOTO ONE EYE / BOTH EYES,,,1220,3300,"March 02, 2026",adhoc,B;C;D;E;H;I;N;O;P;R;S;T;Y
04080062,STEREO FUNDUS PHOTO ONE EYE / BOTH EYES,,,1220,3200,"March 02, 2026",adhoc,B;D;E;F;H;N;O;P;R;S;T;U;Y
04080067,ULTRASOUND BIOMICROSCOPY ONE EYE / BOTH EYES,,,7800,11400,"March 02, 2026",adhoc,A;B;C;D;E;H;I;L;M;N;O;P;R;S;T;U;Y
04080063,YAG LASER/ CAPSULOTOMY ONE EYE / BOTH EYES,,,4350,10900,"March 02, 2026",adhoc,A;B;C;E;G;H;L;M;N;O;P;R;S;T;U;Y
18000003,PEDIA CP CLEARANCE BUNDLE WITH COVID TEST,,ANCILLARY SERVICES,7100,8900,"March 02, 2026",adhoc,A;B;C;D;E;H;I;L;N;O;P;R;S;T;U;V;W
18000001,PEDIATRIC CP CLEARANCE BUNDLE,,ANCILLARY SERVICES,3470,4400,"March 02, 2026",adhoc,A;B;C;D;E;I;L;N;P;R;T;U
18000002,PRE OPERATIVE RISK EVALUATION,,ANCILLARY SERVICES,2750,28300,"March 02, 2026",adhoc,A;E;I;K;L;N;O;P;R;S;T;U;V
04040001,ADDITIONAL MAMMOGRAM VIEWS,,BREAST CLINIC,2080,2600,"March 09, 2026",adhoc,A;D;E;G;I;L;M;N;O;R;S;T;V;W
04040002,BIOPSY CLIP PLACEMENT,,BREAST CLINIC,19900,24900,"March 09, 2026",adhoc,A;B;C;E;I;L;M;N;O;P;S;T;Y
04040003,BREAST ULTRASOUND/ELASTOGRAPHY,,BREAST CLINIC,4150,5400,"March 09, 2026",adhoc,A;B;D;E;G;H;L;N;O;P;R;S;T;U;Y
04040013,CONTRAST ENHANCED MAMMOGRAPHY,,BREAST CLINIC,17900,22400,"March 09, 2026",adhoc,A;C;D;E;G;H;M;N;O;P;R;S;T;Y
04040004,GALACTOGRAPHY,,BREAST CLINIC,13900,27400,"March 09, 2026",adhoc,A;C;G;H;L;O;P;R;T;Y
04040005,MAMMOGRAM GUIDED WIRE LOCALIZATION,,BREAST CLINIC,10500,37500,"March 09, 2026",adhoc,A;C;D;E;G;I;L;M;N;O;R;T;U;W;Z
04050001,MAMMOGRAM WITH BREAST ULTRASOUND PACKAGE,,BREAST CLINIC,8300,10400,"March 09, 2026",adhoc,A;B;C;D;E;G;H;I;K;L;M;N;O;P;R;S;T;U;W
04040006,MAMMOGRAPHY 3D,,BREAST CLINIC,5010,6300,"March 09, 2026",adhoc,A;D;G;H;M;O;P;R;Y;3
04040007,PRE-OP GALACTOGRAPHY,,BREAST CLINIC,13900,53700,"March 09, 2026",adhoc,A;C;E;G;H;L;O;P;R;T;Y
04040009,SONO GUIDED CORE BIOPSY,,BREAST CLINIC,11100,40500,"March 09, 2026",adhoc,B;C;D;E;G;I;N;O;P;R;S;U;Y
04040010,SONO GUIDED CYST ASPIRATION BIOPSY,,BREAST CLINIC,5450,11800,"March 09, 2026",adhoc,A;B;C;D;E;G;I;N;O;P;R;S;T;U;Y
04040011,SONO GUIDED FINE NEEDLE ASPIRATION BIOPSY,,BREAST CLINIC,5750,12900,"March 09, 2026",adhoc,A;B;D;E;F;G;I;L;N;O;P;R;S;T;U;Y
04040008,SONO GUIDED WIRE LOCALIZATION,,BREAST CLINIC,10500,37500,"March 09, 2026",adhoc,A;C;D;E;G;I;L;N;O;R;S;T;U;W;Z
04040012,STEREOTACTIC CORE BIOPSY,,BREAST CLINIC,12100,44700,"March 09, 2026",adhoc,A;B;C;E;I;O;P;R;S;T;Y
04050031,ADDITIONAL RATE PER HOUR MULTIDISCIPLINARY CONSULTATION,,CANCER CENTER,1000,1300,"March 09, 2026",adhoc,A;C;D;E;H;I;L;M;N;O;P;R;S;T;U;Y
04050005,BONE MARROW BIOPSY,,CANCER CENTER,3000,3800,"March 09, 2026",adhoc,A;B;E;I;M;N;O;P;R;S;W;Y
04050022,BREAST PACKAGE METASTATIC WORK UP W/ CT PACKAGE,,CANCER CENTER,61000,76300,"March 09, 2026",adhoc,A;B;C;E;G;I;K;M;O;P;R;S;T;U;W
04050023,BREAST PACKAGE SURVEILLANCE WORK UP W/ CT PACKAGE,,CANCER CENTER,45700,57200,"March 09, 2026",adhoc,A;B;C;E;G;I;K;L;N;O;P;R;S;T;U;V;W
04050040,BREAST SURVEILLANCE B,,CANCER CENTER,65700,82200,"March 09, 2026",adhoc,A;B;C;E;I;L;N;R;S;T;U;V
04050006,CADD PUMP 24 HRS OUP,,CANCER CENTER,2200,2800,"March 09, 2026",adhoc,A;C;D;H;M;O;P;R;S;U;2;4
04050041,CANCER SCREENING MALE/FEMALE,,CANCER CENTER,16800,21800,"March 09, 2026",adhoc,A;C;E;F;G;I;L;M;N;R;S
04050007,CHEMOTHERAPY INFUSION,,CANCER CENTER,4000,5000,"July 21, 2026",adhoc,A;C;E;F;H;I;M;N;O;P;R;S;T;U;Y
04050008,CHEMOTHERAPY INJECTION/INFUSION ONCO 2,,CANCER CENTER,1185,4000,"March 09, 2026",adhoc,A;C;E;F;H;I;J;M;N;O;P;R;S;T;U;Y;2
04050028,COLON W/ CT PACKAGE,,CANCER CENTER,49300,61700,"March 09, 2026",adhoc,A;C;E;G;K;L;N;O;P;T;W
04400065,FOUNDATION ONE PACKAGE,,CANCER CENTER,158000,223000,"June 15, 2026",adhoc,A;C;D;E;F;G;I;K;N;O;P;T;U
04050039,GENETIC POST TEST COUNSELING,,CANCER CENTER,3000,3800,"March 09, 2026",adhoc,C;E;G;I;L;N;O;P;S;T;U
04050038,GENETICS CONSULTATION,,CANCER CENTER,3000,3800,"March 09, 2026",adhoc,A;C;E;G;I;L;N;O;S;T;U
04400064,GUARDANT PACKAGE,,CANCER CENTER,134000,196000,"October 13, 2025",adhoc,A;C;D;E;G;K;N;P;R;T;U
04050033,INITIAL NUTRITION ASSESSMENT - ONCOLOGY,,CANCER CENTER,2050,2600,"March 09, 2026",adhoc,A;C;E;G;I;L;M;N;O;R;S;T;U;Y
04050010,INTRATHECAL CHEMOTHERAPY,,CANCER CENTER,6150,7700,"March 09, 2026",adhoc,A;C;E;H;I;L;M;N;O;P;R;T;Y
04400072,LIFESTRANDS AMLIS COMPREHENSIVE,,CANCER CENTER,19800,24800,"June 10, 2026",adhoc,A;C;D;E;F;H;I;L;M;N;O;P;R;S;T;V
04400066,LIFESTRANDS CANCERNEXT GENETIC TESTING,,CANCER CENTER,39700,49700,"June 10, 2026",adhoc,A;C;D;E;F;G;I;L;N;R;S;T;X
04400067,LIFESTRANDS CANCERNEXT-EXPANDED GENETIC TESTING,,CANCER CENTER,47100,58900,"June 10, 2026",adhoc,A;C;D;E;F;G;I;L;N;P;R;S;T;X
04400071,LIFESTRANDS IHC:MMR TESTING,,CANCER CENTER,11200,14000,"June 10, 2026",adhoc,A;C;D;E;F;G;H;I;L;M;N;R;S;T
04400070,LIFESTRANDS IHC:PDL1 TESTING,,CANCER CENTER,11200,14000,"June 10, 2026",adhoc,A;C;D;E;F;G;H;I;L;N;P;R;S;T;1
04400073,LIFESTRANDS ONCOSTRANDS COMPREHENSIVE,,CANCER CENTER,125000,156300,"June 10, 2026",adhoc,A;C;D;E;F;H;I;L;M;N;O;P;R;S;T;V
04400068,LIFESTRANDS ONCOSTRANDS ESSENTIAL,,CANCER CENTER,50000,62500,"June 10, 2026",adhoc,A;C;D;E;F;I;L;N;O;R;S;T
04400069,LIFESTRANDS ONCOSTRANDS EXTENDED,,CANCER CENTER,55500,69400,"June 10, 2026",adhoc,A;C;D;E;F;I;L;N;O;R;S;T;X
04050042,LIVER SCREENING,,CANCER CENTER,22100,27700,"March 09, 2026",adhoc,C;E;G;I;L;N;R;S;V
04050043,LUNG PACKAGE B,,CANCER CENTER,29400,36800,"March 09, 2026",adhoc,A;B;C;E;G;K;L;N;P;U
04050029,LUNG/CHEST W/ CT PACKAGE,,CANCER CENTER,44600,55800,"March 09, 2026",adhoc,A;C;E;G;H;K;L;N;P;S;T;U;W
04050030,LYMPHOMA PACKAGE,,CANCER CENTER,84700,105900,"March 09, 2026",adhoc,A;C;E;G;H;K;L;M;O;P;Y
04050009,NON-CHEMO INJECTION (SC/IM),,CANCER CENTER,1800,2300,"July 21, 2026",adhoc,C;E;H;I;J;M;N;O;S;T
04050011,ONCO BLOOD EXTRACTION (PERIPHERAL),,CANCER CENTER,1000,1300,"July 21, 2026",adhoc,A;B;C;D;E;H;I;L;N;O;P;R;T;X
04050012,ONCO BLOOD TRANSFUSION,,CANCER CENTER,3800,4800,"July 21, 2026",adhoc,A;B;C;D;F;I;L;N;O;R;S;T;U
04050015,ONCO VAD CARE OP W/ INSERTION KIT W/O HN,,CANCER CENTER,3400,4300,"July 21, 2026",adhoc,A;C;D;E;H;I;K;N;O;P;R;S;T;V;W
04050044,ONCO-DX BONE PANEL,,CANCER CENTER,16800,21000,"March 09, 2026",adhoc,A;B;C;D;E;L;N;O;P;X
04050045,ONCO-DX CHEM PANEL,,CANCER CENTER,9000,11300,"March 09, 2026",adhoc,A;C;D;E;H;L;M;N;O;P;X
04050046,ONCO-DX LIVER PANEL,,CANCER CENTER,2630,3300,"March 09, 2026",adhoc,A;C;D;E;I;L;N;O;P;R;V;X
04050047,ONCO-DX LR COMBO,,CANCER CENTER,4000,5000,"March 09, 2026",adhoc,B;C;D;L;M;N;O;R;X
04050048,ONCO-DX MARKER PANEL,,CANCER CENTER,7400,9300,"March 09, 2026",adhoc,A;C;D;E;K;L;M;N;O;P;R;X
04050049,ONCO-DX PET BUNDLE,,CANCER CENTER,86600,108300,"March 09, 2026",adhoc,B;C;D;E;L;N;O;P;T;U;X
04050050,ONCO-DX RENAL PANEL,,CANCER CENTER,2520,3200,"March 09, 2026",adhoc,A;C;D;E;L;N;O;P;R;X
04050051,ONCO-DX TRIAD PANEL,,CANCER CENTER,13700,17200,"March 09, 2026",adhoc,A;C;D;E;I;L;N;O;P;R;T;X
04050016,OTHER THERAPEUTIC INFUSION,,CANCER CENTER,3200,4000,"March 09, 2026",adhoc,A;C;E;F;H;I;N;O;P;R;S;T;U
04050017,REMOVAL OF PORT CATH NEEDLE,,CANCER CENTER,1300,1700,"March 09, 2026",adhoc,A;C;D;E;F;H;L;M;N;O;P;R;T;V
04050018,REQUEST FOR TREATMENT PROTOCOL,,CANCER CENTER,200,250,"March 09, 2026",adhoc,A;C;E;F;L;M;N;O;P;Q;R;S;T;U
04050019,STERNAL PUNCTURE SET (CHARGE FOR STERILIZATION),,CANCER CENTER,740,1000,"March 09, 2026",adhoc,A;C;E;F;G;H;I;L;N;O;P;R;S;T;U;Z
04050052,VAD CARE & MAINTENANCE ONCO 2,,CANCER CENTER,2710,3400,"March 09, 2026",adhoc,A;C;D;E;I;M;N;O;R;T;V;2
04050020,VENOUS ACCESS DEVICE FLUSHING,,CANCER CENTER,1710,2200,"March 09, 2026",adhoc,A;C;D;E;F;G;H;I;L;N;O;S;U;V
04060001,ACTIVATED COAGULATION TIME,,CARDIAC CATH LAB,810,1100,"March 04, 2026",adhoc,A;C;D;E;G;I;L;M;N;O;T;U;V
04060003,CEREBRAL ANGIOGRAM,,CARDIAC CATH LAB,42400,79500,"March 04, 2026",adhoc,A;B;C;E;G;I;L;M;N;O;R
04060004,CEREBRAL COILING AND EMBOLIZATION,,CARDIAC CATH LAB,78400,147000,"March 04, 2026",adhoc,A;B;C;D;E;G;I;L;M;N;O;R;T;Z
04060005,ELECTROPHYSIOLOGY,,CARDIAC CATH LAB,144900,233900,"March 04, 2026",adhoc,C;E;G;H;I;L;O;P;R;S;T;Y
04060006,ENDOMYOCARDIAL BIOPSY,,CARDIAC CATH LAB,14100,17700,"March 04, 2026",adhoc,A;B;C;D;E;I;L;M;N;O;P;R;S;Y
04060007,ENDOVASCULAR AORTIC REPAIR 3HRS,,CARDIAC CATH LAB,74100,92700,"March 04, 2026",adhoc,A;C;D;E;H;I;L;N;O;P;R;S;T;U;V;3
04060008,INFERIOR VENA CAVA FILTER INSERTION,,CARDIAC CATH LAB,25600,43700,"March 04, 2026",adhoc,A;C;E;F;I;L;N;O;R;S;T;V
04060009,INSERTION OF CENTRAL VENOUS ACCESS DEVICE,,CARDIAC CATH LAB,23200,39600,"March 04, 2026",adhoc,A;C;D;E;F;I;L;N;O;R;S;T;U;V
04060012,INSERTION OF CVAD (PERM CATH AND IMPLANTED PORT),,CARDIAC CATH LAB,40100,75400,"March 04, 2026",adhoc,A;C;D;E;F;H;I;L;M;N;O;P;R;S;T;V
04060010,INSERTION OF INTRA-AORTIC BALLOON PUMP,,CARDIAC CATH LAB,25600,29100,"March 04, 2026",adhoc,A;B;C;E;F;I;L;M;N;O;P;R;S;T;U
04060011,INSERTION OF SWAN GANZ,,CARDIAC CATH LAB,30800,52500,"March 04, 2026",adhoc,A;E;F;G;I;N;O;R;S;T;W;Z
04060013,INSERTION OF TEMPORARY PACEMAKER,,CARDIAC CATH LAB,44000,75000,"March 04, 2026",adhoc,A;C;E;F;I;K;M;N;O;P;R;S;T;Y
04060014,KYPHOPLASTY,,CARDIAC CATH LAB,35300,40200,"March 04, 2026",adhoc,A;H;K;L;O;P;S;T;Y
04060016,LEFT HEART CATHETERIZATION W/ CORONARY ANGIOGRAM (ANCILLARY),,CARDIAC CATH LAB,41200,77300,"March 04, 2026",adhoc,A;C;E;F;G;H;I;L;M;N;O;R;T;W;Y;Z
04060025,PERCUTANEOUS TRANSLUMINAL CORONARY ANGIOPLASTY,,CARDIAC CATH LAB,113400,577100,"March 04, 2026",adhoc,A;C;E;G;I;L;M;N;O;P;R;S;T;U;Y
04060015,PERCUTANEOUS TRANSVENOUS MITRAL COMMISSUROTOMY,,CARDIAC CATH LAB,67600,76900,"March 04, 2026",adhoc,A;C;E;I;L;M;N;O;P;R;S;T;U;V;Y
04060019,PERMANENT PACEMAKER,,CARDIAC CATH LAB,44000,79300,"March 04, 2026",adhoc,A;C;E;K;M;N;P;R;T
04060017,RIGHT AND LEFT HEART CATHETERIZATION,,CARDIAC CATH LAB,61600,72200,"March 04, 2026",adhoc,A;C;D;E;F;G;H;I;L;N;O;R;T;Z
04060022,SINGLE CATHETER ELECTROPHYSIOLOGY,,CARDIAC CATH LAB,37500,46900,"March 04, 2026",adhoc,A;C;E;G;H;I;L;N;O;P;R;S;T;Y
04060023,TRANSCATHETER AORTIC VALVE REPLACEMENT (TAVR),,CARDIAC CATH LAB,182200,227800,"March 04, 2026",adhoc,A;C;E;H;I;L;M;N;O;P;R;S;T;V
04400036,ADIPOSE DERIVED MSC PACKAGE,,CENTER FOR REGEN MED,58800,73500,"March 09, 2026",adhoc,A;C;D;E;G;I;K;M;O;P;R;S;V
04400001,BACTERIAL MONITORING TEST,,CENTER FOR REGEN MED,4500,5400,"February 10, 2026",adhoc,A;B;C;E;G;I;L;M;N;O;R;S;T
04400079,BASIC LEUKEMIA PANEL PACKAGE,,CENTER FOR REGEN MED,38000,47500,"July 21, 2026",adhoc,A;B;C;E;G;I;K;L;M;N;P;S;U
04400080,BASIC LYMPHOMA PANEL PACKAGE,,CENTER FOR REGEN MED,36500,45700,"July 21, 2026",adhoc,A;B;C;E;G;H;I;K;L;M;N;O;P;S;Y
04400003,BLOOD EXTRACTION CTC,,CENTER FOR REGEN MED,485,700,"March 09, 2026",adhoc,A;B;C;D;E;I;L;N;O;R;T;X
04400037,BONE MARROW CONCENTRATE TRANSPLANTATION FOR CLI PACKAGE,,CENTER FOR REGEN MED,46480,58100,"March 09, 2026",adhoc,A;B;C;E;F;G;I;K;L;M;N;O;P;R;S;T;W
04400056,BRAF IDYLLA PCR,,CENTER FOR REGEN MED,29000,36300,"March 09, 2026",adhoc,A;B;C;D;F;I;L;P;R;Y
04400038,CARDIAC TRANSPLANTATION PACKAGE OUP,,CENTER FOR REGEN MED,961000,1201300,"March 09, 2026",adhoc,A;C;D;E;G;I;K;L;N;O;P;R;S;T;U
04400008,CBC-CRM,,CENTER FOR REGEN MED,750,950,"March 09, 2026",adhoc,B;C;M;R
04400004,CD 34,,CENTER FOR REGEN MED,109500,171200,"August 04, 2026",adhoc,C;D;3;4
04400082,CD 34 ENUMERATION - ADD ON,,CENTER FOR REGEN MED,15000,18800,"July 21, 2026",adhoc,A;C;D;E;I;M;N;O;R;T;U;3;4
04400005,CD4 (POCT),,CENTER FOR REGEN MED,900,5400,"March 09, 2026",adhoc,C;D;O;P;T;4
04400007,CELL PRESERVATION & THAWING,,CENTER FOR REGEN MED,71380,89300,"March 09, 2026",adhoc,A;C;E;G;H;I;L;N;O;P;R;S;T;V;W
04400040,COMPREHENSIVE LEUKEMIA PANEL PACKAGE,,CENTER FOR REGEN MED,54000,103800,"August 04, 2026",adhoc,A;C;E;G;H;I;K;L;M;N;O;P;R;S;U;V
04400041,COMPREHENSIVE LYMPHOMA PANEL PACKAGE,,CENTER FOR REGEN MED,51000,95700,"August 04, 2026",adhoc,A;C;E;G;H;I;K;L;M;N;O;P;R;S;V;Y
04400010,CORD TISSUE CULTURE (50M),,CENTER FOR REGEN MED,299000,373800,"March 09, 2026",adhoc,C;D;E;I;L;M;O;R;S;T;U;0;5
04400042,DCT W/ CLINIMACS PACKAGE OUP,,CENTER FOR REGEN MED,2506000,3132500,"March 09, 2026",adhoc,A;C;D;E;G;I;K;L;M;N;O;P;S;T;U;W
04400043,DENDRITIC CELL THERAPY BOOSTER PACKAGE OUP,,CENTER FOR REGEN MED,261000,261000,"October 27, 2025",adhoc,A;B;C;D;E;G;H;I;K;L;N;O;P;R;S;T;U;Y
04400081,DOUBLE HIT LYMPHOMA BY FISH PACKAGE,,CENTER FOR REGEN MED,45500,56900,"July 21, 2026",adhoc,A;B;C;D;E;F;G;H;I;K;L;M;O;P;S;T;U;Y
04400058,EGFR IDYLLA PCR,,CENTER FOR REGEN MED,41900,52400,"May 04, 2026",adhoc,A;C;D;E;F;G;I;L;P;R;Y
04400059,EGFR MUTATION TEST ASTRAZENECA,,CENTER FOR REGEN MED,5000,6300,"March 09, 2026",adhoc,A;C;E;F;G;I;M;N;O;R;S;T;U;Z
04400013,FORMULA P LITE 48,,CENTER FOR REGEN MED,6170,7800,"March 09, 2026",adhoc,A;E;F;I;L;M;O;P;R;T;U;4;8
04400044,FORMULA P MAX 80 PACKAGE,,CENTER FOR REGEN MED,19470,19470,"October 27, 2025",adhoc,A;C;E;F;G;K;L;M;O;P;R;U;X;0;8
04400002,FROZEN CORD TISSUE CULTURE (50M),,CENTER FOR REGEN MED,296000,370000,"March 09, 2026",adhoc,C;D;E;F;I;L;M;N;O;R;S;T;U;Z;0;5
04400014,FUNGAL MONITORING TEST,,CENTER FOR REGEN MED,4600,5600,"February 10, 2026",adhoc,A;E;F;G;I;L;M;N;O;R;S;T;U
04400063,GENETIC SCREENING PRE-ANA PACKAGE,,CENTER FOR REGEN MED,1550,2000,"March 09, 2026",adhoc,A;C;E;G;I;K;N;P;R;S;T
04400015,HER-2/NEU BY FLUORESCENCE IN SITU HYBRIDIZATION (FISH),,CENTER FOR REGEN MED,54500,68200,"May 04, 2026",adhoc,A;B;C;D;E;F;H;I;L;N;O;R;S;T;U;Y;Z;2
04400078,IDYLLA COLORECTAL PACKAGE,,CENTER FOR REGEN MED,70900,127400,"July 13, 2026",adhoc,A;C;D;E;G;I;K;L;O;P;R;T;Y
04400076,IDYLLA GENEFUSION,,CENTER FOR REGEN MED,40900,51200,"July 13, 2026",adhoc,A;D;E;F;G;I;L;N;O;S;U;Y
04400074,IDYLLA IDH1-2,,CENTER FOR REGEN MED,40900,51200,"July 13, 2026",adhoc,A;D;H;I;L;Y;1;2
04400075,IDYLLA POLE-POLD,,CENTER FOR REGEN MED,34900,43700,"July 13, 2026",adhoc,A;D;E;I;L;O;P;Y
04400039,IMMUNODEFICIENCY PANEL PACKAGE,,CENTER FOR REGEN MED,19000,63700,"August 04, 2026",adhoc,A;C;D;E;F;G;I;K;L;M;N;O;P;U;Y
04400060,KRAS IDYLLA PCR,,CENTER FOR REGEN MED,41900,52400,"May 04, 2026",adhoc,A;C;D;I;K;L;P;R;S;Y
18150053,LONGEVITY INFUSION PACKAGE,,CENTER FOR REGEN MED,1160000,4260900,"March 09, 2026",adhoc,A;C;E;F;G;I;K;L;N;O;P;S;T;U;V;Y
04400018,MDS 5 PANEL BY FLUORESCENCE IN SITU HYBRIDIZATION (FISH),,CENTER FOR REGEN MED,48100,60200,"March 09, 2026",adhoc,A;B;C;D;E;F;H;I;L;M;N;O;P;R;S;T;U;Y;Z;5
04400009,MESENCYHMAL STEM CELL QUALITY CONTROL,,CENTER FOR REGEN MED,84500,108200,"May 04, 2026",adhoc,A;C;E;H;I;L;M;N;O;Q;R;S;T;U;Y
04400006,MSC EXPANSION CUM STABILITY WITH QC (25M),,CENTER FOR REGEN MED,298000,372500,"March 09, 2026",adhoc,A;B;C;E;H;I;L;M;N;O;P;Q;S;T;U;W;X;Y;2;5
04400051,MSC EXPANSION STERILITY TEST AND TISSUE STORAGE ONLY,,CENTER FOR REGEN MED,8900,11200,"March 09, 2026",adhoc,A;C;D;E;G;I;L;M;N;O;P;R;S;T;U;X;Y
04400052,MSC QUALITY ASSESSMENT PACKAGE,,CENTER FOR REGEN MED,96000,120000,"March 09, 2026",adhoc,A;C;E;G;I;K;L;M;N;P;Q;S;T;U;Y
04400045,MSC THERAPY BOOSTER PACKAGE OUP,,CENTER FOR REGEN MED,211000,211000,"August 25, 2021",adhoc,A;B;C;E;G;H;K;M;O;P;R;S;T;U;Y
04400046,MSC TRANSPLANTATION PACKAGE OUP,,CENTER FOR REGEN MED,526330,526330,"October 27, 2025",adhoc,A;C;E;G;I;K;L;M;N;O;P;R;S;T;U
04400011,MSC VIABILITY TESTING,,CENTER FOR REGEN MED,65200,78300,"March 09, 2026",adhoc,A;B;C;E;G;I;L;M;N;S;T;V;Y
04400061,MSI IDYLLA PCR,,CENTER FOR REGEN MED,41900,52400,"May 04, 2026",adhoc,A;C;D;I;L;M;P;R;S;Y
04400047,MYELOMA PANEL PACKAGE,,CENTER FOR REGEN MED,32000,98200,"August 04, 2026",adhoc,A;C;E;G;K;L;M;N;O;P;Y
04400062,NRAS-BRAF IDYLLA PCR,,CENTER FOR REGEN MED,41900,52400,"May 04, 2026",adhoc,A;B;C;D;F;I;L;N;P;R;S;Y
04400024,NURSING FEE,,CENTER FOR REGEN MED,465,650,"March 09, 2026",adhoc,E;F;G;I;N;R;S;U
04400048,P LITE FORMULA 48 PACKAGE,,CENTER FOR REGEN MED,21930,27500,"March 09, 2026",adhoc,A;C;E;F;G;I;K;L;M;O;P;R;T;U;4;8
04400049,P MAX FORMULA 80 PACKAGE,,CENTER FOR REGEN MED,25390,31800,"March 09, 2026",adhoc,A;C;E;F;G;K;L;M;O;P;R;U;X;0;8
04400077,PAN LUNG CANCER - PCR,,CENTER FOR REGEN MED,163900,204900,"July 13, 2026",adhoc,A;C;E;G;L;N;P;R;U
04400012,REACTIVE OXYGEN SPECIES (ROS),,CENTER FOR REGEN MED,40500,48600,"March 09, 2026",adhoc,A;C;E;G;I;N;O;P;R;S;T;V;X;Y
04400030,STORAGE OF DRUGS/SPECIMEN,,CENTER FOR REGEN MED,480,600,"March 09, 2026",adhoc,A;C;D;E;F;G;I;M;N;O;P;R;S;T;U
04400032,TISSUE BANKING,,CENTER FOR REGEN MED,4550,7400,"March 09, 2026",adhoc,A;B;E;G;I;K;N;S;T;U
04400054,TISSUE STERILITY TESTING AND MSC INITIAL EXPANSION ONLY,,CENTER FOR REGEN MED,172200,215300,"March 09, 2026",adhoc,A;C;D;E;G;I;L;M;N;O;P;R;S;T;U;X;Y
04400055,URINE DIPSTICK,,CENTER FOR REGEN MED,1200,1500,"March 09, 2026",adhoc,C;D;E;I;K;N;P;R;S;T;U
657,9TH FLOOR (PROFESSIONAL FEE) - ONCOLOGY,,CLINICAL SERVICES (PROF FEE),1800,3000,"August 31, 2023",adhoc,A;C;E;F;G;H;I;L;N;O;P;R;S;T;Y;9
759,9TH FLOOR - CARDIOLOGY,,CLINICAL SERVICES (PROF FEE),4150,12450,"October 23, 2023",adhoc,A;C;D;F;G;H;I;L;O;R;T;Y;9
25,9TH FLOOR ROOM - PULMONARY MEDICINE,,CLINICAL SERVICES (PROF FEE),4000,8000,"August 31, 2023",adhoc,A;C;D;E;F;H;I;L;M;N;O;P;R;T;U;Y;9
587,ABDOMINOPLASTY FULL (TUMMY TUCK) 4 HOURS - SURGERY,,CLINICAL SERVICES (PROF FEE),117000,147000,"August 31, 2023",adhoc,A;B;C;D;E;F;G;H;I;K;L;M;N;O;P;R;S;T;U;Y;4
588,ABDOMINOPLASTY MINI (TUMMY TUCK) 2 HOURS - SURGERY,,CLINICAL SERVICES (PROF FEE),65000,95000,"August 31, 2023",adhoc,A;B;C;D;E;G;H;I;K;L;M;N;O;P;R;S;T;U;Y;2
302,ABOVE ELBOW AMPUTATION AND BELO ELBOW AMPUTATION - ANESTHESIOLOGY,,CLINICAL SERVICES (PROF FEE),28000,45000,"August 31, 2023",adhoc,A;B;D;E;G;H;I;L;M;N;O;P;S;T;U;V;W;Y
229,ABOVE ELBOW AMPUTATION AND BELO ELBOW AMPUTATION - ORTHOPEDIC SURGERY,,CLINICAL SERVICES (PROF FEE),70000,90000,"August 31, 2023",adhoc,A;B;C;D;E;G;H;I;L;M;N;O;P;R;S;T;U;V;W;Y
301,ABOVE KNEE AMPUTATION- BELOW KNEE AMPUTATION - ANESTHESIOLOGY,,CLINICAL SERVICES (PROF FEE),28000,45000,"August 31, 2023",adhoc,A;B;E;G;H;I;K;L;M;N;O;P;S;T;U;V;W;Y
228,ABOVE KNEE AMPUTATION- BELOW KNEE AMPUTATION - ORTHOPEDIC SURGERY,,CLINICAL SERVICES (PROF FEE),70000,90000,"August 31, 2023",adhoc,A;B;C;D;E;G;H;I;K;L;M;N;O;P;R;S;T;U;V;W;Y
331,ACDF PLATING 1-LEVEL - (EXCLUSIVE OF IMPLANT) - ANESTHESIOLOGY,,CLINICAL SERVICES (PROF FEE),60000,100000,"August 31, 2023",adhoc,A;C;D;E;F;G;H;I;L;M;N;O;P;S;T;U;V;X;Y;1
258,ACDF PLATING 1-LEVEL - (EXCLUSIVE OF IMPLANT) - ORTHOPEDIC SURGERY,,CLINICAL SERVICES (PROF FEE),150000,200000,"August 31, 2023",adhoc,A;C;D;E;F;G;H;I;L;M;N;O;P;R;S;T;U;V;X;Y;1
157,ACHILLES TENDON REPAIR/RECONSTRUCTION - ANESTHESIOLOGY,,CLINICAL SERVICES (PROF FEE),28000,45000,"August 31, 2023",adhoc,A;C;D;E;G;H;I;L;N;O;P;R;S;T;U;Y
145,ACHILLES TENDON REPAIR/RECONSTRUCTION - ORTHOPEDIC SURGERY,,CLINICAL SERVICES (PROF FEE),70000,90000,"August 31, 2023",adhoc,A;C;D;E;G;H;I;L;N;O;P;R;S;T;U;Y
352,ACHILLES TENDOSCOPY - ANESTHESIOLOGY,,CLINICAL SERVICES (PROF FEE),18000,40000,"August 31, 2023",adhoc,A;C;D;E;G;H;I;L;N;O;P;S;T;Y
272,ACHILLES TENDOSCOPY - ORTHOPEDIC SURGERY,,CLINICAL SERVICES (PROF FEE),45000,80000,"August 31, 2023",adhoc,A;C;D;E;G;H;I;L;N;O;P;R;S;T;U;Y
595,ACNE SURGERY/ FACIALS - DERMATOLOGY,,CLINICAL SERVICES (PROF FEE),500,5000,"October 21, 2023",adhoc,A;C;D;E;F;G;I;L;M;N;O;R;S;T;U;Y
462,ACTIVE ORTHODONTIC CASE - DENTAL MEDICINE (ORTHODONTIC),,CLINICAL SERVICES (PROF FEE),180000,250000,"August 31, 2023",adhoc,A;C;D;E;H;I;L;M;N;O;R;S;T;V
357,ACUPUNCTURE - PHYSICAL MEDICINE AND REHABILITATION,,CLINICAL SERVICES (PROF FEE),3790,3790,"August 31, 2023",adhoc,A;B;C;D;E;H;I;L;M;N;O;P;R;S;T;U;Y
535,ADHESIOLYSIS - SURGERY,,CLINICAL SERVICES (PROF FEE),2000,80000,"August 31, 2023",adhoc,A;D;E;G;H;I;L;O;R;S;U;Y
44,ADMINISTRATION OF BIOLOGIC AGENTS - RHEUMATOLOGY,,CLINICAL SERVICES (PROF FEE),1500,2500,"August 31, 2023",adhoc,A;B;C;D;E;F;G;H;I;L;M;N;O;R;S;T;U;Y
43,ADMINISTRATION OF CHEMOTHERAPEUTIC AGENTS - RHEUMATOLOGY,,CLINICAL SERVICES (PROF FEE),3000,5000,"August 31, 2023",adhoc,A;C;D;E;F;G;H;I;L;M;N;O;P;R;S;T;U;Y
773,ADOLESCENT MEDICINE - PEDIATRICS (ADMISSIONS / REFERRALS / PROCEDURES),,CLINICAL SERVICES (PROF FEE),5000,5000,"October 23, 2023",adhoc,A;C;D;E;F;I;L;M;N;O;P;R;S;T;U
739,ALLERGOLOGY & IMMUNOLOGY - PEDIATRICS (ADMISSIONS / REFERRALS / PROCEDURES),,CLINICAL SERVICES (PROF FEE),0,0,"August 31, 2023",adhoc,A;C;D;E;F;G;I;L;M;N;O;P;R;S;T;U;Y
717,ALLERGOLOGY & IMMUNOLOGY - PEDIATRICS (OUTPATIENT CONSULTATIONS),,CLINICAL SERVICES (PROF FEE),800,2500,"August 31, 2023",adhoc,A;C;D;E;G;I;L;M;N;O;P;R;S;T;U;Y
696,ALLERGY SKIN TEST - ALLERGOLOGY AND IMMUNOLOGY,,CLINICAL SERVICES (PROF FEE),12000,15000,"August 31, 2023",adhoc,A;D;E;G;I;K;L;M;N;O;R;S;T;U;Y
17,ALVEOLAR BONE GRAFT - ANESTHESIOLOGY,,CLINICAL SERVICES (PROF FEE),30000,50000,"August 31, 2023",adhoc,A;B;E;F;G;H;I;L;N;O;R;S;T;V;Y
513,ALVEOLAR BONE GRAFT - DENTAL MEDICINE (ORAL MAXILLO FACIAL SURGERY),,CLINICAL SERVICES (PROF FEE),75000,100000,"August 31, 2023",adhoc,A;B;C;D;E;F;G;I;L;M;N;O;R;S;T;U;V;X;Y
85,AMNIOCENTESIS - ANESTHESIOLOGY,,CLINICAL SERVICES (PROF FEE),5000,15000,"August 31, 2023",adhoc,A;C;E;G;H;I;L;M;N;O;S;T;Y
112,AMNIOCENTESIS - OBSTETRICS AND GYNECOLOGY,,CLINICAL SERVICES (PROF FEE),5000,30000,"August 31, 2023",adhoc,A;B;C;D;E;G;I;L;M;N;O;R;S;T;Y
539,ANAL FISTULA SURGERY - SURGERY,,CLINICAL SERVICES (PROF FEE),2000,80000,"August 31, 2023",adhoc,A;E;F;G;I;L;N;R;S;T;U;Y
390,ANAL FISTULECTOMY/FISTULOTOMY - ANESTHESIOLOGY,,CLINICAL SERVICES (PROF FEE),100,45000,"August 31, 2023",adhoc,A;C;E;F;G;H;I;L;M;N;O;S;T;U;Y
414,ANAL FISTULECTOMY/FISTULOTOMY - SURGERY,,CLINICAL SERVICES (PROF FEE),62500,87500,"August 31, 2023",adhoc,A;C;E;F;G;I;L;M;N;O;R;S;T;U;Y
367,ANGIOGRAM - RADIOLOGY,,CLINICAL SERVICES (PROF FEE),30000,100000,"August 31, 2023",adhoc,A;D;G;I;L;M;N;O;R;Y
436,ANGIOGRAM / VENOGRAM - ANESTHESIOLOGY,,CLINICAL SERVICES (PROF FEE),12000,25000,"August 31, 2023",adhoc,A;E;G;H;I;L;M;N;O;R;S;T;V;Y
472,ANGIOGRAM / VENOGRAM - SURGERY,,CLINICAL SERVICES (PROF FEE),30000,50000,"October 21, 2023",adhoc,A;E;G;I;M;N;O;R;S;U;V;Y
500,AORTIC REPLACEMENT FOR RUPTURE OR DISSECTION VIA STERNOTOMY OR THORACOTOMY - SURGERY,,CLINICAL SERVICES (PROF FEE),600000,950000,"August 31, 2023",adhoc,A;C;D;E;F;G;H;I;L;M;N;O;P;R;S;T;U;V;Y
234,APPLICATION OF CYLINDER CAST - ANESTHESIOLOGY,,CLINICAL SERVICES (PROF FEE),2000,3250,"August 31, 2023",adhoc,A;C;D;E;F;G;H;I;L;N;O;P;R;S;T;Y
190,APPLICATION OF CYLINDER CAST - ORTHOPEDIC SURGERY,,CLINICAL SERVICES (PROF FEE),5000,6500,"August 31, 2023",adhoc,A;C;D;E;F;G;H;I;L;N;O;P;R;S;T;U;Y
237,APPLICATION OF LONG ARM CAST - ANESTHESIOLOGY,,CLINICAL SERVICES (PROF FEE),2400,3750,"August 31, 2023",adhoc,A;C;E;F;G;H;I;L;M;N;O;P;R;S;T;Y
192,APPLICATION OF LONG ARM CAST - ORTHOPEDIC SURGERY,,CLINICAL SERVICES (PROF FEE),6000,7500,"August 31, 2023",adhoc,A;C;D;E;F;G;H;I;L;M;N;O;P;R;S;T;U;Y
231,APPLICATION OF LONG LEG CAST - ANESTHESIOLOGY,,CLINICAL SERVICES (PROF FEE),2400,3750,"August 31, 2023",adhoc,A;C;E;F;G;H;I;L;N;O;P;S;T;Y
189,APPLICATION OF LONG LEG CAST - ORTHOPEDIC SURGERY,,CLINICAL SERVICES (PROF FEE),6000,7500,"August 31, 2023",adhoc,A;C;D;E;F;G;H;I;L;N;O;P;R;S;T;U;Y
689,APPLICATION OF POSTERIOR SPLINT - EMERGENCY MEDICINE,,CLINICAL SERVICES (PROF FEE),2400,2400,"August 31, 2023",adhoc,A;C;D;E;F;G;I;L;M;N;O;P;R;S;T;Y
239,APPLICATION OF SHORT ARM CAST - ANESTHESIOLOGY,,CLINICAL SERVICES (PROF FEE),1800,3000,"August 31, 2023",adhoc,A;C;E;F;G;H;I;L;M;N;O;P;R;S;T;Y
193,APPLICATION OF SHORT ARM CAST - ORTHOPEDIC SURGERY,,CLINICAL SERVICES (PROF FEE),4500,6000,"August 31, 2023",adhoc,A;C;D;E;F;G;H;I;L;M;N;O;P;R;S;T;U;Y
235,APPLICATION OF SHORT LEG CAST - ANESTHESIOLOGY,,CLINICAL SERVICES (PROF FEE),1800,3000,"August 31, 2023",adhoc,A;C;E;F;G;H;I;L;N;O;P;R;S;T;Y
191,APPLICATION OF SHORT LEG CAST - ORTHOPEDIC SURGERY,,CLINICAL SERVICES (PROF FEE),4500,6000,"August 31, 2023",adhoc,A;C;D;E;F;G;H;I;L;N;O;P;R;S;T;U;Y
710,ARTERIAL LINE INSERTION - CARDIOLOGY,,CLINICAL SERVICES (PROF FEE),5000,5000,"August 31, 2023",adhoc,A;C;D;E;G;I;L;N;O;R;S;T;Y
41,ARTHROCENTESIS - RHEUMATOLOGY,,CLINICAL SERVICES (PROF FEE),3500,5500,"August 31, 2023",adhoc,A;C;E;G;H;I;L;M;N;O;R;S;T;U;Y
155,ARTHROSCOPIC ACL RECONSTRUCTION - ANESTHESIOLOGY,,CLINICAL SERVICES (PROF FEE),28000,50000,"August 31, 2023",adhoc,A;C;E;G;H;I;L;N;O;P;R;S;T;U;Y
143,ARTHROSCOPIC ACL RECONSTRUCTION - ORTHOPEDIC SURGERY,,CLINICAL SERVICES (PROF FEE),70000,100000,"August 31, 2023",adhoc,A;C;D;E;G;H;I;L;N;O;P;R;S;T;U;Y
354,ARTHROSCOPIC ANKLE ARTHRODESIS/SUBTALAR ARTHRODESIS - ANESTHESIOLOGY,,CLINICAL SERVICES (PROF FEE),32000,50000,"August 31, 2023",adhoc,A;B;C;D;E;G;H;I;K;L;N;O;P;R;S;T;U;Y
273,ARTHROSCOPIC ANKLE ARTHRODESIS/SUBTALAR ARTHRODESIS - ORTHOPEDIC SURGERY,,CLINICAL SERVICES (PROF FEE),80000,100000,"August 31, 2023",adhoc,A;B;C;D;E;G;H;I;K;L;N;O;P;R;S;T;U;Y
339,ARTHROSCOPIC ANKLE DECOMPRESSION/SYNOVECTOMY - ANESTHESIOLOGY,,CLINICAL SERVICES (PROF FEE),18000,30000,"August 31, 2023",adhoc,A;C;D;E;G;H;I;K;L;M;N;O;P;R;S;T;V;Y
263,ARTHROSCOPIC ANKLE DECOMPRESSION/SYNOVECTOMY - ORTHOPEDIC SURGERY,,CLINICAL SERVICES (PROF FEE),45000,60000,"August 31, 2023",adhoc,A;C;D;E;G;H;I;K;L;M;N;O;P;R;S;T;U;V;Y
347,ARTHROSCOPIC ANTERIOR TALO-FIBULAR LIGAMENT REPAIR - ANESTHESIOLOGY,,CLINICAL SERVICES (PROF FEE),32000,50000,"August 31, 2023",adhoc,A;B;C;E;F;G;H;I;L;M;N;O;P;R;S;T;U;Y
269,ARTHROSCOPIC ANTERIOR TALO-FIBULAR LIGAMENT REPAIR - ORTHOPEDIC SURGERY,,CLINICAL SERVICES (PROF FEE),80000,100000,"August 31, 2023",adhoc,A;B;C;D;E;F;G;H;I;L;M;N;O;P;R;S;T;U;Y
341,ARTHROSCOPIC CARTILAGE REPAIR/RECONSTRUCTION - ANESTHESIOLOGY,,CLINICAL SERVICES (PROF FEE),24000,50000,"August 31, 2023",adhoc,A;C;E;G;H;I;L;N;O;P;R;S;T;U;Y
265,ARTHROSCOPIC CARTILAGE REPAIR/RECONSTRUCTION - ORTHOPEDIC SURGERY,,CLINICAL SERVICES (PROF FEE),60000,100000,"August 31, 2023",adhoc,A;C;D;E;G;H;I;L;N;O;P;R;S;T;U;Y
343,ARTHROSCOPIC EXCISION OF HAGLUND'S LESION - ANESTHESIOLOGY,,CLINICAL SERVICES (PROF FEE),24000,40000,"August 31, 2023",adhoc,A;C;D;E;F;G;H;I;L;N;O;P;R;S;T;U;X;Y
267,ARTHROSCOPIC EXCISION OF HAGLUND'S LESION - ORTHOPEDIC SURGERY,,CLINICAL SERVICES (PROF FEE),60000,80000,"August 31, 2023",adhoc,A;C;D;E;F;G;H;I;L;N;O;P;R;S;T;U;X;Y
266,ARTHROSCOPIC EXCISION OF OS TRIGONUUM - ORTHOPEDIC SURGERY,,CLINICAL SERVICES (PROF FEE),60000,80000,"August 31, 2023",adhoc,A;C;D;E;F;G;H;I;M;N;O;P;R;S;T;U;X;Y
342,ARTHROSCOPIC EXCISION OF OSTRIGONUUM - ANESTHESIOLOGY,,CLINICAL SERVICES (PROF FEE),24000,40000,"August 31, 2023",adhoc,A;C;E;F;G;H;I;L;M;N;O;P;R;S;T;U;X;Y
159,ARTHROSCOPIC MENISCAL REPAIR - ANESTHESIOLOGY,,CLINICAL SERVICES (PROF FEE),28000,45000,"August 31, 2023",adhoc,A;C;E;G;H;I;L;M;N;O;P;R;S;T;Y
147,ARTHROSCOPIC MENISCAL REPAIR - ORTHOPEDIC SURGERY,,CLINICAL SERVICES (PROF FEE),70000,90000,"August 31, 2023",adhoc,A;C;D;E;G;H;I;L;M;N;O;P;R;S;T;U;Y
158,ARTHROSCOPIC MENISCECTOMY - ANESTHESIOLOGY,,CLINICAL SERVICES (PROF FEE),20000,45000,"August 31, 2023",adhoc,A;C;E;G;H;I;L;M;N;O;P;R;S;T;Y
146,ARTHROSCOPIC MENISCECTOMY - ORTHOPEDIC SURGERY,,CLINICAL SERVICES (PROF FEE),50000,70000,"August 31, 2023",adhoc,A;C;D;E;G;H;I;M;N;O;P;R;S;T;U;Y
152,ARTHROSCOPIC SHOULDER DECOMPRESSION - ANESTHESIOLOGY,,CLINICAL SERVICES (PROF FEE),20000,40000,"August 31, 2023",adhoc,A;C;D;E;G;H;I;L;M;N;O;P;R;S;T;U;Y
140,ARTHROSCOPIC SHOULDER DECOMPRESSION - ORTHOPEDIC SURGERY,,CLINICAL SERVICES (PROF FEE),50000,80000,"August 31, 2023",adhoc,A;C;D;E;G;H;I;L;M;N;O;P;R;S;T;U;Y
88,ASSISTED VAGINAL DELIVERY - ANESTHESIOLOGY,,CLINICAL SERVICES (PROF FEE),10000,100000,"August 31, 2023",adhoc,A;D;E;G;H;I;L;N;O;R;S;T;V;Y
114,ASSISTED VAGINAL DELIVERY - OBSTETRICS AND GYNECOLOGY,,CLINICAL SERVICES (PROF FEE),15000,200000,"August 31, 2023",adhoc,A;B;C;D;E;G;I;L;N;O;R;S;T;V;Y
549,AUGMENTATION RHINOPLASTY 1 HOUR - SURGERY,,CLINICAL SERVICES (PROF FEE),32500,62500,"August 31, 2023",adhoc,A;E;G;H;I;L;M;N;O;P;R;S;T;U;Y;1
552,AUGMENTATION RHINOPLASTY WITH ALAR TRIMMING 2 HOURS - SURGERY,,CLINICAL SERVICES (PROF FEE),45500,75500,"August 31, 2023",adhoc,A;E;G;H;I;L;M;N;O;P;R;S;T;U;W;Y;2
427,AVF - ANESTHESIOLOGY,,CLINICAL SERVICES (PROF FEE),18000,37500,"August 31, 2023",adhoc,A;E;F;G;H;I;L;N;O;S;T;V;Y
459,AVF - SURGERY,,CLINICAL SERVICES (PROF FEE),45000,75000,"August 31, 2023",adhoc,A;E;F;G;R;S;U;V;Y
429,AVG - ANESTHESIOLOGY,,CLINICAL SERVICES (PROF FEE),33000,37500,"August 31, 2023",adhoc,A;E;G;H;I;L;N;O;S;T;V;Y
464,AVG - SURGERY,,CLINICAL SERVICES (PROF FEE),55000,75000,"August 31, 2023",adhoc,A;E;G;R;S;U;V;Y
548,BABY DENTURE - DENTAL MEDICINE (PEDIATRIC),,CLINICAL SERVICES (PROF FEE),10000,15000,"October 21, 2023",adhoc,A;B;C;D;E;I;L;M;N;P;R;T;U;Y
335,BALLOON KYPHOPLASTY 1-LEVEL - ANESTHESIOLOGY,,CLINICAL SERVICES (PROF FEE),40000,60000,"August 31, 2023",adhoc,A;B;E;G;H;I;K;L;N;O;P;S;T;V;Y;1
257,BALLOON KYPHOPLASTY 1-LEVEL - ORTHOPEDIC SURGERY,,CLINICAL SERVICES (PROF FEE),100000,120000,"August 31, 2023",adhoc,A;B;C;D;E;G;H;I;K;L;N;O;P;R;S;T;U;V;Y;1
762,BASIC ADOLESCENT ASSESSMENT - PEDIATRICS,,CLINICAL SERVICES (PROF FEE),3500,3500,"October 23, 2023",adhoc,A;B;C;D;E;I;L;M;N;O;P;R;S;T
47,BASIC BRONCHOSCOPY - ANESTHESIOLOGY,,CLINICAL SERVICES (PROF FEE),5000,12500,"August 31, 2023",adhoc,A;B;C;E;G;H;I;L;N;O;P;R;S;T;Y
32,BASIC BRONCHOSCOPY - PULMONARY MEDICINE,,CLINICAL SERVICES (PROF FEE),20000,25000,"August 31, 2023",adhoc,A;B;C;D;E;H;I;L;M;N;O;P;R;S;U;Y
306,BENIGN BONE EXCISION - ANESTHESIOLOGY,,CLINICAL SERVICES (PROF FEE),24000,40000,"August 31, 2023",adhoc,A;B;C;E;G;H;I;L;N;O;S;T;X;Y
238,BENIGN BONE EXCISION - ORTHOPEDIC SURGERY,,CLINICAL SERVICES (PROF FEE),60000,80000,"August 31, 2023",adhoc,B;C;D;E;G;H;I;N;O;P;R;S;T;U;X;Y
305,BENIGN SOFT TISSUE EXCISION - ANESTHESIOLOGY,,CLINICAL SERVICES (PROF FEE),12000,25000,"August 31, 2023",adhoc,A;B;C;E;F;G;H;I;L;N;O;S;T;U;X;Y
236,BENIGN SOFT TISSUE EXCISION - ORTHOPEDIC SURGERY,,CLINICAL SERVICES (PROF FEE),30000,50000,"August 31, 2023",adhoc,B;C;D;E;F;G;H;I;N;O;P;R;S;T;U;X;Y
284,BIOPSY (PUNCH) - OTORHINOLARYNGOLOGY,,CLINICAL SERVICES (PROF FEE),5000,8000,"August 31, 2023",adhoc,A;B;C;G;H;I;L;N;O;P;R;S;T;U;Y
15,BIOPSY - ANESTHESIOLOGY,,CLINICAL SERVICES (PROF FEE),6000,20000,"August 31, 2023",adhoc,A;B;E;G;H;I;L;N;O;P;S;T;Y
502,BIOPSY - DENTAL MEDICINE (ORAL MAXILLO FACIAL SURGERY),,CLINICAL SERVICES (PROF FEE),15000,40000,"August 31, 2023",adhoc,A;B;C;D;E;F;G;I;L;M;N;O;P;R;S;T;U;X;Y
556,BONE GRAFTING(DEPENDING ON MATERIALS USED) - DENTAL MEDICINE (PERIODONTIC),,CLINICAL SERVICES (PROF FEE),20000,30000,"August 31, 2023",adhoc,A;B;C;D;E;F;G;I;L;M;N;O;P;R;S;T;U
619,BONE MARROW ASPIRATION AND BIOPSY - HEMATOLOGY,,CLINICAL SERVICES (PROF FEE),15000,20000,"August 31, 2023",adhoc,A;B;D;E;G;H;I;L;M;N;O;P;R;S;T;W;Y
5,BONE MARROW ASPIRATION WITH/WITHOUT BIOPSY - PEDIATRICS,,CLINICAL SERVICES (PROF FEE),7500,15000,"August 31, 2023",adhoc,A;B;C;D;E;H;I;M;N;O;P;R;S;T;U;W;Y
602,BOTOLINUM TOXIN / FILLER INJECTION - DERMATOLOGY,,CLINICAL SERVICES (PROF FEE),5600,60000,"October 21, 2023",adhoc,A;B;C;D;E;F;G;I;J;L;M;N;O;R;T;U;X;Y
70,BOTOLINUM TOXIN INJECTION - NEUROLOGICAL SCIENCES,,CLINICAL SERVICES (PROF FEE),10000,15000,"August 31, 2023",adhoc,A;B;C;E;G;I;J;L;M;N;O;R;S;T;U;X
351,BOTULINUM TOXIN INJECTION: PROCEDURE ONLY - PHYSICAL MEDICINE AND REHABILITATION,,CLINICAL SERVICES (PROF FEE),10000,20000,"August 31, 2023",adhoc,A;B;C;D;E;H;I;J;L;M;N;O;P;R;S;T;U;X;Y
589,BRACHIOPLASTY (ARM LIFT) 3 HOURS - SURGERY,,CLINICAL SERVICES (PROF FEE),65000,95000,"August 31, 2023",adhoc,A;B;C;E;F;G;H;I;L;M;O;P;R;S;T;U;Y;3
590,BREAST AUGMENTATION (IMPLANT EXCLUDED) 2 HOURS - SURGERY,,CLINICAL SERVICES (PROF FEE),71500,101500,"August 31, 2023",adhoc,A;B;C;D;E;G;H;I;L;M;N;O;P;R;S;T;U;X;Y;2
591,BREAST LIFT (MASTOPEXY) 3 HOURS - SURGERY,,CLINICAL SERVICES (PROF FEE),97500,117500,"August 31, 2023",adhoc,A;B;E;F;G;H;I;L;M;O;P;R;S;T;U;X;Y;3
593,BREAST REDUCTION 4 HOURS - SURGERY,,CLINICAL SERVICES (PROF FEE),117000,147000,"August 31, 2023",adhoc,A;B;C;D;E;G;H;I;N;O;R;S;T;U;Y;4
386,BREAST SURGERY- EXCISION OF BENIGN TUMOR- MULTIPLE - ANESTHESIOLOGY,,CLINICAL SERVICES (PROF FEE),100,45000,"August 31, 2023",adhoc,A;B;C;E;F;G;H;I;L;M;N;O;P;R;S;T;U;X;Y
407,BREAST SURGERY- EXCISION OF BENIGN TUMOR- MULTIPLE - SURGERY,,CLINICAL SERVICES (PROF FEE),62500,87500,"August 31, 2023",adhoc,A;B;C;E;F;G;I;L;M;N;O;P;R;S;T;U;X;Y
385,BREAST SURGERY- EXCISION OF BENIGN TUMOR- SINGLE - ANESTHESIOLOGY,,CLINICAL SERVICES (PROF FEE),100,26250,"August 31, 2023",adhoc,A;B;C;E;F;G;H;I;L;M;N;O;R;S;T;U;X;Y
406,BREAST SURGERY- EXCISION OF BENIGN TUMOR- SINGLE - SURGERY,,CLINICAL SERVICES (PROF FEE),37500,52500,"August 31, 2023",adhoc,A;B;C;E;F;G;I;L;M;N;O;R;S;T;U;X;Y
384,BREAST SURGERY- I&D OF ABSCESS - ANESTHESIOLOGY,,CLINICAL SERVICES (PROF FEE),100,43750,"August 31, 2023",adhoc,A;B;C;D;E;F;G;H;I;L;N;O;R;S;T;U;Y
402,BREAST SURGERY- I&D OF ABSCESS - SURGERY,,CLINICAL SERVICES (PROF FEE),62500,87500,"August 31, 2023",adhoc,A;B;C;D;E;F;G;I;O;R;S;T;U;Y
411,BURN DEBRIDEMENT - ANESTHESIOLOGY,,CLINICAL SERVICES (PROF FEE),6000,10000,"August 31, 2023",adhoc,A;B;D;E;G;H;I;L;M;N;O;R;S;T;U;Y
442,BURN DEBRIDEMENT - SURGERY,,CLINICAL SERVICES (PROF FEE),15000,20000,"August 31, 2023",adhoc,B;D;E;G;I;M;N;R;S;T;U;Y
682,BURN DRESSING- EXTENSIVE - EMERGENCY MEDICINE,,CLINICAL SERVICES (PROF FEE),6000,6000,"August 31, 2023",adhoc,B;C;D;E;G;I;M;N;R;S;T;U;V;X;Y
681,BURN DRESSING- MINIMAL - EMERGENCY MEDICINE,,CLINICAL SERVICES (PROF FEE),4800,4800,"August 31, 2023",adhoc,A;B;C;D;E;G;I;L;M;N;R;S;U;Y
494,CABG WITH VALVE REPAIR OR REPLACEMENT - SURGERY,,CLINICAL SERVICES (PROF FEE),550000,900000,"August 31, 2023",adhoc,A;B;C;E;G;H;I;L;M;N;O;P;R;S;T;U;V;W;Y
718,CARDIOLOGY - PEDIATRICS (OUTPATIENT CONSULTATIONS),,CLINICAL SERVICES (PROF FEE),1000,2500,"August 31, 2023",adhoc,A;C;D;E;G;I;L;N;O;P;R;S;T;U;Y
197,CARPAL TUNNEL RELEASE ( LOCAL ANESTH) - ORTHOPEDIC SURGERY,,CLINICAL SERVICES (PROF FEE),18000,30000,"August 31, 2023",adhoc,A;C;D;E;G;H;I;L;N;O;P;R;S;T;U;Y
277,CARPAL TUNNEL RELEASE ( LOCALANESTH) - ANESTHESIOLOGY,,CLINICAL SERVICES (PROF FEE),7200,15000,"August 31, 2023",adhoc,A;C;E;G;H;I;L;N;O;P;R;S;T;U;Y
125,CATARACT EXTRACTION ( ADULT ) - OPHTHALMOLOGY,,CLINICAL SERVICES (PROF FEE),20000,50000,"August 31, 2023",adhoc,A;C;D;E;G;H;I;L;M;N;O;P;R;T;U;X;Y
51,CATARACT EXTRACTION( ADULT ) - ANESTHESIOLOGY,,CLINICAL SERVICES (PROF FEE),8000,25000,"August 31, 2023",adhoc,A;C;D;E;G;H;I;L;N;O;R;S;T;U;X;Y
289,CAUTERY (SILVER NITRATE) - OTORHINOLARYNGOLOGY,,CLINICAL SERVICES (PROF FEE),2000,3000,"August 31, 2023",adhoc,A;C;E;G;H;I;L;N;O;R;S;T;U;V;Y
658,CCU (PROFESSIONAL FEE) - ONCOLOGY,,CLINICAL SERVICES (PROF FEE),1800,3000,"August 31, 2023",adhoc,A;C;E;F;G;I;L;N;O;P;R;S;U;Y
441,CENTRAL AORTIC (ABDOMINAL) - ANESTHESIOLOGY,,CLINICAL SERVICES (PROF FEE),140000,250000,"August 31, 2023",adhoc,A;B;C;D;E;G;H;I;L;M;N;O;R;S;T;Y
475,CENTRAL AORTIC (ABDOMINAL) - SURGERY,,CLINICAL SERVICES (PROF FEE),350000,500000,"August 31, 2023",adhoc,A;B;C;D;E;G;I;L;M;N;O;R;S;T;U;Y
632,CENTRAL LINE INSERTION - EMERGENCY MEDICINE,,CLINICAL SERVICES (PROF FEE),6000,6000,"August 31, 2023",adhoc,A;C;D;E;G;I;L;M;N;O;R;S;T;Y
747,CENTRAL LINE INSERTION - PEDIATRICS,,CLINICAL SERVICES (PROF FEE),15000,15000,"October 23, 2023",adhoc,A;C;D;E;I;L;N;O;P;R;S;T
84,CERCLAGE - ANESTHESIOLOGY,,CLINICAL SERVICES (PROF FEE),8000,25000,"August 31, 2023",adhoc,A;C;E;G;H;I;L;N;O;R;S;T;Y
111,CERCLAGE - OBSTETRICS AND GYNECOLOGY,,CLINICAL SERVICES (PROF FEE),20000,50000,"August 31, 2023",adhoc,A;B;C;D;E;G;I;L;N;O;R;S;T;Y
443,CEREBROVASCULAR- EXTRACRANIAL - ANESTHESIOLOGY,,CLINICAL SERVICES (PROF FEE),140000,250000,"August 31, 2023",adhoc,A;B;C;E;G;H;I;L;N;O;R;S;T;U;V;X;Y
476,CEREBROVASCULAR- EXTRACRANIAL - SURGERY,,CLINICAL SERVICES (PROF FEE),350000,500000,"August 31, 2023",adhoc,A;B;C;E;G;I;L;N;O;R;S;T;U;V;X;Y
65,CERVICAL CONIZATION - ANESTHESIOLOGY,,CLINICAL SERVICES (PROF FEE),6000,30000,"August 31, 2023",adhoc,A;C;E;G;H;I;L;N;O;R;S;T;V;Y;Z
100,CERVICAL CONIZATION - OBSTETRICS AND GYNECOLOGY,,CLINICAL SERVICES (PROF FEE),15000,60000,"August 31, 2023",adhoc,A;B;C;D;E;G;I;L;N;O;R;S;T;V;Y;Z
334,CERVICAL LAMINECTOMY WITH FUSION (EXCLUSIVE OF IMPLANT) 3-4 LEVELS - ANESTHESIOLOGY,,CLINICAL SERVICES (PROF FEE),40000,125000,"August 31, 2023",adhoc,A;C;E;F;G;H;I;L;M;N;O;P;R;S;T;U;V;W;X;Y;3;4
260,CERVICAL LAMINECTOMY WITH FUSION (EXCLUSIVE OF IMPLANT) 3-4 LEVELS - ORTHOPEDIC SURGERY,,CLINICAL SERVICES (PROF FEE),250000,300000,"August 31, 2023",adhoc,A;C;D;E;F;G;H;I;L;M;N;O;P;R;S;T;U;V;W;X;Y;3;4
332,CERVICAL LAMINOPLASTY 3-4 LEVELS - ANESTHESIOLOGY,,CLINICAL SERVICES (PROF FEE),80000,125000,"August 31, 2023",adhoc,A;C;E;G;H;I;L;M;N;O;P;R;S;T;V;Y;3;4
259,CERVICAL LAMINOPLASTY 3-4 LEVELS - ORTHOPEDIC SURGERY,,CLINICAL SERVICES (PROF FEE),200000,250000,"August 31, 2023",adhoc,A;C;D;E;G;H;I;L;M;N;O;P;R;S;T;U;V;Y;3;4
63,CERVICAL POLYPECTOMY WITH ECC - ANESTHESIOLOGY,,CLINICAL SERVICES (PROF FEE),5000,15000,"August 31, 2023",adhoc,A;C;E;G;H;I;L;M;N;O;P;R;S;T;V;W;Y
98,CERVICAL POLYPECTOMY WITH ECC - OBSTETRICS AND GYNECOLOGY,,CLINICAL SERVICES (PROF FEE),2000,30000,"August 31, 2023",adhoc,A;B;C;D;E;G;H;I;L;M;N;O;P;R;S;T;V;W;Y
89,CESAREAN SECTION - ANESTHESIOLOGY,,CLINICAL SERVICES (PROF FEE),12000,120000,"August 31, 2023",adhoc,A;C;E;G;H;I;L;N;O;R;S;T;Y
115,CESAREAN SECTION - OBSTETRICS AND GYNECOLOGY,,CLINICAL SERVICES (PROF FEE),18000,240000,"August 31, 2023",adhoc,A;B;C;D;E;G;I;L;N;O;R;S;T;Y
646,CHANGE OF TRACHEOSTOMY - EMERGENCY MEDICINE,,CLINICAL SERVICES (PROF FEE),1200,1200,"August 31, 2023",adhoc,A;C;D;E;F;G;H;I;M;N;O;R;S;T;Y
645,CHANGE OF TUBE- GATROSTOMY - EMERGENCY MEDICINE,,CLINICAL SERVICES (PROF FEE),1800,1800,"August 31, 2023",adhoc,A;B;C;D;E;F;G;H;I;M;N;O;R;S;T;U;Y
566,CHEEK AUGMENTATION 2 HOURS - SURGERY,,CLINICAL SERVICES (PROF FEE),45500,75500,"August 31, 2023",adhoc,A;C;E;G;H;I;K;M;N;O;R;S;T;U;Y;2
596,CHEMICAL/MECHANICAL PEELS - DERMATOLOGY,,CLINICAL SERVICES (PROF FEE),500,5000,"October 21, 2023",adhoc,A;C;D;E;G;H;I;L;M;N;O;P;R;S;T;Y
397,CHILD HERNIOTOMY - ANESTHESIOLOGY,,CLINICAL SERVICES (PROF FEE),14000,42500,"August 31, 2023",adhoc,A;C;D;E;G;H;I;L;M;N;O;R;S;T;Y
568,CHIN AUGMENTATION 1 HOUR - SURGERY,,CLINICAL SERVICES (PROF FEE),32500,62500,"August 31, 2023",adhoc,A;C;E;G;H;I;M;N;O;R;S;T;U;Y;1
570,CHIN REDUCTION 2 HOURS - SURGERY,,CLINICAL SERVICES (PROF FEE),58500,88500,"August 31, 2023",adhoc,C;D;E;G;H;I;N;O;R;S;T;U;Y;2
519,CLINIC CONSULTATION - SURGERY (COLORECTAL),,CLINICAL SERVICES (PROF FEE),1500,5000,"August 31, 2023",adhoc,A;C;E;G;I;L;N;O;R;S;T;U;Y
391,CLINIC CONSULTATION - SURGERY (GENERAL SURGERY),,CLINICAL SERVICES (PROF FEE),1000,5000,"August 31, 2023",adhoc,A;C;E;G;I;L;N;O;R;S;T;U;Y
719,CLINICAL & METABOLIC GENETICS - PEDIATRICS (OUTPATIENT CONSULTATIONS),,CLINICAL SERVICES (PROF FEE),2000,3500,"August 31, 2023",adhoc,A;B;C;D;E;G;I;L;M;N;O;P;R;S;T;U
312,CLOSED REDUCTION DISTAL RADIUS - ANESTHESIOLOGY,,CLINICAL SERVICES (PROF FEE),6000,20000,"August 31, 2023",adhoc,A;C;D;E;G;H;I;L;N;O;R;S;T;U;Y
245,CLOSED REDUCTION DISTAL RADIUS - ORTHOPEDIC SURGERY,,CLINICAL SERVICES (PROF FEE),15000,40000,"August 31, 2023",adhoc,A;C;D;E;G;H;I;L;N;O;P;R;S;T;U;Y
313,CLOSED REDUCTION DISTAL RADIUS WITH PINNING - ANESTHESIOLOGY,,CLINICAL SERVICES (PROF FEE),10000,25000,"August 31, 2023",adhoc,A;C;D;E;G;H;I;L;N;O;P;R;S;T;U;W;Y
246,CLOSED REDUCTION DISTAL RADIUS WITH PINNING - ORTHOPEDIC SURGERY,,CLINICAL SERVICES (PROF FEE),25000,50000,"August 31, 2023",adhoc,A;C;D;E;G;H;I;L;N;O;P;R;S;T;U;W;Y
688,CLOSED REDUCTION- CLAVICLE - EMERGENCY MEDICINE,,CLINICAL SERVICES (PROF FEE),3600,3600,"August 31, 2023",adhoc,A;C;D;E;G;I;L;M;N;O;R;S;T;U;V;Y
684,CLOSED REDUCTION- ELBOW - EMERGENCY MEDICINE,,CLINICAL SERVICES (PROF FEE),7200,7200,"August 31, 2023",adhoc,B;C;D;E;G;I;L;M;N;O;R;S;T;U;W;Y
203,CLOSED REDUCTION- ELBOW DISLOCATION - ANESTHESIOLOGY,,CLINICAL SERVICES (PROF FEE),4000,12500,"August 31, 2023",adhoc,A;B;C;D;E;G;H;I;L;N;O;R;S;T;U;W;Y
169,CLOSED REDUCTION- ELBOW DISLOCATION - ORTHOPEDIC SURGERY,,CLINICAL SERVICES (PROF FEE),10000,25000,"August 31, 2023",adhoc,A;B;C;D;E;G;H;I;L;N;O;P;R;S;T;U;W;Y
685,CLOSED REDUCTION- KNEE - EMERGENCY MEDICINE,,CLINICAL SERVICES (PROF FEE),7200,7200,"October 21, 2023",adhoc,C;D;E;G;I;K;L;M;N;O;R;S;T;U;Y
686,CLOSED REDUCTION- PATELLA - EMERGENCY MEDICINE,,CLINICAL SERVICES (PROF FEE),14400,14400,"August 31, 2023",adhoc,A;C;D;E;G;I;L;M;N;O;P;R;S;T;U;Y
207,CLOSED REDUCTION- PELVIC FRACTURE - ANESTHESIOLOGY,,CLINICAL SERVICES (PROF FEE),8000,15000,"August 31, 2023",adhoc,A;C;D;E;F;G;H;I;L;N;O;P;R;S;T;U;V;Y
173,CLOSED REDUCTION- PELVIC FRACTURE - ORTHOPEDIC SURGERY,,CLINICAL SERVICES (PROF FEE),20000,30000,"August 31, 2023",adhoc,A;C;D;E;F;G;H;I;L;N;O;P;R;S;T;U;V;Y
683,CLOSED REDUCTION- SHOULDER - EMERGENCY MEDICINE,,CLINICAL SERVICES (PROF FEE),7200,7200,"August 31, 2023",adhoc,C;D;E;G;H;I;L;M;N;O;R;S;T;U;Y
186,CLOSED REDUCTION- SHOULDER DISLOCATION - ANESTHESIOLOGY,,CLINICAL SERVICES (PROF FEE),4000,10000,"August 31, 2023",adhoc,A;C;D;E;G;H;I;L;N;O;R;S;T;U;Y
164,CLOSED REDUCTION- SHOULDER DISLOCATION - ORTHOPEDIC SURGERY,,CLINICAL SERVICES (PROF FEE),10000,20000,"August 31, 2023",adhoc,A;C;D;E;G;H;I;L;N;O;P;R;S;T;U;Y
687,CLOSED REDUCTION- TMJ - EMERGENCY MEDICINE,,CLINICAL SERVICES (PROF FEE),6000,6000,"August 31, 2023",adhoc,C;D;E;G;I;J;L;M;N;O;R;S;T;U;Y
501,CLOSED TUBE THORACOSTOMY - SURGERY,,CLINICAL SERVICES (PROF FEE),25000,70000,"August 31, 2023",adhoc,A;B;C;D;E;G;H;L;M;O;R;S;T;U;Y
637,CLOSED- TUBE THORACOSTOMY - EMERGENCY MEDICINE,,CLINICAL SERVICES (PROF FEE),11400,11400,"August 31, 2023",adhoc,A;B;C;D;E;G;H;I;L;M;N;O;R;S;T;U;Y
523,COLON RESECTION (LAPAROSCOPIC) - SURGERY,,CLINICAL SERVICES (PROF FEE),2000,300000,"August 31, 2023",adhoc,A;C;E;G;I;L;N;O;P;R;S;T;U;Y
520,COLON RESECTION (OPEN) - SURGERY,,CLINICAL SERVICES (PROF FEE),2000,250000,"August 31, 2023",adhoc,C;E;G;I;L;N;O;P;R;S;T;U;Y
376,COLONOSCOPY - ANESTHESIOLOGY,,CLINICAL SERVICES (PROF FEE),6000,10000,"August 31, 2023",adhoc,A;C;E;G;H;I;L;N;O;P;S;T;Y
608,COLONOSCOPY - GASTROENTEROLOGY,,CLINICAL SERVICES (PROF FEE),13440,33600,"August 31, 2023",adhoc,A;C;E;G;L;N;O;P;R;S;T;Y
775,COLONOSCOPY - PEDIATRICS (ADMISSIONS / REFERRALS / PROCEDURES),,CLINICAL SERVICES (PROF FEE),15000,20000,"October 23, 2023",adhoc,A;C;D;E;F;I;L;M;N;O;P;R;S;T;U;Y
530,COLOSTOMY/ENTEROSTOMY (LAPAROSCOPIC) - SURGERY,,CLINICAL SERVICES (PROF FEE),2000,200000,"August 31, 2023",adhoc,A;C;E;G;I;L;M;N;O;P;R;S;T;U;Y
528,COLOSTOMY/ENTEROSTOMY (OPEN) - SURGERY,,CLINICAL SERVICES (PROF FEE),2000,150000,"August 31, 2023",adhoc,C;E;G;L;M;N;O;P;R;S;T;U;Y
62,COLPOSCOPIC GUIDED CERVICAL BIOPSY - ANESTHESIOLOGY,,CLINICAL SERVICES (PROF FEE),5000,15000,"August 31, 2023",adhoc,A;B;C;D;E;G;H;I;L;N;O;P;R;S;T;U;V;Y
97,COLPOSCOPIC-GUIDED CERVICAL BIOPSY - OBSTETRICS AND GYNECOLOGY,,CLINICAL SERVICES (PROF FEE),5000,30000,"August 31, 2023",adhoc,A;B;C;D;E;G;I;L;N;O;P;R;S;T;U;V;Y
574,COMPLETE DENTURE SET - DENTAL MEDICINE (PROSTHODONTIC),,CLINICAL SERVICES (PROF FEE),110000,110000,"August 31, 2023",adhoc,A;C;D;E;H;I;L;M;N;O;P;R;S;T;U
83,COMPLETION CURETTAGE - ANESTHESIOLOGY,,CLINICAL SERVICES (PROF FEE),5000,40000,"August 31, 2023",adhoc,A;C;E;G;H;I;L;M;N;O;P;R;S;T;U;Y
110,COMPLETION CURETTAGE - OBSTETRICS AND GYNECOLOGY,,CLINICAL SERVICES (PROF FEE),5000,80000,"August 31, 2023",adhoc,A;B;C;D;E;G;I;L;M;N;O;P;R;S;T;U;Y
455,COMPOSITE RESTORATION - DENTAL MEDICINE - GENERAL DENTISTRY,,CLINICAL SERVICES (PROF FEE),2000,5000,"August 31, 2023",adhoc,A;C;D;E;G;I;L;M;N;O;P;R;S;T;Y
763,COMPREHENSIVE ADOLESCENT ASSESSMENT - PEDIATRICS,,CLINICAL SERVICES (PROF FEE),5000,5000,"October 23, 2023",adhoc,A;C;D;E;H;I;L;M;N;O;P;R;S;T;V
326,CONGENITAL HIP DISLOCATION SURGERY WITH OSTEOTOMY - ANESTHESIOLOGY,,CLINICAL SERVICES (PROF FEE),40000,75000,"August 31, 2023",adhoc,A;C;D;E;G;H;I;L;M;N;O;P;R;S;T;U;W;Y
252,CONGENITAL HIP DISLOCATION SURGERY WITH OSTEOTOMY - ORTHOPEDIC SURGERY,,CLINICAL SERVICES (PROF FEE),100000,150000,"August 31, 2023",adhoc,A;C;D;E;G;H;I;L;M;N;O;P;R;S;T;U;W;Y
664,CONSULTATION - NUCLEAR MEDICINE,,CLINICAL SERVICES (PROF FEE),1000,2000,"October 21, 2023",adhoc,A;C;D;E;I;L;M;N;O;R;S;T;U
92,CONSULTATION - OFFICE PROCEDURE - OBSTETRICS AND GYNECOLOGY,,CLINICAL SERVICES (PROF FEE),300,3000,"August 31, 2023",adhoc,A;B;C;D;E;F;G;I;L;N;O;P;R;S;T;U;Y
615,CONSULTATION FEE (ACUTE AND CRITICAL HMO) - EMERGENCY MEDICINE,,CLINICAL SERVICES (PROF FEE),800,800,"August 31, 2023",adhoc,A;C;D;E;F;G;H;I;L;M;N;O;R;S;T;U;Y
617,CONSULTATION FEE (ACUTE AND CRITICAL PRIVATE) - EMERGENCY MEDICINE,,CLINICAL SERVICES (PROF FEE),1000,1000,"August 31, 2023",adhoc,A;C;D;E;F;G;I;L;M;N;O;P;R;S;T;U;V;Y
655,CONSULTATION FEE (FOLLOW UP) - ONCOLOGY,,CLINICAL SERVICES (PROF FEE),1200,1800,"August 31, 2023",adhoc,A;C;E;F;G;I;L;N;O;P;S;T;U;W;Y
654,CONSULTATION FEE (NEW PATIENT) - ONCOLOGY,,CLINICAL SERVICES (PROF FEE),2000,3000,"August 31, 2023",adhoc,A;C;E;F;G;I;L;N;O;P;S;T;U;W;Y
612,CONSULTATION FEE (PRIMARY HMO) - EMERGENCY MEDICINE,,CLINICAL SERVICES (PROF FEE),500,500,"August 31, 2023",adhoc,A;C;D;E;F;G;H;I;L;M;N;O;P;R;S;T;U;Y
614,CONSULTATION FEE (PRIVATE) - EMERGENCY MEDICINE,,CLINICAL SERVICES (PROF FEE),800,800,"August 31, 2023",adhoc,A;C;D;E;F;G;I;L;M;N;O;P;R;S;T;U;V;Y
453,CONSULTATION FEE - DENTAL MEDICINE (GENERAL DENTISTRY),,CLINICAL SERVICES (PROF FEE),1000,2000,"August 31, 2023",adhoc,A;C;D;E;F;G;I;L;M;N;O;R;S;T;U;Y
90,CONSULTATION FEE - DENTAL MEDICINE (GENERAL DENTISTRY),,CLINICAL SERVICES (PROF FEE),1000,2000,"August 31, 2023",adhoc,A;C;D;E;F;G;I;L;M;N;O;R;S;T;U;Y
276,CONSULTATION FEE - OTORHINOLARYNGOLOGY,,CLINICAL SERVICES (PROF FEE),1000,2000,"August 31, 2023",adhoc,A;C;E;F;G;H;I;L;N;O;R;S;T;U;Y
697,CONSULTATION OUTPATIENT - CARDIOLOGY,,CLINICAL SERVICES (PROF FEE),1000,4000,"August 31, 2023",adhoc,A;C;D;E;G;I;L;N;O;P;R;S;T;U;Y
370,CONTRAST PROCEDURE (ARTHROGRAM- FISTULOGRAM) - RADIOLOGY,,CLINICAL SERVICES (PROF FEE),10000,35000,"August 31, 2023",adhoc,A;C;D;E;F;G;H;I;L;M;N;O;P;R;S;T;U;Y
299,CORE NEEDLE BIOPSY - ANESTHESIOLOGY,,CLINICAL SERVICES (PROF FEE),2000,7500,"August 31, 2023",adhoc,A;B;C;D;E;G;H;I;L;N;O;P;R;S;T;Y
225,CORE NEEDLE BIOPSY - ORTHOPEDIC SURGERY,,CLINICAL SERVICES (PROF FEE),5000,15000,"August 31, 2023",adhoc,B;C;D;E;G;H;I;L;N;O;P;R;S;T;U;Y
706,CORONARY ANGIOGRAM - CARDIOLOGY,,CLINICAL SERVICES (PROF FEE),25000,40000,"August 31, 2023",adhoc,A;C;D;G;I;L;M;N;O;R;Y
707,CORONARY ANGIOPLASTY [SINGLE VESSEL- SINGLE BALLOON/ SINGLE STENT- NON-EMERGENCY - CARDIOLOGY,,CLINICAL SERVICES (PROF FEE),180000,250000,"August 31, 2023",adhoc,A;B;C;D;E;G;I;L;M;N;O;P;R;S;T;V;Y
491,CORONARY ARTERY BYPASS GRAFT - SURGERY,,CLINICAL SERVICES (PROF FEE),550000,900000,"August 31, 2023",adhoc,A;B;C;E;F;G;N;O;P;R;S;T;U;Y
700,CORONARY ARTERY DISEASE INPATIENT PER DAY - CARDIOLOGY,,CLINICAL SERVICES (PROF FEE),3000,15000,"August 31, 2023",adhoc,A;C;D;E;G;I;L;N;O;P;R;S;T;Y
498,CORRECTION OF CONGENITAL HEART DEFECTS - SURGERY,,CLINICAL SERVICES (PROF FEE),550000,900000,"August 31, 2023",adhoc,A;C;D;E;F;G;H;I;L;N;O;R;S;T;U;Y
693,COVID SWAB - EMERGENCY MEDICINE,,CLINICAL SERVICES (PROF FEE),1200,1200,"August 31, 2023",adhoc,A;B;C;D;E;G;I;M;N;O;R;S;V;W;Y
761,COVID WARD - CARDIOLOGY,,CLINICAL SERVICES (PROF FEE),4500,9000,"October 23, 2023",adhoc,A;C;D;G;I;L;O;R;V;W;Y
29,COVID WARD: CRITICAL - PULMONARY MEDICINE,,CLINICAL SERVICES (PROF FEE),5000,7000,"August 31, 2023",adhoc,A;C;D;E;I;L;M;N;O;P;R;T;U;V;W;Y
27,COVID WARD: MODERATE - PULMONARY MEDICINE,,CLINICAL SERVICES (PROF FEE),3000,5000,"August 31, 2023",adhoc,A;C;D;E;I;L;M;N;O;P;R;T;U;V;W;Y
28,COVID WARD: SEVERE - PULMONARY MEDICINE,,CLINICAL SERVICES (PROF FEE),4000,6000,"August 31, 2023",adhoc,A;C;D;E;I;L;M;N;O;P;R;S;U;V;W;Y
492,CREATION OF PLEURO-PERICARDIAL WINDOW - SURGERY,,CLINICAL SERVICES (PROF FEE),50000,95000,"August 31, 2023",adhoc,A;C;D;E;F;G;I;L;N;O;P;R;S;T;U;W;Y
630,CRICOTHYROTOMY - EMERGENCY MEDICINE,,CLINICAL SERVICES (PROF FEE),10200,10200,"August 31, 2023",adhoc,C;D;E;G;H;I;M;N;O;R;T;Y
624,CRITICAL CARE STABILIZATION (CPR ONLY) - EMERGENCY MEDICINE,,CLINICAL SERVICES (PROF FEE),2400,2400,"August 31, 2023",adhoc,A;B;C;D;E;G;I;L;M;N;O;P;R;S;T;Y;Z
622,CRITICAL CARE STABILIZATION (CPR- ETC.) - EMERGENCY MEDICINE,,CLINICAL SERVICES (PROF FEE),7200,7200,"August 31, 2023",adhoc,A;B;C;D;E;G;I;L;M;N;O;P;R;S;T;Y;Z
598,CRYOTHERAPY - DERMATOLOGY,,CLINICAL SERVICES (PROF FEE),800,5000,"October 21, 2023",adhoc,A;C;D;E;G;H;L;M;O;P;R;T;Y
91,CS HYSTERECTOMY - ANESTHESIOLOGY,,CLINICAL SERVICES (PROF FEE),20000,200000,"August 31, 2023",adhoc,A;C;E;G;H;I;L;M;N;O;R;S;T;Y
116,CS HYSTERECTOMY - OBSTETRICS & GYNECOLOGY,,CLINICAL SERVICES (PROF FEE),50000,400000,"October 20, 2023",adhoc,B;C;E;G;H;I;L;M;N;O;R;S;T;Y
452,CUFFED CHRONIC CATH (PERMCATH) - SURGERY,,CLINICAL SERVICES (PROF FEE),45000,65000,"August 31, 2023",adhoc,A;C;D;E;F;G;H;I;M;N;O;P;R;S;T;U;Y
422,CUFFED CHRONIC CATH (PERMCATH)- ANESTHESIOLOGY,,CLINICAL SERVICES (PROF FEE),18000,32500,"August 31, 2023",adhoc,A;C;D;E;F;G;H;I;L;M;N;O;P;R;S;T;U;Y
444,CYSTO DOUBLE J - ANESTHESIOLOGY,,CLINICAL SERVICES (PROF FEE),1000,40000,"August 31, 2023",adhoc,A;B;C;D;E;G;H;I;J;L;N;O;S;T;U;Y
478,CYSTO DOUBLE J - SURGERY,,CLINICAL SERVICES (PROF FEE),2000,80000,"August 31, 2023",adhoc,B;C;D;E;G;J;L;O;R;S;T;U;Y
618,DAILY RATE BEYOND 24 HR - EMERGENCY MEDICINE,,CLINICAL SERVICES (PROF FEE),1000,1000,"August 31, 2023",adhoc,A;B;C;D;E;G;H;I;L;M;N;O;R;T;Y;2;4
117,DEBRIDEMENT FOR OPEN WOUNDS OR INFECTION (PER SESSION) - ANESTHESIOLOGY,,CLINICAL SERVICES (PROF FEE),3200,10000,"August 31, 2023",adhoc,A;B;C;D;E;F;G;H;I;L;M;N;O;P;R;S;T;U;W;Y
135,DEBRIDEMENT FOR OPEN WOUNDS OR INFECTION (PER SESSION) - ORTHOPEDIC SURGERY,,CLINICAL SERVICES (PROF FEE),8000,20000,"September 01, 2023",adhoc,B;C;D;E;F;G;H;I;M;N;O;P;R;S;T;U;W;Y
296,DEBRIDEMENT OF DEEP SPACE ABSCESS 25-40 K - ANESTHESIOLOGY,,CLINICAL SERVICES (PROF FEE),12000,25000,"August 31, 2023",adhoc,A;B;C;D;E;F;G;H;I;K;L;M;N;O;P;R;S;T;Y;0;2;4;5
215,DEBRIDEMENT OF DEEP SPACE ABSCESS 25-40 K - ORTHOPEDIC SURGERY,,CLINICAL SERVICES (PROF FEE),30000,50000,"August 31, 2023",adhoc,A;B;C;D;E;F;G;H;I;K;M;N;O;P;R;S;T;U;Y;0;2;4;5
295,DEBRIDEMENT OF SEPTIC TENOSYNOVITIS - ANESTHESIOLOGY,,CLINICAL SERVICES (PROF FEE),12000,25000,"August 31, 2023",adhoc,A;B;C;D;E;F;G;H;I;L;M;N;O;P;R;S;T;V;Y
213,DEBRIDEMENT OF SEPTIC TENOSYNOVITIS - ORTHOPEDIC SURGERY,,CLINICAL SERVICES (PROF FEE),30000,50000,"August 31, 2023",adhoc,B;C;D;E;F;G;H;I;M;N;O;P;R;S;T;U;V;Y
297,DEBRIDEMENT PARONYCHIA (LOCAL ANESTH) - ANESTHESIOLOGY,,CLINICAL SERVICES (PROF FEE),6000,12500,"August 31, 2023",adhoc,A;B;C;D;E;G;H;I;L;M;N;O;P;R;S;T;Y
217,DEBRIDEMENT PARONYCHIA (LOCAL ANESTH) - ORTHOPEDIC SURGERY,,CLINICAL SERVICES (PROF FEE),15000,25000,"August 31, 2023",adhoc,A;B;C;D;E;G;H;I;L;M;N;O;P;R;S;T;U;Y
557,DENTAL IMPLANT BODY (DEPENDING ON IMPLANT SYSTEM USED) - DENTAL MEDICINE (PERIODONTIC),,CLINICAL SERVICES (PROF FEE),50000,75000,"August 31, 2023",adhoc,A;B;C;D;E;G;I;L;M;N;O;P;R;S;T;U;Y
565,DENTAL X-RAY/RADIOGRAPH - DENTAL MEDICINE (ENDODONTIC),,CLINICAL SERVICES (PROF FEE),500,500,"August 31, 2023",adhoc,A;C;D;E;G;H;I;L;M;N;O;P;R;T;X;Y
456,DENTAL X-RAY/RADIOGRAPH - DENTAL MEDICINE (GENERAL DENTISTRY),,CLINICAL SERVICES (PROF FEE),400,500,"August 31, 2023",adhoc,A;C;D;E;G;H;I;L;M;N;O;P;R;S;T;X;Y
610,DERMOSCOPY - DERMATOLOGY,,CLINICAL SERVICES (PROF FEE),2500,5000,"August 31, 2023",adhoc,A;C;D;E;G;L;M;O;P;R;S;T;Y
764,DEVELOPMENTAL PEDIATRICS 1ST CONSULT - PEDIATRICS,,CLINICAL SERVICES (PROF FEE),4000,5000,"October 23, 2023",adhoc,A;C;D;E;I;L;M;N;O;P;R;S;T;U;V;1
765,DEVELOPMENTAL PEDIATRICS SUCCEEDING CONSULTS - PEDIATRICS,,CLINICAL SERVICES (PROF FEE),2000,2500,"October 23, 2023",adhoc,A;C;D;E;G;I;L;M;N;O;P;R;S;T;U;V
50,EBUS - ANESTHESIOLOGY,,CLINICAL SERVICES (PROF FEE),16000,25000,"September 01, 2023",adhoc,A;B;E;G;H;I;L;N;O;S;T;U;Y
35,EBUS - PULMONARY MEDICINE,,CLINICAL SERVICES (PROF FEE),40000,50000,"September 01, 2023",adhoc,A;B;C;D;E;I;L;M;N;O;P;R;S;U;Y
659,ED - ONCOLOGY,,CLINICAL SERVICES (PROF FEE),1500,2000,"September 01, 2023",adhoc,C;D;E;G;L;N;O;Y
81,EHBSO WITH BLND - ANESTHESIOLOGY,,CLINICAL SERVICES (PROF FEE),40000,200000,"September 01, 2023",adhoc,A;B;D;E;G;H;I;L;N;O;S;T;W;Y
109,EHBSO WITH BLND - OBSTETRICS & GYNECOLOGY,,CLINICAL SERVICES (PROF FEE),100000,400000,"September 01, 2023",adhoc,B;C;D;E;G;H;I;L;N;O;R;S;T;W;Y
597,ELECTROCAUTERY - DERMATOLOGY,,CLINICAL SERVICES (PROF FEE),500,5000,"October 21, 2023",adhoc,A;C;D;E;G;L;M;O;R;T;U;Y
76,ELECTROCONVULSIVE THERAPY (ECT) CONSULTANTS FEE - NEUROLOGICAL SCIENCES,,CLINICAL SERVICES (PROF FEE),5000,7000,"September 01, 2023",adhoc,A;C;E;F;G;H;I;L;N;O;P;R;S;T;U;V;Y
690,EMERGENCY CIRCUMCISION - EMERGENCY MEDICINE,,CLINICAL SERVICES (PROF FEE),1800,1800,"September 01, 2023",adhoc,C;D;E;G;I;M;N;O;R;S;U;Y
766,ENDOCRINOLOGY - PEDIATRICS,,CLINICAL SERVICES (PROF FEE),1000,2500,"October 23, 2023",adhoc,A;C;D;E;G;I;L;N;O;P;R;S;T;Y
64,ENDOMETRIAL BIOPSY - ANESTHESIOLOGY,,CLINICAL SERVICES (PROF FEE),5000,15000,"September 01, 2023",adhoc,A;B;D;E;G;H;I;L;M;N;O;P;R;S;T;Y
99,ENDOMETRIAL BIOPSY - OBSTETRICS & GYNECOLOGY,,CLINICAL SERVICES (PROF FEE),2000,30000,"September 01, 2023",adhoc,A;B;C;D;E;G;I;L;M;N;O;P;R;S;T;Y
579,ENDOSCOPIC FOREHEAD WITH BROW LIFT 2 HOURS - SURGERY,,CLINICAL SERVICES (PROF FEE),104000,134000,"September 01, 2023",adhoc,A;B;C;D;E;F;G;H;I;L;N;O;P;R;S;T;U;W;Y;2
355,ENDOSCOPIC PLANTAR FASCIAL RELEASE - ANESTHESIOLOGY,,CLINICAL SERVICES (PROF FEE),18000,30000,"September 01, 2023",adhoc,A;C;D;E;F;G;H;I;L;N;O;P;R;S;T;Y
274,ENDOSCOPIC PLANTAR FASCIAL RELEASE - ORTHOPEDIC SURGERY,,CLINICAL SERVICES (PROF FEE),45000,60000,"September 01, 2023",adhoc,A;C;D;E;F;G;H;I;L;N;O;P;R;S;T;U;Y
338,ENDOSCOPIC SPINE SURGERY 1-LEVEL - ANESTHESIOLOGY,,CLINICAL SERVICES (PROF FEE),40000,75000,"September 01, 2023",adhoc,A;C;D;E;G;H;I;L;N;O;P;R;S;T;U;V;Y;1
262,ENDOSCOPIC SPINE SURGERY 1-LEVEL - ORTHOPEDIC SURGERY,,CLINICAL SERVICES (PROF FEE),100000,150000,"September 01, 2023",adhoc,C;D;E;G;H;I;L;N;O;P;R;S;T;U;V;Y;1
704,EPS AND ABLATION - CARDIOLOGY,,CLINICAL SERVICES (PROF FEE),150000,250000,"September 01, 2023",adhoc,A;B;C;D;E;G;I;L;N;O;P;R;S;T;Y
607,ESOPHAGOGASTRODUODENOSCOPY - GASTROENTEROLOGY,,CLINICAL SERVICES (PROF FEE),10080,25200,"September 01, 2023",adhoc,A;C;D;E;G;H;L;N;O;P;R;S;T;U;Y
679,EVACUATION OF SUBUNGUAL HEMATOMA - EMERGENCY MEDICINE,,CLINICAL SERVICES (PROF FEE),1200,1200,"September 01, 2023",adhoc,A;B;C;D;E;F;G;H;I;L;M;N;O;R;S;T;U;V;Y
604,EXCISION - DERMATOLOGY,,CLINICAL SERVICES (PROF FEE),1000,15000,"August 31, 2023",adhoc,A;C;D;E;G;I;L;M;N;O;R;S;T;X;Y
576,EXCISION 1 HOUR - SURGERY,,CLINICAL SERVICES (PROF FEE),13000,43000,"September 01, 2023",adhoc,C;E;G;H;I;N;O;R;S;U;X;Y;1
287,EXCISION GANGLION (LOCAL ANESTH) - ANESTHESIOLOGY,,CLINICAL SERVICES (PROF FEE),6000,12500,"September 01, 2023",adhoc,A;C;E;G;H;I;L;N;O;S;T;X;Y
200,EXCISION GANGLION (LOCAL ANESTH) - ORTHOPEDIC SURGERY,,CLINICAL SERVICES (PROF FEE),15000,25000,"September 01, 2023",adhoc,A;C;D;E;G;H;I;L;N;O;P;R;S;T;U;X;Y
497,EXCISION OF CARDIAC TUMOR - SURGERY,,CLINICAL SERVICES (PROF FEE),550000,900000,"September 01, 2023",adhoc,A;C;D;E;F;G;I;M;N;O;R;S;T;U;X;Y
345,EXCISION OF EXOSTOSIS- ACHILLES TENDON RE-ATTACHMENT - ANESTHESIOLOGY,,CLINICAL SERVICES (PROF FEE),32000,50000,"September 01, 2023",adhoc,A;C;D;E;F;G;H;I;L;M;N;O;R;S;T;X;Y
268,EXCISION OF EXOSTOSIS- ACHILLES TENDON RE-ATTACHMENT - ORTHOPEDIC SURGERY,,CLINICAL SERVICES (PROF FEE),80000,100000,"September 01, 2023",adhoc,A;C;D;E;F;G;H;I;L;M;N;O;P;R;S;T;U;X;Y
199,EXCISION OF GCT OF TENDON SHEATH ( LOCAL ANESTH) - ORTHOPEDIC SURGERY,,CLINICAL SERVICES (PROF FEE),30000,45000,"September 01, 2023",adhoc,A;C;D;E;F;G;H;I;L;N;O;P;R;S;T;U;X;Y
285,EXCISION OF GCT OF TENDON SHEATH ( LOCALANESTH) - ANESTHESIOLOGY,,CLINICAL SERVICES (PROF FEE),12000,22500,"October 21, 2023",adhoc,A;C;D;E;F;G;H;I;L;N;O;S;T;X;Y
678,EXCISION OF NAIL- PARTIAL/ COMPLETE - EMERGENCY MEDICINE,,CLINICAL SERVICES (PROF FEE),1200,1200,"September 01, 2023",adhoc,A;C;D;E;F;G;I;L;M;N;O;P;R;S;T;X;Y
80,EXLAP WITH ADNEXECTOMY - ANESTHESIOLOGY,,CLINICAL SERVICES (PROF FEE),12000,100000,"September 01, 2023",adhoc,A;C;D;E;G;H;I;L;M;N;O;P;S;T;W;X;Y
108,EXLAP WITH ADNEXECTOMY - OBSTETRICS & GYNECOLOGY,,CLINICAL SERVICES (PROF FEE),15000,200000,"September 01, 2023",adhoc,A;B;C;D;E;G;H;I;L;M;N;O;P;R;S;T;W;X;Y
293,EXTENSOR TENDON REPAIR PER FINGER - ANESTHESIOLOGY,,CLINICAL SERVICES (PROF FEE),10000,20000,"September 01, 2023",adhoc,A;D;E;F;G;H;I;L;N;O;P;R;S;T;X;Y
208,EXTENSOR TENDON REPAIR PER FINGER - ORTHOPEDIC SURGERY,,CLINICAL SERVICES (PROF FEE),25000,40000,"September 01, 2023",adhoc,A;C;D;E;F;G;H;I;N;O;P;R;S;T;U;X;Y
161,EXTERNAL FIXATION DISTAL RADIUS FRACTURE (WITH COBRA FIXATOR) - ANESTHESIOLOGY,,CLINICAL SERVICES (PROF FEE),10000,25000,"September 01, 2023",adhoc,A;B;C;D;E;F;G;H;I;L;N;O;R;S;T;U;W;X;Y
148,EXTERNAL FIXATION DISTAL RADIUS FRACTURE (WITH COBRA FIXATOR) - ORTHOPEDIC SURGERY,,CLINICAL SERVICES (PROF FEE),25000,50000,"September 01, 2023",adhoc,A;B;C;D;E;F;G;H;I;L;N;O;P;R;S;T;U;W;X;Y
12,EXTRA-ORAL/SUBMANDIBULAR/SUBMENTAL - ANESTHESIOLOGY,,CLINICAL SERVICES (PROF FEE),6000,25000,"August 31, 2023",adhoc,A;B;D;E;G;H;I;L;M;N;O;R;S;T;U;X;Y
489,EXTRA-ORAL/SUBMANDIBULAR/SUBMENTAL INCISION AND DRAINAGE - DENTAL MEDICINE (ORAL MAXILLO FACIAL SURGERY),,CLINICAL SERVICES (PROF FEE),15000,50000,"August 31, 2023",adhoc,A;B;C;D;E;F;G;I;L;M;N;O;R;S;T;U;X;Y
532,EXTRACTION - DENTAL MEDICINE (PEDIATRIC),,CLINICAL SERVICES (PROF FEE),2000,10000,"August 31, 2023",adhoc,A;C;D;E;I;L;M;N;O;P;R;T;X
600,FACELIFT 2 HOURS - SURGERY,,CLINICAL SERVICES (PROF FEE),104000,124000,"September 01, 2023",adhoc,A;C;E;F;G;H;I;L;O;R;S;T;U;Y;2
583,FAT TRANSPLANT - SURGERY,,CLINICAL SERVICES (PROF FEE),32500,95000,"September 01, 2023",adhoc,A;E;F;G;L;N;P;R;S;T;U;Y
580,FIXED PARTIAL DENTURES - DENTAL MEDICINE (PROSTHODONTIC),,CLINICAL SERVICES (PROF FEE),22000,30000,"August 31, 2023",adhoc,A;C;D;E;F;H;I;L;M;N;O;P;R;S;T;U;X
373,FLEXIBLE NASOPHARYNGOSCOPY - ANESTHESIOLOGY,,CLINICAL SERVICES (PROF FEE),2000,5000,"September 01, 2023",adhoc,A;B;C;E;F;G;H;I;L;N;O;P;R;S;T;X;Y
281,FLEXIBLE NASOPHARYNGOSCOPY - OTORHINOLARYNGOLOGY,,CLINICAL SERVICES (PROF FEE),5000,10000,"September 01, 2023",adhoc,A;B;C;E;F;G;H;I;L;N;O;P;R;S;T;X;Y
291,FLEXOR TENDON REPAIR PER FINGER - ANESTHESIOLOGY,,CLINICAL SERVICES (PROF FEE),12000,25000,"September 01, 2023",adhoc,A;D;E;F;G;H;I;L;N;O;P;R;S;T;X;Y
202,FLEXOR TENDON REPAIR PER FINGER - ORTHOPEDIC SURGERY,,CLINICAL SERVICES (PROF FEE),30000,50000,"September 01, 2023",adhoc,A;C;D;E;F;G;H;I;L;N;O;P;R;S;T;U;X;Y
48,FLOUROSCOPIC GUIDED LUNG BIOPSY - ANESTHESIOLOGY,,CLINICAL SERVICES (PROF FEE),10000,20000,"September 01, 2023",adhoc,A;B;C;D;E;F;G;H;I;L;N;O;P;R;S;T;U;Y
33,FLOUROSCOPIC GUIDED LUNG BIOPSY - PULMONARY MEDICINE,,CLINICAL SERVICES (PROF FEE),25000,30000,"September 01, 2023",adhoc,A;B;C;D;E;F;G;I;L;M;N;O;P;R;S;U;Y
286,FNAB - OTORHINOLARYNGOLOGY,,CLINICAL SERVICES (PROF FEE),5000,8000,"September 01, 2023",adhoc,A;B;F;G;H;I;L;N;O;R;T;Y
122,FOCAL RETINAL LASER PHOTOCOAGULATION - OPHTHALMOLOGY,,CLINICAL SERVICES (PROF FEE),10000,20000,"September 01, 2023",adhoc,A;C;E;F;G;H;I;L;M;N;O;P;R;S;T;U;Y
712,FOLLOW UP - ENDOCRINOLOGY,,CLINICAL SERVICES (PROF FEE),800,2000,"September 01, 2023",adhoc,C;D;E;F;G;I;L;N;O;P;R;U;W;Y
156,FOOT & ANKLE ARTHROSCOPY - ANESTHESIOLOGY,,CLINICAL SERVICES (PROF FEE),20000,45000,"September 01, 2023",adhoc,A;C;E;F;G;H;I;K;L;N;O;P;R;S;T;Y
144,FOOT & ANKLE ARTHROSCOPY - ORTHOPEDIC SURGERY,,CLINICAL SERVICES (PROF FEE),50000,90000,"September 01, 2023",adhoc,A;C;D;E;F;G;H;I;K;L;N;O;P;R;S;T;U;Y
581,FOREHEAD LIFT WITH BROW LIFT - SURGERY,,CLINICAL SERVICES (PROF FEE),104000,134000,"September 01, 2023",adhoc,A;B;D;E;F;G;H;I;L;O;R;S;T;U;W;Y
674,FOREIGN BODY REMOVAL - EMERGENCY MEDICINE,,CLINICAL SERVICES (PROF FEE),1200,1200,"September 01, 2023",adhoc,A;B;C;D;E;F;G;I;L;M;N;O;R;V;Y
675,FOREIGN BODY REMOVAL- EXT. EYE - EMERGENCY MEDICINE,,CLINICAL SERVICES (PROF FEE),1200,1200,"September 01, 2023",adhoc,A;B;C;D;E;F;G;I;L;M;N;O;R;T;V;X;Y
304,FOREQUARTER- HINDQUARTER AMPUTATION - ANESTHESIOLOGY,,CLINICAL SERVICES (PROF FEE),36000,75000,"September 01, 2023",adhoc,A;D;E;F;G;H;I;L;M;N;O;P;Q;R;S;T;U;Y
233,FOREQUARTER- HINDQUARTER AMPUTATION - ORTHOPEDIC SURGERY,,CLINICAL SERVICES (PROF FEE),90000,150000,"September 01, 2023",adhoc,A;C;D;E;F;G;H;I;M;N;O;P;Q;R;S;T;U;Y
377,GASTRO/COLO - ANESTHESIOLOGY,,CLINICAL SERVICES (PROF FEE),12000,15000,"October 21, 2023",adhoc,A;C;E;G;H;I;L;N;O;R;S;T;Y
1,GASTRO/COLO - PEDIATRICS,,CLINICAL SERVICES (PROF FEE),30000,30000,"September 01, 2023",adhoc,A;C;D;E;G;I;L;O;P;R;S;T
767,GASTROENTEROLOGY - PEDIATRICS (OUTPATIENT CONSULTATIONS),,CLINICAL SERVICES (PROF FEE),1500,2000,"October 23, 2023",adhoc,A;C;D;E;G;I;L;N;O;P;R;S;T;U;Y
375,GASTROSCOPY - ANESTHESIOLOGY,,CLINICAL SERVICES (PROF FEE),4800,7500,"September 01, 2023",adhoc,A;C;E;G;H;I;L;N;O;P;R;S;T;Y
774,GASTROSCOPY - PEDIATRICS (ADMISSIONS / REFERRALS / PROCEDURES),,CLINICAL SERVICES (PROF FEE),12000,15000,"October 23, 2023",adhoc,A;C;D;E;F;G;I;L;M;N;O;P;R;S;T;U;Y
2,GENERAL PEDIATRICS - PEDIATRICS,,CLINICAL SERVICES (PROF FEE),500,1000,"September 01, 2023",adhoc,A;C;D;E;G;I;L;N;P;R;S;T
514,GUIDED BONE REGENERATION - DENTAL MEDICINE (ORAL MAXILLO FACIAL SURGERY),,CLINICAL SERVICES (PROF FEE),75000,100000,"August 31, 2023",adhoc,A;B;C;D;E;F;G;I;L;M;N;O;R;S;T;U;X;Y
18,GUIDED BONE REGENERATION PER AREA - ANESTHESIOLOGY,,CLINICAL SERVICES (PROF FEE),30000,50000,"September 01, 2023",adhoc,A;B;D;E;G;H;I;L;N;O;P;R;S;T;U;Y
631,HEMATOLOGY CLEARANCE - HEMATOLOGY,,CLINICAL SERVICES (PROF FEE),1000,3000,"September 01, 2023",adhoc,A;C;E;G;H;L;M;N;O;R;T;Y
721,HEMATOLOGY/ONCOLOGY - PEDIATRICS (OUTPATIENT CONSULTATIONS),,CLINICAL SERVICES (PROF FEE),800,2500,"October 23, 2023",adhoc,A;C;D;E;G;H;I;L;M;N;O;P;R;S;T;U;Y
649,HEMODIALYSIS/HEMODIAFILTRATION/HEMOPERFUSION/PERITONEAL DIALYSIS INP FEE - NEPHROLOGY,,CLINICAL SERVICES (PROF FEE),1700,35000,"September 01, 2023",adhoc,A;D;E;F;G;H;I;L;M;N;O;P;R;S;T;U;Y
647,HEMODIALYSIS/HEMODIAFILTRATION/HEMOPERFUSION/PERITONEAL DIALYSIS OUP FEE - NEPHROLOGY,,CLINICAL SERVICES (PROF FEE),1000,3000,"September 01, 2023",adhoc,A;D;E;F;G;H;I;L;M;N;O;P;R;S;T;U;Y
537,HEMORRHOIDECTOMY - SURGERY,,CLINICAL SERVICES (PROF FEE),2000,80000,"September 01, 2023",adhoc,C;D;E;G;H;I;M;O;R;S;T;U;Y
389,HEMORRHOIDECTOMY SIMPLE - ANESTHESIOLOGY,,CLINICAL SERVICES (PROF FEE),100,45000,"September 01, 2023",adhoc,A;C;D;E;G;H;I;L;M;N;O;P;R;S;T;Y
413,HEMORRHOIDECTOMY SIMPLE - SURGERY,,CLINICAL SERVICES (PROF FEE),62500,87500,"September 01, 2023",adhoc,C;D;E;G;H;I;L;M;O;P;R;S;T;U;Y
447,HERNIA - ANESTHESIOLOGY,,CLINICAL SERVICES (PROF FEE),1000,75000,"September 01, 2023",adhoc,A;E;G;H;I;L;N;O;R;S;T;Y
481,HERNIA - SURGERY,,CLINICAL SERVICES (PROF FEE),2000,150000,"September 01, 2023",adhoc,A;E;G;H;I;N;R;S;U;Y
419,HERNIOTOMY- CHILD - SURGERY,,CLINICAL SERVICES (PROF FEE),35000,85000,"September 01, 2023",adhoc,C;D;E;G;H;I;L;M;N;O;R;S;T;U;Y
420,HERNIOTOMY- NEONATE - SURGERY,,CLINICAL SERVICES (PROF FEE),65000,95000,"September 01, 2023",adhoc,A;E;G;H;I;M;N;O;R;S;T;U;Y
648,HYDRATION - EMERGENCY MEDICINE,,CLINICAL SERVICES (PROF FEE),600,600,"September 01, 2023",adhoc,A;C;D;E;G;H;I;M;N;O;R;T;Y
408,HYDROCELECTOMY - ANESTHESIOLOGY,,CLINICAL SERVICES (PROF FEE),14000,45000,"September 01, 2023",adhoc,A;C;D;E;G;H;I;L;M;N;O;R;S;T;Y
438,HYDROCELECTOMY - SURGERY,,CLINICAL SERVICES (PROF FEE),35000,90000,"September 01, 2023",adhoc,C;D;E;G;H;L;M;O;R;S;T;U;Y
67,HYSTERESCOPY WITH RESECTION - ANESTHESIOLOGY,,CLINICAL SERVICES (PROF FEE),6000,60000,"September 01, 2023",adhoc,A;C;E;G;H;I;L;N;O;P;R;S;T;W;Y
72,HYSTEROGRAM - ANESTHESIOLOGY,,CLINICAL SERVICES (PROF FEE),5000,20000,"September 01, 2023",adhoc,A;E;G;H;I;L;M;N;O;R;S;T;Y
103,HYSTEROGRAM - OBSTETRICS & GYNECOLOGY,,CLINICAL SERVICES (PROF FEE),5000,40000,"September 01, 2023",adhoc,A;B;C;E;G;H;I;L;M;N;O;R;S;T;Y
66,HYSTEROSCOPY - ANESTHESIOLOGY,,CLINICAL SERVICES (PROF FEE),6000,50000,"October 20, 2023",adhoc,A;C;E;G;H;I;L;N;O;P;R;S;T;Y
101,HYSTEROSCOPY - OBSTETRICS & GYNECOLOGY,,CLINICAL SERVICES (PROF FEE),15000,100000,"September 01, 2023",adhoc,B;C;E;G;H;I;L;N;O;P;R;S;T;Y
102,HYSTEROSCOPY WITH RESECTION - OBSTETRICS & GYNECOLOGY,,CLINICAL SERVICES (PROF FEE),15000,120000,"September 01, 2023",adhoc,B;C;E;G;H;I;L;N;O;P;R;S;T;W;Y
708,IABP INSERTION - CARDIOLOGY,,CLINICAL SERVICES (PROF FEE),30000,50000,"September 01, 2023",adhoc,A;B;C;D;E;G;I;L;N;O;P;R;S;T;Y
760,ICU - CARDIOLOGY,,CLINICAL SERVICES (PROF FEE),3850,11550,"October 23, 2023",adhoc,A;C;D;G;I;L;O;R;U;Y
26,ICU - PULMONARY MEDICINE,,CLINICAL SERVICES (PROF FEE),4000,6000,"September 01, 2023",adhoc,A;C;D;E;I;L;M;N;O;P;R;U;Y
711,IJ CATHETER INSERTION - CARDIOLOGY,,CLINICAL SERVICES (PROF FEE),25000,35000,"September 01, 2023",adhoc,A;C;D;E;G;H;I;J;L;N;O;R;S;T;Y
418,IJ/FEM (TEMP) - ANESTHESIOLOGY,,CLINICAL SERVICES (PROF FEE),10000,22500,"September 01, 2023",adhoc,A;E;F;G;H;I;J;L;M;N;O;P;S;T;Y
451,IJ/FEM (TEMP) - SURGERY,,CLINICAL SERVICES (PROF FEE),25000,45000,"September 01, 2023",adhoc,E;F;G;I;J;M;P;R;S;T;U;Y
366,IMAGE-GUIDED ABLATION - RADIOLOGY,,CLINICAL SERVICES (PROF FEE),50000,170000,"September 01, 2023",adhoc,A;B;D;E;G;I;L;M;N;O;R;T;U;Y
365,IMAGE-GUIDED BIOPSY - RADIOLOGY,,CLINICAL SERVICES (PROF FEE),10000,75000,"September 01, 2023",adhoc,A;B;D;E;G;I;L;M;O;P;R;S;U;Y
362,IMAGE-GUIDED CENTESIS - RADIOLOGY,,CLINICAL SERVICES (PROF FEE),5000,40000,"September 01, 2023",adhoc,A;C;D;E;G;I;L;M;N;O;R;S;T;U;Y
364,IMAGE-GUIDED DRAINAGE (PTBD- NEPHROSTOMY- CHOLECYSTOSTOMY) - RADIOLOGY,,CLINICAL SERVICES (PROF FEE),30000,90000,"September 01, 2023",adhoc,A;B;C;D;E;G;H;I;L;M;N;O;P;R;S;T;U;Y
369,IMAGE-GUIDED PAIN MANAGEMENT - RADIOLOGY,,CLINICAL SERVICES (PROF FEE),15000,60000,"October 21, 2023",adhoc,A;D;E;G;I;L;M;N;O;P;R;T;U;Y
363,IMAGE-GUIDED PIGTAIL CATHETER INSERTION - RADIOLOGY,,CLINICAL SERVICES (PROF FEE),10000,60000,"September 01, 2023",adhoc,A;C;D;E;G;H;I;L;M;N;O;P;R;S;T;U;Y
371,IMAGING GUIDANCE - RADIOLOGY,,CLINICAL SERVICES (PROF FEE),5000,20000,"September 01, 2023",adhoc,A;C;D;E;G;I;L;M;N;O;R;U;Y
582,IMPLANT SUPPORTED CROWNS - DENTAL MEDICINE (PROSTHODONTIC),,CLINICAL SERVICES (PROF FEE),45000,85000,"August 31, 2023",adhoc,A;C;D;E;H;I;L;M;N;O;P;R;S;T;U;W
424,IMPLANTABLE PORT (PORTACATH) - ANESTHESIOLOGY,,CLINICAL SERVICES (PROF FEE),22000,37500,"September 01, 2023",adhoc,A;B;C;E;G;H;I;L;M;N;O;P;R;S;T;Y
457,IMPLANTABLE PORT (PORTACATH) - SURGERY,,CLINICAL SERVICES (PROF FEE),55000,75000,"September 01, 2023",adhoc,A;B;C;E;G;H;I;L;M;N;O;P;R;S;T;U;Y
559,IN-PATIENT CONSULTATION - DENTAL MEDICINE (ENDODONTIC),,CLINICAL SERVICES (PROF FEE),1500,1500,"August 31, 2023",adhoc,A;C;D;E;I;L;M;N;O;P;S;T;U
754,IN-PATIENT CONSULTATION - DENTAL MEDICINE (PERIODONTIC),,CLINICAL SERVICES (PROF FEE),2500,2500,"October 21, 2023",adhoc,A;C;D;E;I;L;M;N;O;P;R;S;T;U
594,IN-PATIENT CONSULTATION - DERMATOLOGY,,CLINICAL SERVICES (PROF FEE),100,20000,"October 21, 2023",adhoc,A;C;D;E;G;I;L;M;N;O;P;R;S;T;U;Y
485,IN-PATIENT CONSULTATION FEE - DENTAL MEDICINE (ORAL MAXILLO FACIAL SURGERY ),,CLINICAL SERVICES (PROF FEE),2000,3500,"October 21, 2023",adhoc,A;C;D;E;F;G;I;L;M;N;O;P;R;S;T;U;X;Y
569,IN-PATIENT CONSULTATION FEE - DENTAL MEDICINE (PROSTHODONTIC),,CLINICAL SERVICES (PROF FEE),2500,2500,"August 31, 2023",adhoc,A;C;D;E;F;H;I;L;M;N;O;P;R;S;T;U
57,IN-PATIENT TREATMENT PER HOSPITAL DAY ADMITTED - NEUROLOGICAL SCIENCES (NEUROLOGY),,CLINICAL SERVICES (PROF FEE),1500,6000,"September 01, 2023",adhoc,A;C;D;E;G;H;I;L;M;N;O;P;R;S;T;U;Y
79,IN-PATIENT TREATMENT PER HOSPITAL DAY ADMITTED - NEUROLOGICAL SCIENCES (NEUROSURGERY),,CLINICAL SERVICES (PROF FEE),1700,35400,"September 01, 2023",adhoc,A;C;D;E;G;H;I;L;M;N;O;P;R;S;T;U;Y
71,IN-PATIENT TREATMENT PER HOSPITAL DAY ADMITTED - NEUROLOGICAL SCIENCES (PSYCHIATRY),,CLINICAL SERVICES (PROF FEE),3500,3500,"September 01, 2023",adhoc,A;C;D;E;G;H;I;L;M;N;O;P;R;S;T;U;Y
680,INCISION & DRAINAGE - EMERGENCY MEDICINE,,CLINICAL SERVICES (PROF FEE),1320,1320,"September 01, 2023",adhoc,A;C;D;E;G;I;M;N;O;R;S;Y
54,INCISION AND CURETTAGE FOR CHALAZION - ANESTHESIOLOGY,,CLINICAL SERVICES (PROF FEE),3200,15000,"September 01, 2023",adhoc,A;C;D;E;F;G;H;I;L;N;O;R;S;T;U;Y;Z
128,INCISION AND CURETTAGE FOR CHALAZION - OPHTHALMOLOGY,,CLINICAL SERVICES (PROF FEE),8000,15000,"September 01, 2023",adhoc,A;C;D;E;F;G;H;I;L;M;N;O;P;R;S;T;U;Y;Z
578,INDIVIDUAL CROWNS - DENTAL MEDICINE (PROSTHODONTIC),,CLINICAL SERVICES (PROF FEE),20000,30000,"August 31, 2023",adhoc,A;C;D;E;H;I;L;M;N;O;P;R;S;T;U;V;W
745,INFECTIOUS DISEASE - PEDIATRICS (OUTPATIENT CONSULTATIONS),,CLINICAL SERVICES (PROF FEE),900,1700,"October 23, 2023",adhoc,A;C;D;E;F;I;L;N;O;P;R;S;T;U
4,INFLIXIMAB INFUSION (DAY PROCEDURE) - PEDIATRICS,,CLINICAL SERVICES (PROF FEE),6000,6000,"September 01, 2023",adhoc,A;B;C;D;E;F;I;L;M;N;O;P;R;S;T;U;X;Y
635,INPATIENT DAILY RATE - HEMATOLOGY,,CLINICAL SERVICES (PROF FEE),2000,2000,"September 01, 2023",adhoc,A;D;E;G;H;I;L;M;N;O;P;R;T;Y
134,INPATIENT DAILY VISIT - ORTHOPEDIC SURGERY,,CLINICAL SERVICES (PROF FEE),1500,3500,"September 01, 2023",adhoc,A;C;D;E;G;H;I;L;N;O;P;R;S;T;U;V;Y
644,INSERTION OF CATHERER- URINARY - EMERGENCY MEDICINE,,CLINICAL SERVICES (PROF FEE),1200,1200,"September 01, 2023",adhoc,A;C;D;E;F;G;H;I;M;N;O;R;S;T;U;Y
643,INSERTION OF TUBE- NGT/OGT - EMERGENCY MEDICINE,,CLINICAL SERVICES (PROF FEE),1200,1200,"September 01, 2023",adhoc,B;C;D;E;F;G;I;M;N;O;R;S;T;U;Y
461,INTERCEPTIVE ORTHODONTIC MANAGEMENT - DENTAL MEDICINE,,CLINICAL SERVICES (PROF FEE),50000,100000,"August 31, 2023",adhoc,A;C;D;E;G;H;I;L;M;N;O;P;R;T;V
42,INTRAARTICULAR/INTRALESIONAL HYALURONIC ACID OR STEROID INJECTION PER JOINT - RHEUMATOLOGY,,CLINICAL SERVICES (PROF FEE),3000,4000,"September 01, 2023",adhoc,A;C;D;E;G;H;I;J;L;M;N;O;P;R;S;T;U;Y
599,INTRALESIONAL STEROID INJECTION - DERMATOLOGY,,CLINICAL SERVICES (PROF FEE),500,3000,"October 21, 2023",adhoc,A;C;D;E;G;I;J;L;M;N;O;R;S;T;Y
6,INTRAMUSCULAR CHEMOTHERAPY - PEDIATRICS,,CLINICAL SERVICES (PROF FEE),1500,2500,"October 23, 2023",adhoc,A;C;D;E;H;I;L;M;N;O;P;R;S;T;U;Y
56,INTRAOCULAR INJECTION OF MEDICATIONS - ANESTHESIOLOGY,,CLINICAL SERVICES (PROF FEE),3200,10000,"September 01, 2023",adhoc,A;C;D;E;F;G;H;I;J;L;M;N;O;R;S;T;U;Y
131,INTRAOCULAR INJECTION OF MEDICATIONS - OPHTHALMOLOGY,,CLINICAL SERVICES (PROF FEE),8000,20000,"September 01, 2023",adhoc,A;C;D;E;F;G;H;I;J;L;M;N;O;P;R;S;T;U;Y
776,INTRATHECAL CHEMOTHERAPY - PEDIATRICS (ADMISSIONS / REFERRALS / PROCEDURES),,CLINICAL SERVICES (PROF FEE),5000,8000,"October 23, 2023",adhoc,A;C;D;E;F;H;I;L;M;N;O;P;R;S;T;U;Y
627,INTUBATION- ENDO/NASOTRACHEAL - EMERGENCY MEDICINE,,CLINICAL SERVICES (PROF FEE),1800,1800,"September 01, 2023",adhoc,A;B;C;D;E;G;H;I;L;M;N;O;R;S;T;U;Y
628,INTUBATON- RAPID SEQUENCE - EMERGENCY MEDICINE,,CLINICAL SERVICES (PROF FEE),5400,5400,"September 01, 2023",adhoc,A;B;C;D;E;G;I;M;N;O;P;Q;R;S;T;U;Y
465,INVISALIGN - DENTAL MEDICINE,,CLINICAL SERVICES (PROF FEE),300000,500000,"August 31, 2023",adhoc,A;C;D;E;G;I;L;M;N;S;T;V
653,IRRIGATION WITH NSS - EMERGENCY MEDICINE,,CLINICAL SERVICES (PROF FEE),600,600,"September 01, 2023",adhoc,A;C;D;E;G;H;I;M;N;O;R;S;T;W;Y
633,IV ACCESS- CUTDOWN - EMERGENCY MEDICINE,,CLINICAL SERVICES (PROF FEE),1200,1200,"September 01, 2023",adhoc,A;C;D;E;G;I;M;N;O;R;S;T;U;V;W;Y
636,IV ACCESS- INTRAOSSEOUS - EMERGENCY MEDICINE,,CLINICAL SERVICES (PROF FEE),1200,1200,"October 21, 2023",adhoc,A;C;D;E;G;I;M;N;O;R;S;T;U;V;Y
634,IV ACCESS- UMBILICAL - EMERGENCY MEDICINE,,CLINICAL SERVICES (PROF FEE),1200,1200,"September 01, 2023",adhoc,A;B;C;D;E;G;I;L;M;N;R;S;U;V;Y
434,IVC FILTER - ANESTHESIOLOGY,,CLINICAL SERVICES (PROF FEE),28000,45000,"September 01, 2023",adhoc,A;C;E;F;G;H;I;L;N;O;R;S;T;V;Y
470,IVC FILTER - SURGERY,,CLINICAL SERVICES (PROF FEE),70000,90000,"September 01, 2023",adhoc,C;E;F;G;I;L;R;S;T;U;V;Y
435,IVC FILTER RETRIEVAL - ANESTHESIOLOGY,,CLINICAL SERVICES (PROF FEE),30000,47500,"September 01, 2023",adhoc,A;C;E;F;G;H;I;L;N;O;R;S;T;V;Y
471,IVC FILTER RETRIEVAL - SURGERY,,CLINICAL SERVICES (PROF FEE),75000,95000,"September 01, 2023",adhoc,A;C;E;F;G;I;L;R;S;T;U;V;Y
446,KIDNEY - ANESTHESIOLOGY,,CLINICAL SERVICES (PROF FEE),1000,100000,"September 01, 2023",adhoc,A;D;E;G;H;I;K;L;N;O;S;T;Y
480,KIDNEY - SURGERY,,CLINICAL SERVICES (PROF FEE),2000,200000,"September 01, 2023",adhoc,D;E;G;I;K;N;R;S;U;Y
38,KIDNEY BIOPSY - ANESTHESIOLOGY,,CLINICAL SERVICES (PROF FEE),6000,10000,"September 01, 2023",adhoc,A;B;D;E;G;H;I;K;L;N;O;P;S;T;Y
650,KIDNEY BIOPSY - NEPHROLOGY,,CLINICAL SERVICES (PROF FEE),15000,20000,"September 01, 2023",adhoc,B;D;E;G;H;I;K;L;N;O;P;R;S;Y
40,KIDNEY TRANSPLANTATION FEE PER DOCTOR - ANESTHESIOLOGY,,CLINICAL SERVICES (PROF FEE),80000,150000,"September 01, 2023",adhoc,A;C;D;E;F;G;H;I;K;L;N;O;P;R;S;T;Y
652,KIDNEY TRANSPLANTATION FEE PER DOCTOR - NEPHROLOGY,,CLINICAL SERVICES (PROF FEE),200000,300000,"September 01, 2023",adhoc,A;C;D;E;F;G;H;I;K;L;N;O;P;R;S;T;Y
358,KNEE JOINT INJECTION WITH HYALURONIC ACID - PHYSICAL MEDICINE AND REHABILITATION,,CLINICAL SERVICES (PROF FEE),15000,35000,"September 01, 2023",adhoc,A;B;C;D;E;H;I;J;K;L;M;N;O;P;R;S;T;U;W;Y
768,LACTATION CONSULT (1ST CONSULT) - PEDIATRICS (OUTPATIENT CONSULTATIONS),,CLINICAL SERVICES (PROF FEE),1500,2500,"October 23, 2023",adhoc,A;C;D;E;I;L;N;O;P;R;S;T;U;1
769,LACTATION CONSULT (2ND CONSULT) - PEDIATRICS (OUTPATIENT CONSULTATIONS),,CLINICAL SERVICES (PROF FEE),1000,1500,"October 23, 2023",adhoc,A;C;D;E;I;L;N;O;P;R;S;T;U;2
770,LACTATION CONSULT - PEDIATRICS (ADMISSIONS / REFERRALS / PROCEDURES),,CLINICAL SERVICES (PROF FEE),2500,5000,"October 23, 2023",adhoc,A;C;D;E;F;I;L;M;N;O;P;R;S;T;U
383,LAP APPENDECTOMY - ANESTHESIOLOGY,,CLINICAL SERVICES (PROF FEE),100,70000,"August 31, 2023",adhoc,A;C;D;E;G;H;I;L;M;N;O;P;S;T;Y
398,LAP APPENDECTOMY - SURGERY,,CLINICAL SERVICES (PROF FEE),100000,140000,"August 31, 2023",adhoc,A;C;D;E;G;L;M;N;O;P;R;S;T;U;Y
380,LAP CHOLECYSTECTOMY - ANESTHESIOLOGY,,CLINICAL SERVICES (PROF FEE),100,70000,"August 31, 2023",adhoc,A;C;E;G;H;I;L;M;N;O;P;S;T;Y
395,LAP CHOLECYSTECTOMY - SURGERY,,CLINICAL SERVICES (PROF FEE),100000,140000,"August 31, 2023",adhoc,A;C;E;G;H;L;M;O;P;R;S;T;U;Y
394,LAPAROSCOPIC APPENDECTOMY - ANESTHESIOLOGY,,CLINICAL SERVICES (PROF FEE),24000,50000,"September 01, 2023",adhoc,A;C;D;E;G;H;I;L;M;N;O;P;R;S;T;Y
417,LAPAROSCOPIC APPENDECTOMY - SURGERY,,CLINICAL SERVICES (PROF FEE),60000,100000,"September 01, 2023",adhoc,A;C;D;E;G;I;L;M;N;O;P;R;S;T;U;Y
106,LAPAROSCOPIC HYSTERECTOMY - OBSTETRICS & GYNECOLOGY,,CLINICAL SERVICES (PROF FEE),70000,360000,"September 01, 2023",adhoc,A;B;C;E;G;H;I;L;M;N;O;P;R;S;T;Y
403,LAPAROSCOPIC ORCHIDOPEXY - ANESTHESIOLOGY,,CLINICAL SERVICES (PROF FEE),24000,47500,"September 01, 2023",adhoc,A;C;D;E;G;H;I;L;N;O;P;R;S;T;X;Y
423,LAPAROSCOPIC ORCHIDOPEXY - SURGERY,,CLINICAL SERVICES (PROF FEE),60000,95000,"September 01, 2023",adhoc,A;C;D;E;G;H;I;L;O;P;R;S;U;X;Y
405,LAPAROSCOPIC VARICOCELECTOMY - ANESTHESIOLOGY,,CLINICAL SERVICES (PROF FEE),26000,40000,"September 01, 2023",adhoc,A;C;E;G;H;I;L;M;N;O;P;R;S;T;V;Y
428,LAPAROSCOPIC VARICOCELECTOMY - SURGERY,,CLINICAL SERVICES (PROF FEE),65000,80000,"September 01, 2023",adhoc,A;C;E;G;I;L;M;O;P;R;S;T;U;V;Y
75,LAPAROSCOPY -MYOMA - ANESTHESIOLOGY,,CLINICAL SERVICES (PROF FEE),28000,150000,"September 01, 2023",adhoc,A;C;E;G;H;I;L;M;N;O;P;R;S;T;Y
77,LAPAROSCOPY HYSTERECTOMY - ANESTHESIOLOGY,,CLINICAL SERVICES (PROF FEE),28000,180000,"September 01, 2023",adhoc,A;C;E;G;H;I;L;M;N;O;P;R;S;T;Y
73,LAPAROSCOPY-ADNEXA - ANESTHESIOLOGY,,CLINICAL SERVICES (PROF FEE),16000,120000,"September 01, 2023",adhoc,A;C;D;E;G;H;I;L;N;O;P;R;S;T;X;Y
104,LAPAROSCOPY-ADNEXA - OBSTETRICS & GYNECOLOGY,,CLINICAL SERVICES (PROF FEE),40000,240000,"September 01, 2023",adhoc,A;B;C;D;E;G;I;L;N;O;P;R;S;T;X;Y
105,LAPAROSCOPY-MYOMA - OBSTETRICS & GYNECOLOGY,,CLINICAL SERVICES (PROF FEE),70000,300000,"September 01, 2023",adhoc,A;B;C;E;G;I;L;M;N;O;P;R;S;T;Y
758,LARGE PRIVATE - CARDIOLOGY,,CLINICAL SERVICES (PROF FEE),3150,9450,"October 23, 2023",adhoc,A;C;D;E;G;I;L;O;P;R;T;V;Y
24,LARGE PRIVATE ROOM - PULMONARY MEDICINE,,CLINICAL SERVICES (PROF FEE),3000,6000,"September 01, 2023",adhoc,A;C;D;E;G;I;L;M;N;O;P;R;T;U;V;Y
123,LASER IRIDOTOMY - OPHTHALMOLOGY,,CLINICAL SERVICES (PROF FEE),10000,20000,"September 01, 2023",adhoc,A;D;E;G;H;I;L;M;O;P;R;S;T;Y
605,LASER PER SESSION - DERMATOLOGY,,CLINICAL SERVICES (PROF FEE),2150,33160,"August 31, 2023",adhoc,A;D;E;G;I;L;M;N;O;P;R;S;T;Y
124,LASER TRABECULOPLASTY - OPHTHALMOLOGY,,CLINICAL SERVICES (PROF FEE),15000,25000,"September 01, 2023",adhoc,A;B;C;E;G;H;L;M;O;P;R;S;T;U;Y
154,LATARGET/BRISTOW SHOULDER STABILIZATION - ANESTHESIOLOGY,,CLINICAL SERVICES (PROF FEE),36000,60000,"September 01, 2023",adhoc,A;B;D;E;G;H;I;L;N;O;R;S;T;U;W;Y;Z
142,LATARGET/BRISTOW SHOULDER STABILIZATION - ORTHOPEDIC SURGERY,,CLINICAL SERVICES (PROF FEE),90000,120000,"September 01, 2023",adhoc,A;B;C;D;E;G;H;I;L;N;O;P;R;S;T;U;W;Y;Z
705,LEFT AND RIGHT HEART CATHETERIZATION - CARDIOLOGY,,CLINICAL SERVICES (PROF FEE),35000,60000,"September 01, 2023",adhoc,A;C;D;E;F;G;H;I;L;N;O;R;T;Y;Z
694,LEGAL MEDICINE (VAT INCLUSIVE),,CLINICAL SERVICES (PROF FEE),6000,20000,"September 01, 2023",adhoc,A;C;D;E;G;I;L;M;N;S;T;U;V
546,LINGUAL HOLDING ARCH - DENTAL MEDICINE (PEDIATRIC),,CLINICAL SERVICES (PROF FEE),7500,10000,"August 31, 2023",adhoc,A;C;D;E;G;H;I;L;M;N;O;P;R;T;U
572,LIP REDUCTION 1 HOUR - SURGERY,,CLINICAL SERVICES (PROF FEE),32500,62500,"September 01, 2023",adhoc,C;D;E;G;H;I;L;N;O;P;R;S;T;U;Y;1
575,LIP REDUCTION 2 HOURS (UPPER AND LOWER) - SURGERY,,CLINICAL SERVICES (PROF FEE),52000,82000,"October 21, 2023",adhoc,A;C;D;E;G;H;I;L;N;O;P;R;S;T;U;W;Y;2
603,LIPOSUCTION 2 HOURS - SURGERY,,CLINICAL SERVICES (PROF FEE),75075,95075,"October 21, 2023",adhoc,C;E;G;H;I;L;N;O;P;R;S;T;U;Y;2
584,LIPOSUCTION DOUBLE CHIN OR FACE 1 HOUR - SURGERY,,CLINICAL SERVICES (PROF FEE),32500,62500,"September 01, 2023",adhoc,A;B;C;D;E;F;G;H;I;L;N;O;P;R;S;T;U;Y;1
585,LIPOSUCTION FACE AND NECK 1 HOUR - SURGERY,,CLINICAL SERVICES (PROF FEE),39000,69000,"September 01, 2023",adhoc,A;C;D;E;F;G;H;I;K;L;N;O;P;R;S;T;U;Y;1
11,LOCAL INTRA-ORAL INCISION AND DRAINAGE - ANESTHESIOLOGY,,CLINICAL SERVICES (PROF FEE),3000,12500,"August 31, 2023",adhoc,A;C;D;E;G;H;I;L;N;O;R;S;T;Y
750,LOCAL INTRA-ORAL INCISION AND DRAINAGE - DENTAL MEDICINE (ORAL MAXILLO FACIAL SURGERY),,CLINICAL SERVICES (PROF FEE),7500,25000,"October 21, 2023",adhoc,A;C;D;E;F;G;I;L;M;N;O;R;S;T;U;X;Y
327,LUMBAR DECOMPRESSION (FORAMINOTOMY/DISCECTOMY) 1-LEVEL - ANESTHESIOLOGY,,CLINICAL SERVICES (PROF FEE),30000,75000,"September 01, 2023",adhoc,A;B;C;D;E;F;G;H;I;L;M;N;O;P;R;S;T;U;V;Y;1
253,LUMBAR DECOMPRESSION (FORAMINOTOMY/DISCECTOMY) 1-LEVEL - ORTHOPEDIC SURGERY,,CLINICAL SERVICES (PROF FEE),75000,150000,"September 01, 2023",adhoc,A;B;C;D;E;F;G;H;I;L;M;N;O;P;R;S;T;U;V;Y;1
61,LUMBAR TAP - NEUROLOGICAL SCIENCES,,CLINICAL SERVICES (PROF FEE),5000,10000,"September 01, 2023",adhoc,A;B;C;E;G;I;L;M;N;O;P;R;S;T;U
59,MARSUPIALIZATION OF BARTHOLIN'S CYST - ANESTHESIOLOGY,,CLINICAL SERVICES (PROF FEE),5000,30000,"September 01, 2023",adhoc,A;B;C;E;F;G;H;I;L;M;N;O;P;R;S;T;U;Y;Z
95,MARSUPIALIZATION OF BARTHOLIN'S CYST - OBSTETRICS & GYNECOLOGY,,CLINICAL SERVICES (PROF FEE),5000,60000,"September 01, 2023",adhoc,A;B;C;E;F;G;H;I;L;M;N;O;P;R;S;T;U;Y;Z
508,MEDIAN STERNOTOMY THYMECTOMY - SURGERY,,CLINICAL SERVICES (PROF FEE),200000,400000,"September 01, 2023",adhoc,A;C;D;E;G;H;I;M;N;O;R;S;T;U;Y
503,MEDIASTINOSCOPY - SURGERY,,CLINICAL SERVICES (PROF FEE),50000,70000,"September 01, 2023",adhoc,A;C;D;E;G;I;M;N;O;P;R;S;T;U;Y
699,MEDICAL CERTIFICATE - CARDIOLOGY,,CLINICAL SERVICES (PROF FEE),500,800,"September 01, 2023",adhoc,A;C;D;E;F;G;I;L;M;O;R;T;Y
620,MEDICOLEGAL - EMERGENCY MEDICINE,,CLINICAL SERVICES (PROF FEE),850,850,"September 01, 2023",adhoc,A;C;D;E;G;I;L;M;N;O;R;Y
45,METHYLPREDNISOLONE PULSE THERAPY - RHEUMATOLOGY,,CLINICAL SERVICES (PROF FEE),5000,5000,"September 01, 2023",adhoc,A;D;E;G;H;I;L;M;N;O;P;R;S;T;U;Y
330,MINIMALLY INVASIVE TLIF 1 LEVEL (EXCLUSIVE OF IMPLANT) - ANESTHESIOLOGY,,CLINICAL SERVICES (PROF FEE),80000,125000,"September 01, 2023",adhoc,A;C;E;F;G;H;I;L;M;N;O;P;S;T;U;V;X;Y;1
256,MINIMALLY INVASIVE TLIF 1 LEVEL (EXCLUSIVE OF IMPLANT) - ORTHOPEDIC SURGERY,,CLINICAL SERVICES (PROF FEE),200000,250000,"September 01, 2023",adhoc,A;C;D;E;F;G;H;I;L;M;N;O;P;R;S;T;U;V;X;Y;1
387,MODIFIED RADICAL MASTECTOMY - ANESTHESIOLOGY,,CLINICAL SERVICES (PROF FEE),100,80000,"August 31, 2023",adhoc,A;C;D;E;F;G;H;I;L;M;N;O;R;S;T;Y
410,MODIFIED RADICAL MASTECTOMY - SURGERY,,CLINICAL SERVICES (PROF FEE),112500,157500,"August 31, 2023",adhoc,A;C;D;E;F;G;I;L;M;O;R;S;T;U;Y
69,MUSCLE BIOPSY - NEUROLOGICAL SCIENCES,,CLINICAL SERVICES (PROF FEE),10000,20000,"September 01, 2023",adhoc,A;B;C;E;G;I;L;M;N;O;P;R;S;U;Y
288,NASAL DECONGESTION &/OR SUCTIONING - OTORHINOLARYNGOLOGY,,CLINICAL SERVICES (PROF FEE),1500,2500,"September 01, 2023",adhoc,A;C;D;E;G;H;I;L;N;O;R;S;T;U;Y
676,NASAL PACKING ANT/ POSTERIOR - EMERGENCY MEDICINE,,CLINICAL SERVICES (PROF FEE),1200,1200,"October 21, 2023",adhoc,A;C;D;E;G;I;K;L;M;N;O;P;R;S;T;Y
677,NASAL SWAB - EMERGENCY MEDICINE,,CLINICAL SERVICES (PROF FEE),1200,1200,"September 01, 2023",adhoc,A;B;C;D;E;G;I;L;M;N;R;S;W;Y
344,NEONATAL INTENSIVE CARE UNIT: COMMON AREA/ISOLATION DAILY VISIT - PEDIATRICS,,CLINICAL SERVICES (PROF FEE),2500,6000,"September 01, 2023",adhoc,A;C;D;E;I;L;M;N;O;P;R;S;T;U;V;Y
333,NEONATAL INTERMEDIATE CARE UNIT: PER DAY VISIT - PEDIATRICS,,CLINICAL SERVICES (PROF FEE),2000,4500,"October 21, 2023",adhoc,A;C;D;E;I;L;M;N;O;P;R;S;T;U;V;Y
336,NEONATAL INTERMEDIATE CARE UNIT: STAT VISIT - PEDIATRICS,,CLINICAL SERVICES (PROF FEE),5000,15000,"October 21, 2023",adhoc,A;C;D;E;I;L;M;N;O;P;R;S;T;U;V
399,NEONATE HERNIOTOMY - ANESTHESIOLOGY,,CLINICAL SERVICES (PROF FEE),26000,47500,"September 01, 2023",adhoc,A;E;G;H;I;L;M;N;O;R;S;T;Y
726,NEPHROLOGY - PEDIATRICS (OUTPATIENT CONSULTATIONS),,CLINICAL SERVICES (PROF FEE),1000,2000,"October 23, 2023",adhoc,A;C;D;E;G;H;I;L;N;O;P;R;S;T;U;Y
713,NEW PATIENT - ENDOCRINOLOGY,,CLINICAL SERVICES (PROF FEE),1000,2500,"September 01, 2023",adhoc,A;C;D;E;G;I;L;N;O;P;R;T;W;Y
777,NEWBORN CARE (CATCH) GENERAL PEDIATRICIAN - PEDIATRICS,,CLINICAL SERVICES (PROF FEE),10000,15000,"October 23, 2023",adhoc,A;B;C;D;E;G;H;I;L;N;O;P;R;S;T;W
316,NEWBORN CARE (CATCH) IMMINENT/STAT DELIVERY - PEDIATRICS,,CLINICAL SERVICES (PROF FEE),15000,40000,"September 01, 2023",adhoc,A;B;C;D;E;H;I;L;M;N;O;P;R;S;T;V;W;Y
315,NEWBORN CARE (CATCH) SCHEDULED SVD/CS - PEDIATRICS,,CLINICAL SERVICES (PROF FEE),10000,30000,"September 01, 2023",adhoc,A;B;C;D;E;H;I;L;N;O;P;R;S;T;U;V;W
692,NEWBORN CARE - EMERGENCY MEDICINE,,CLINICAL SERVICES (PROF FEE),1200,1200,"September 01, 2023",adhoc,A;B;C;D;E;G;I;M;N;O;R;W;Y
318,NEWBORN CARE CS (PREVAILING MMC PACKAGE) - PEDIATRICS,,CLINICAL SERVICES (PROF FEE),10000,12000,"September 01, 2023",adhoc,A;B;C;D;E;G;I;K;L;M;N;O;P;R;S;T;V;W
324,NEWBORN CARE EARLOBE PIERCING - PEDIATRICS,,CLINICAL SERVICES (PROF FEE),1500,3000,"September 01, 2023",adhoc,A;B;C;D;E;G;I;L;N;O;P;R;S;T;W
322,NEWBORN CARE RELEASE OF TONGUE TIE - PEDIATRICS,,CLINICAL SERVICES (PROF FEE),2500,5000,"September 01, 2023",adhoc,A;B;C;D;E;F;G;I;L;N;O;P;R;S;T;U;W
317,NEWBORN CARE SVD (PREVAILING MMC PACKAGE) - PEDIATRICS,,CLINICAL SERVICES (PROF FEE),9100,10000,"September 01, 2023",adhoc,A;B;C;D;E;G;I;K;L;M;N;O;P;R;S;T;V;W
319,NEWBORN CARE SVD/CS PRIVATE - PEDIATRICS,,CLINICAL SERVICES (PROF FEE),12000,35000,"September 01, 2023",adhoc,A;B;C;D;E;I;N;O;P;R;S;T;V;W
779,NICU/NIMCU PROCEDURES (INTUBATION) - PEDIATRICS,,CLINICAL SERVICES (PROF FEE),7000,7000,"October 23, 2023",adhoc,A;B;C;D;E;I;M;N;O;P;R;S;T;U
782,NICU/NIMCU PROCEDURES (PICC) - PEDIATRICS,,CLINICAL SERVICES (PROF FEE),10000,10000,"October 23, 2023",adhoc,A;C;D;E;I;M;N;O;P;R;S;T;U
783,NICU/NIMCU PROCEDURES (SURFACTANT THERAPY) - PEDIATRICS,,CLINICAL SERVICES (PROF FEE),10000,10000,"October 23, 2023",adhoc,A;C;D;E;F;H;I;M;N;O;P;R;S;T;U;Y
781,NICU/NIMCU PROCEDURES (UAC) - PEDIATRICS,,CLINICAL SERVICES (PROF FEE),5000,5000,"October 23, 2023",adhoc,A;C;D;E;I;M;N;O;P;R;S;T;U
780,NICU/NIMCU PROCEDURES (UVC) - PEDIATRICS,,CLINICAL SERVICES (PROF FEE),5000,5000,"October 23, 2023",adhoc,A;C;D;E;I;M;N;O;P;R;S;T;U;V
554,NON-SURGICAL DEEP SCALING AND ROOT PLANING - DENTAL MEDICINE (PERIODONTIC),,CLINICAL SERVICES (PROF FEE),6000,8500,"August 31, 2023",adhoc,A;C;D;E;G;I;L;M;N;O;P;R;S;T;U
359,OCCIPITAL NERVE BLOCK - PHYSICAL MEDICINE AND REHABILITATION,,CLINICAL SERVICES (PROF FEE),10000,20000,"September 01, 2023",adhoc,A;B;C;D;E;H;I;K;L;M;N;O;P;R;S;T;V;Y
490,OFFICE CONSULTATION - SURGERY,,CLINICAL SERVICES (PROF FEE),2000,5000,"September 01, 2023",adhoc,A;C;E;F;G;I;L;N;O;R;S;T;U;Y
20,OPD - PULMONARY MEDICINE,,CLINICAL SERVICES (PROF FEE),1000,2000,"September 01, 2023",adhoc,A;C;D;E;I;L;M;N;O;P;R;U;Y
695,OPD PROFESSIONAL FEE - ALLERGOLOGY AND IMMUNOLOGY,,CLINICAL SERVICES (PROF FEE),800,2500,"October 21, 2023",adhoc,A;D;E;F;G;I;L;M;N;O;P;R;S;U;Y
381,OPEN APPENDECTOMY - ANESTHESIOLOGY (GENERAL SURGERY),,CLINICAL SERVICES (PROF FEE),100,52500,"September 01, 2023",adhoc,A;C;D;E;G;H;I;L;M;N;O;P;R;S;T;U;Y
392,OPEN APPENDECTOMY - ANESTHESIOLOGY (PEDIA SURGERY),,CLINICAL SERVICES (PROF FEE),16000,40000,"September 01, 2023",adhoc,A;C;D;E;G;H;I;L;M;N;O;P;R;S;T;U;Y
396,OPEN APPENDECTOMY - SURGERY (GENERAL SURGERY),,CLINICAL SERVICES (PROF FEE),75000,105000,"September 01, 2023",adhoc,A;C;D;E;G;L;M;N;O;P;R;S;T;U;Y
416,OPEN APPENDECTOMY - SURGERY (PEDIA SURGERY),,CLINICAL SERVICES (PROF FEE),40000,80000,"September 01, 2023",adhoc,A;C;D;E;G;I;M;N;O;P;R;S;T;U;Y
382,OPEN APPENDECTOMY RUPTURED - ANESTHESIOLOGY,,CLINICAL SERVICES (PROF FEE),100,61250,"September 01, 2023",adhoc,A;C;D;E;G;H;I;L;M;N;O;P;R;S;T;U;Y
400,OPEN APPENDECTOMY RUPTURED - SURGERY,,CLINICAL SERVICES (PROF FEE),87500,122500,"September 01, 2023",adhoc,A;C;D;E;G;M;N;O;P;R;S;T;U;Y
379,OPEN CHOLECYSTECTOMY - ANESTHESIOLOGY,,CLINICAL SERVICES (PROF FEE),100,61250,"August 31, 2023",adhoc,A;C;E;G;H;I;L;M;N;O;P;S;T;Y
393,OPEN CHOLECYSTECTOMY - SURGERY,,CLINICAL SERVICES (PROF FEE),87500,122500,"September 01, 2023",adhoc,C;E;G;H;L;M;N;O;P;R;S;T;U;Y
349,OPEN LIGAMENT RECONSTRUCTION (BROSTROM) - ANESTHESIOLOGY,,CLINICAL SERVICES (PROF FEE),24000,40000,"September 01, 2023",adhoc,A;B;C;E;G;H;I;L;M;N;O;P;R;S;T;U;Y
270,OPEN LIGAMENT RECONSTRUCTION (BROSTROM) - ORTHOPEDIC SURGERY,,CLINICAL SERVICES (PROF FEE),60000,80000,"September 01, 2023",adhoc,A;B;C;D;E;G;H;I;L;M;N;O;P;R;S;T;U;Y
153,OPEN OR ARTHROSCOPIC LABRAL RECONSTRUCTION (BANKART) - ANESTHESIOLOGY,,CLINICAL SERVICES (PROF FEE),32000,50000,"September 01, 2023",adhoc,A;B;C;E;G;H;I;K;L;N;O;P;R;S;T;U;Y
141,OPEN OR ARTHROSCOPIC LABRAL RECONSTRUCTION (BANKART) - ORTHOPEDIC SURGERY,,CLINICAL SERVICES (PROF FEE),80000,100000,"September 01, 2023",adhoc,A;B;C;D;E;G;H;I;K;L;N;O;P;R;S;T;U;Y
401,OPEN ORCHIDOPEXY - ANESTHESIOLOGY,,CLINICAL SERVICES (PROF FEE),16000,45000,"September 01, 2023",adhoc,A;C;D;E;G;H;I;L;N;O;P;R;S;T;X;Y
421,OPEN ORCHIDOPEXY - SURGERY,,CLINICAL SERVICES (PROF FEE),40000,90000,"September 01, 2023",adhoc,C;D;E;G;H;I;N;O;P;R;S;U;X;Y
328,OPEN POSTERIOR LUMBAR FUSION 1-LEVEL (EXCLUSIVE OF IMPLANT) - ANESTHESIOLOGY,,CLINICAL SERVICES (PROF FEE),60000,100000,"September 01, 2023",adhoc,A;B;C;E;F;G;H;I;L;M;N;O;P;R;S;T;U;V;X;Y;1
254,OPEN POSTERIOR LUMBAR FUSION 1-LEVEL (EXCLUSIVE OF IMPLANT) - ORTHOPEDIC SURGERY,,CLINICAL SERVICES (PROF FEE),150000,200000,"October 21, 2023",adhoc,A;B;C;D;E;F;G;H;I;L;M;N;O;P;R;S;T;U;V;X;Y;1
314,OPEN REDUCTION DISTAL RADIUS - ANESTHESIOLOGY,,CLINICAL SERVICES (PROF FEE),14000,25000,"October 21, 2023",adhoc,A;C;D;E;G;H;I;L;N;O;P;R;S;T;U;Y
247,OPEN REDUCTION DISTAL RADIUS - ORTHOPEDIC SURGERY,,CLINICAL SERVICES (PROF FEE),35000,50000,"October 21, 2023",adhoc,A;C;D;E;G;H;I;L;N;O;P;R;S;T;U;Y
329,OPEN TRANSLUMBAR INTERBODY FUSION (TLIF) 1-LEVEL (EXCLUSIVE OF IMPLANT) - ANESTHESIOLOGY,,CLINICAL SERVICES (PROF FEE),70000,112500,"September 01, 2023",adhoc,A;B;C;D;E;F;G;H;I;L;M;N;O;P;R;S;T;U;V;X;Y;1
255,OPEN TRANSLUMBAR INTERBODY FUSION (TLIF) 1-LEVEL (EXCLUSIVE OF IMPLANT) - ORTHOPEDIC SURGERY,,CLINICAL SERVICES (PROF FEE),175000,225000,"September 01, 2023",adhoc,A;B;C;D;E;F;G;H;I;L;M;N;O;P;R;S;T;U;V;X;Y;1
404,OPEN VARICOCELECTOMY - ANESTHESIOLOGY,,CLINICAL SERVICES (PROF FEE),16000,35000,"September 01, 2023",adhoc,A;C;E;G;H;I;L;M;N;O;P;R;S;T;V;Y
426,OPEN VARICOCELECTOMY - SURGERY,,CLINICAL SERVICES (PROF FEE),40000,70000,"September 01, 2023",adhoc,A;C;E;G;I;L;M;N;O;P;R;S;T;U;V;Y
300,OPEN/INCISIONAL BIOPSY - ANESTHESIOLOGY,,CLINICAL SERVICES (PROF FEE),10000,20000,"September 01, 2023",adhoc,A;B;C;E;G;H;I;L;N;O;P;S;T;Y
227,OPEN/INCISIONAL BIOPSY - ORTHOPEDIC SURGERY,,CLINICAL SERVICES (PROF FEE),25000,40000,"September 01, 2023",adhoc,A;B;C;D;E;G;H;I;L;N;O;P;R;S;T;U;Y
454,ORAL PROPHYLAXIS - DENTAL MEDICINE (GENERAL DENTISTRY),,CLINICAL SERVICES (PROF FEE),2000,5000,"August 31, 2023",adhoc,A;C;D;E;G;H;I;L;M;N;O;P;R;S;T;X;Y
521,ORAL PROPHYLAXIS WITH FLUORIDE - DENTAL MEDICINE (PEDIATRIC),,CLINICAL SERVICES (PROF FEE),2000,5000,"August 31, 2023",adhoc,A;C;D;E;F;H;I;L;M;N;O;P;R;S;T;U;W;X;Y
298,ORIF DISTAL RADIUS FRACTURE - ANESTHESIOLOGY,,CLINICAL SERVICES (PROF FEE),24000,45000,"September 01, 2023",adhoc,A;C;D;E;F;G;H;I;L;N;O;R;S;T;U;Y
219,ORIF DISTAL RADIUS FRACTURE - ORTHOPEDIC SURGERY,,CLINICAL SERVICES (PROF FEE),60000,90000,"September 01, 2023",adhoc,A;C;D;E;F;G;H;I;L;O;P;R;S;T;U;Y
294,ORIF METACARPAL OR PHALANAGEAL FRACTURE PER FINGER - ANESTHESIOLOGY,,CLINICAL SERVICES (PROF FEE),10000,20000,"September 01, 2023",adhoc,A;C;E;F;G;H;I;L;M;N;O;P;R;S;T;U;Y
210,ORIF METACARPAL OR PHALANAGEAL FRACTURE PER FINGER - ORTHOPEDIC SURGERY,,CLINICAL SERVICES (PROF FEE),25000,40000,"September 01, 2023",adhoc,A;C;D;E;F;G;H;I;L;M;N;O;P;R;S;T;U;Y
209,ORIF OF ACETABULUM FRACTURE - ANESTHESIOLOGY,,CLINICAL SERVICES (PROF FEE),32000,80000,"September 01, 2023",adhoc,A;B;C;E;F;G;H;I;L;M;N;O;R;S;T;U;Y
174,ORIF OF ACETABULUM FRACTURE - ORTHOPEDIC SURGERY,,CLINICAL SERVICES (PROF FEE),80000,160000,"September 01, 2023",adhoc,A;B;C;D;E;F;G;H;I;L;M;O;P;R;S;T;U;Y
222,ORIF OF ANKLE FRACTURE - ANESTHESIOLOGY,,CLINICAL SERVICES (PROF FEE),26400,50000,"September 01, 2023",adhoc,A;C;E;F;G;H;I;K;L;N;O;R;S;T;U;Y
183,ORIF OF ANKLE FRACTURE - ORTHOPEDIC SURGERY,,CLINICAL SERVICES (PROF FEE),66000,100000,"September 01, 2023",adhoc,A;C;D;E;F;G;H;I;K;L;N;O;P;R;S;T;U;Y
182,ORIF OF CLAVICLE FRACTURE - ANESTHESIOLOGY,,CLINICAL SERVICES (PROF FEE),24000,47500,"September 01, 2023",adhoc,A;C;E;F;G;H;I;L;N;O;R;S;T;U;V;Y
160,ORIF OF CLAVICLE FRACTURE - ORTHOPEDIC SURGERY,,CLINICAL SERVICES (PROF FEE),60000,95000,"September 01, 2023",adhoc,A;C;D;E;F;G;H;I;L;O;P;R;S;T;U;V;Y
214,ORIF OF FEMORAL SHAFT FRACTURE - ANESTHESIOLOGY,,CLINICAL SERVICES (PROF FEE),28000,47500,"September 01, 2023",adhoc,A;C;E;F;G;H;I;L;M;N;O;R;S;T;U;Y
177,ORIF OF FEMORAL SHAFT FRACTURE - ORTHOPEDIC SURGERY,,CLINICAL SERVICES (PROF FEE),70000,95000,"September 01, 2023",adhoc,A;C;D;E;F;G;H;I;L;M;O;P;R;S;T;U;Y
205,ORIF OF FOREARM FRACTURE - ANESTHESIOLOGY,,CLINICAL SERVICES (PROF FEE),22000,45000,"September 01, 2023",adhoc,A;C;E;F;G;H;I;L;M;N;O;R;S;T;U;Y
171,ORIF OF FOREARM FRACTURE - ORTHOPEDIC SURGERY,,CLINICAL SERVICES (PROF FEE),55000,90000,"September 01, 2023",adhoc,A;C;D;E;F;G;H;I;M;O;P;R;S;T;U;Y
195,ORIF OF HUMERAL SHAFT FRACTURE - ANESTHESIOLOGY,,CLINICAL SERVICES (PROF FEE),22000,45000,"September 01, 2023",adhoc,A;C;E;F;G;H;I;L;M;N;O;R;S;T;U;Y
167,ORIF OF HUMERAL SHAFT FRACTURE - ORTHOPEDIC SURGERY,,CLINICAL SERVICES (PROF FEE),55000,90000,"September 01, 2023",adhoc,A;C;D;E;F;G;H;I;L;M;O;P;R;S;T;U;Y
226,ORIF OF METATARSAL BONE FRACTURE - ANESTHESIOLOGY,,CLINICAL SERVICES (PROF FEE),14000,22500,"September 01, 2023",adhoc,A;B;C;E;F;G;H;I;L;M;N;O;R;S;T;U;Y
187,ORIF OF METATARSAL BONE FRACTURE - ORTHOPEDIC SURGERY,,CLINICAL SERVICES (PROF FEE),35000,45000,"September 01, 2023",adhoc,A;B;C;D;E;F;G;H;I;L;M;N;O;P;R;S;T;U;Y
218,ORIF OF PATELLAR FRACTURE - ANESTHESIOLOGY,,CLINICAL SERVICES (PROF FEE),20000,42500,"September 01, 2023",adhoc,A;C;E;F;G;H;I;L;N;O;P;R;S;T;U;Y
179,ORIF OF PATELLAR FRACTURE - ORTHOPEDIC SURGERY,,CLINICAL SERVICES (PROF FEE),50000,85000,"September 01, 2023",adhoc,A;C;D;E;F;G;H;I;L;O;P;R;S;T;U;Y
206,ORIF OF PELVIC FRACTURE - ANESTHESIOLOGY,,CLINICAL SERVICES (PROF FEE),40000,80000,"September 01, 2023",adhoc,A;C;E;F;G;H;I;L;N;O;P;R;S;T;U;V;Y
172,ORIF OF PELVIC FRACTURE - ORTHOPEDIC SURGERY,,CLINICAL SERVICES (PROF FEE),100000,160000,"September 01, 2023",adhoc,A;C;D;E;F;G;H;I;L;O;P;R;S;T;U;V;Y
204,ORIF OF PERIARTICULAR ELBOW FRACTURE - ANESTHESIOLOGY,,CLINICAL SERVICES (PROF FEE),28000,50000,"September 01, 2023",adhoc,A;B;C;E;F;G;H;I;L;N;O;P;R;S;T;U;W;Y
170,ORIF OF PERIARTICULAR ELBOW FRACTURE - ORTHOPEDIC SURGERY,,CLINICAL SERVICES (PROF FEE),70000,100000,"September 01, 2023",adhoc,A;B;C;D;E;F;G;H;I;L;O;P;R;S;T;U;W;Y
212,ORIF OF PROXIMAL FEMORAL (HIP) FRACTURE - ANESTHESIOLOGY,,CLINICAL SERVICES (PROF FEE),28800,57500,"September 01, 2023",adhoc,A;C;E;F;G;H;I;L;M;N;O;P;R;S;T;U;X;Y
176,ORIF OF PROXIMAL FEMORAL (HIP) FRACTURE - ORTHOPEDIC SURGERY,,CLINICAL SERVICES (PROF FEE),72000,115000,"September 01, 2023",adhoc,A;C;D;E;F;G;H;I;L;M;O;P;R;S;T;U;X;Y
194,ORIF OF PROXIMAL HUMERUS FRACTURE - ANESTHESIOLOGY,,CLINICAL SERVICES (PROF FEE),28000,50000,"September 01, 2023",adhoc,A;C;E;F;G;H;I;L;M;N;O;P;R;S;T;U;X;Y
166,ORIF OF PROXIMAL HUMERUS FRACTURE - ORTHOPEDIC SURGERY,,CLINICAL SERVICES (PROF FEE),70000,100000,"September 01, 2023",adhoc,A;C;D;E;F;G;H;I;L;M;O;P;R;S;T;U;X;Y
216,ORIF OF SUPRACONDYLAR FEMUR FRACTURE - ANESTHESIOLOGY,,CLINICAL SERVICES (PROF FEE),24000,50000,"September 01, 2023",adhoc,A;C;D;E;F;G;H;I;L;M;N;O;P;R;S;T;U;Y
178,ORIF OF SUPRACONDYLAR FEMUR FRACTURE - ORTHOPEDIC SURGERY,,CLINICAL SERVICES (PROF FEE),60000,100000,"September 01, 2023",adhoc,A;C;D;E;F;G;H;I;L;M;N;O;P;R;S;T;U;Y
201,ORIF OF SUPRACONDYLAR HUMERUS FRACTURE - ANESTHESIOLOGY,,CLINICAL SERVICES (PROF FEE),24000,47500,"September 01, 2023",adhoc,A;C;D;E;F;G;H;I;L;M;N;O;P;R;S;T;U;Y
168,ORIF OF SUPRACONDYLAR HUMERUS FRACTURE - ORTHOPEDIC SURGERY,,CLINICAL SERVICES (PROF FEE),60000,95000,"September 01, 2023",adhoc,A;C;D;E;F;G;H;I;L;M;N;O;P;R;S;T;U;Y
224,ORIF OF TALAR BONE FRACTURE - ANESTHESIOLOGY,,CLINICAL SERVICES (PROF FEE),21600,28000,"September 01, 2023",adhoc,A;B;C;E;F;G;H;I;L;N;O;R;S;T;U;Y
185,ORIF OF TALAR BONE FRACTURE - ORTHOPEDIC SURGERY,,CLINICAL SERVICES (PROF FEE),54000,70000,"September 01, 2023",adhoc,A;B;C;D;E;F;G;H;I;L;N;O;P;R;S;T;U;Y
223,ORIF OF TIBIAL PLAFOND FRACTURE - ANESTHESIOLOGY,,CLINICAL SERVICES (PROF FEE),26400,55000,"September 01, 2023",adhoc,A;B;C;D;E;F;G;H;I;L;N;O;P;R;S;T;U;Y
184,ORIF OF TIBIAL PLAFOND FRACTURE - ORTHOPEDIC SURGERY,,CLINICAL SERVICES (PROF FEE),66000,110000,"September 01, 2023",adhoc,A;B;C;D;E;F;G;H;I;L;N;O;P;R;S;T;U;Y
220,ORIF OF TIBIAL PLATEAU FRACTURE - ANESTHESIOLOGY,,CLINICAL SERVICES (PROF FEE),24000,55000,"September 01, 2023",adhoc,A;B;C;E;F;G;H;I;L;N;O;P;R;S;T;U;Y
180,ORIF OF TIBIAL PLATEAU FRACTURE - ORTHOPEDIC SURGERY,,CLINICAL SERVICES (PROF FEE),60000,110000,"September 01, 2023",adhoc,A;B;C;D;E;F;G;H;I;L;O;P;R;S;T;U;Y
221,ORIF OF TIBIAL SHAFT FRACTURE - ANESTHESIOLOGY,,CLINICAL SERVICES (PROF FEE),26400,52500,"September 01, 2023",adhoc,A;B;C;E;F;G;H;I;L;N;O;R;S;T;U;Y
181,ORIF OF TIBIAL SHAFT FRACTURE - ORTHOPEDIC SURGERY,,CLINICAL SERVICES (PROF FEE),66000,105000,"September 01, 2023",adhoc,A;B;C;D;E;F;G;H;I;L;O;P;R;S;T;U;Y
230,ORIF OF TOE FRACTURE - ANESTHESIOLOGY,,CLINICAL SERVICES (PROF FEE),10000,17500,"September 01, 2023",adhoc,A;C;E;F;G;H;I;L;N;O;R;S;T;U;Y
188,ORIF OF TOE FRACTURE - ORTHOPEDIC SURGERY,,CLINICAL SERVICES (PROF FEE),25000,35000,"September 01, 2023",adhoc,A;C;D;E;F;G;H;I;O;P;R;S;T;U;Y
460,ORTHODONTIC CONSULTATION - DENTAL MEDICINE,,CLINICAL SERVICES (PROF FEE),1000,2000,"August 31, 2023",adhoc,A;C;D;E;H;I;L;M;N;O;R;S;T;U
463,ORTHOGNATHIC MANAGEMENT(SURGICAL) - DENTAL MEDICINE (ORTHODONTIC),,CLINICAL SERVICES (PROF FEE),200000,350000,"August 31, 2023",adhoc,A;C;D;E;G;H;I;L;M;N;O;R;S;T;U
290,OTOENDOSCOPY - OTORHINOLARYNGOLOGY,,CLINICAL SERVICES (PROF FEE),3000,6000,"September 01, 2023",adhoc,A;C;D;E;G;H;I;L;N;O;P;R;S;T;Y
571,OTOPLASTY (EARS) 2 HOURS - SURGERY,,CLINICAL SERVICES (PROF FEE),52000,82000,"October 21, 2023",adhoc,A;E;G;H;L;O;P;R;S;T;U;Y;2
551,OUT-PATIENT CONSULT WITH NO TREATMENT PLANNING - DENTAL MEDICINE (PERIODONTIC),,CLINICAL SERVICES (PROF FEE),1500,1500,"August 31, 2023",adhoc,A;C;D;E;G;H;I;L;M;N;O;P;R;S;T;U;W
553,OUT-PATIENT CONSULT WITH TREATMENT PLANNING - DENTAL MEDICINE (PERIODONTIC),,CLINICAL SERVICES (PROF FEE),2500,2500,"August 31, 2023",adhoc,A;C;D;E;G;H;I;L;M;N;O;P;R;S;T;U;W
558,OUT-PATIENT CONSULTATION - DENTAL MEDICINE (ENDODONTIC),,CLINICAL SERVICES (PROF FEE),700,1000,"August 31, 2023",adhoc,A;C;D;E;I;L;M;N;O;P;S;T;U
592,OUT-PATIENT CONSULTATION - DERMATOLOGY,,CLINICAL SERVICES (PROF FEE),500,3000,"October 21, 2023",adhoc,A;C;D;E;G;I;L;M;N;O;P;R;S;T;U;Y
484,OUT-PATIENT CONSULTATION FEE - DENTAL MEDICINE (ORAL MAXILLO FACIAL SURGERY),,CLINICAL SERVICES (PROF FEE),1500,3500,"August 31, 2023",adhoc,A;C;D;E;F;G;I;L;M;N;O;P;R;S;T;U;X;Y
518,OUT-PATIENT CONSULTATION FEE - DENTAL MEDICINE (PEDIATRIC),,CLINICAL SERVICES (PROF FEE),1000,1500,"August 31, 2023",adhoc,A;C;D;E;F;I;L;M;N;O;P;R;S;T;U
567,OUT-PATIENT CONSULTATION FEE - DENTAL MEDICINE (PROSTHODONTIC),,CLINICAL SERVICES (PROF FEE),1120,1120,"August 31, 2023",adhoc,A;C;D;E;F;H;I;L;M;N;O;P;R;S;T;U
623,OUTPATIENT BLOOD TRANSFUSION - HEMATOLOGY,,CLINICAL SERVICES (PROF FEE),2000,5000,"September 01, 2023",adhoc,A;B;D;E;F;G;H;I;L;M;N;O;P;R;S;T;U;Y
621,OUTPATIENT CHEMOTHERAPY - HEMATOLOGY,,CLINICAL SERVICES (PROF FEE),5000,15000,"September 01, 2023",adhoc,A;C;E;G;H;I;L;M;N;O;P;R;T;U;Y
36,OUTPATIENT CONSULTATION,,CLINICAL SERVICES (PROF FEE),800,1600,"September 01, 2023",adhoc,A;C;E;I;L;N;O;P;S;T;U
613,OUTPATIENT CONSULTATION - GENERAL MEDICINE,,CLINICAL SERVICES (PROF FEE),500,2500,"September 01, 2023",adhoc,A;C;D;E;G;I;L;M;N;O;P;R;S;T;U
616,OUTPATIENT CONSULTATION - HEMATOLOGY,,CLINICAL SERVICES (PROF FEE),1000,2500,"September 01, 2023",adhoc,A;C;E;G;H;I;L;M;N;O;P;S;T;U;Y
133,OUTPATIENT CONSULTATION - ORTHOPEDIC SURGERY,,CLINICAL SERVICES (PROF FEE),1000,2000,"September 01, 2023",adhoc,A;C;D;E;G;H;I;L;N;O;P;R;S;T;U;Y
37,OUTPATIENT CONSULTATION - RHEUMATOLOGY,,CLINICAL SERVICES (PROF FEE),800,1600,"September 01, 2023",adhoc,A;C;E;G;H;I;L;M;N;O;P;R;S;T;U;Y
415,OUTPATIENT CONSULTATION - SURGERY (PEDIA SURGERY),,CLINICAL SERVICES (PROF FEE),1500,2000,"September 01, 2023",adhoc,A;C;D;E;G;I;L;N;O;P;R;S;T;U;Y
450,OUTPATIENT CONSULTATION - SURGERY (PERIPHERAL VASCULAR SURGERY),,CLINICAL SERVICES (PROF FEE),2000,4000,"September 01, 2023",adhoc,A;C;E;G;H;I;L;N;O;P;R;S;T;U;V;Y
543,OUTPATIENT CONSULTATION - SURGERY (PLASTIC SURGERY),,CLINICAL SERVICES (PROF FEE),2000,5000,"September 01, 2023",adhoc,A;C;E;G;I;L;N;O;P;R;S;T;U;Y
477,OUTPATIENT CONSULTATION - SURGERY (UROLOGY),,CLINICAL SERVICES (PROF FEE),1500,5000,"September 01, 2023",adhoc,A;C;E;G;I;L;N;O;P;R;S;T;U;Y
641,OUTPATIENT CONSULTATION FEE - NEPHROLOGY,,CLINICAL SERVICES (PROF FEE),1000,3000,"September 01, 2023",adhoc,A;C;E;F;G;H;I;L;N;O;P;R;S;T;U;Y
58,OUTPATIENT CONSULTATION FEE - NEUROLOGICAL SCIENCES (NEUROLOGY),,CLINICAL SERVICES (PROF FEE),1200,5000,"September 01, 2023",adhoc,A;C;E;F;G;I;L;N;O;P;R;S;T;U;Y
82,OUTPATIENT CONSULTATION FEE - NEUROLOGICAL SCIENCES (NEUROSURGERY),,CLINICAL SERVICES (PROF FEE),1000,2000,"September 01, 2023",adhoc,A;C;E;F;G;I;L;N;O;P;R;S;T;U;Y
74,OUTPATIENT CONSULTATION FEE - NEUROLOGICAL SCIENCES (PSYCHIATRY),,CLINICAL SERVICES (PROF FEE),3000,6000,"September 01, 2023",adhoc,A;C;E;F;G;H;I;L;N;O;P;R;S;T;U;Y
714,OUTPATIENT CONSULTATIONS - GASTROENTEROLOGY,,CLINICAL SERVICES (PROF FEE),1000,2000,"September 01, 2023",adhoc,A;C;E;G;I;L;N;O;P;R;S;T;U;Y
120,PAN RETINAL LASER PHOTOCOAGULATION - OPHTHALMOLOGY,,CLINICAL SERVICES (PROF FEE),15000,25000,"September 01, 2023",adhoc,A;C;E;G;H;I;L;M;N;O;P;R;S;T;U;Y
93,PAP SMEAR - OBSTETRICS & GYNECOLOGY,,CLINICAL SERVICES (PROF FEE),200,3000,"September 01, 2023",adhoc,A;B;C;E;G;I;L;M;N;O;P;R;S;T;Y
53,PARS PLANA VITRECTOMY - ANESTHESIOLOGY,,CLINICAL SERVICES (PROF FEE),16000,50000,"September 01, 2023",adhoc,A;C;E;G;H;I;L;M;N;O;P;R;S;T;V;Y
127,PARS PLANA VITRECTOMY - OPHTHALMOLOGY,,CLINICAL SERVICES (PROF FEE),40000,100000,"September 01, 2023",adhoc,A;C;E;G;H;I;L;M;N;O;P;R;S;T;V;Y
119,PARTIAL HIP ARTHROPLASTY (ELECTIVE) - ANESTHESIOLOGY,,CLINICAL SERVICES (PROF FEE),28000,50000,"September 01, 2023",adhoc,A;C;E;G;H;I;L;N;O;P;R;S;T;V;Y
136,PARTIAL HIP ARTHROPLASTY (ELECTIVE) - ORTHOPEDIC SURGERY,,CLINICAL SERVICES (PROF FEE),70000,100000,"September 01, 2023",adhoc,A;C;D;E;G;H;I;L;O;P;R;S;T;U;V;Y
211,PARTIAL HIP ARTHROPLASTY OF ANY HIP FRACTURE - ANESTHESIOLOGY,,CLINICAL SERVICES (PROF FEE),28000,55000,"September 01, 2023",adhoc,A;C;E;F;G;H;I;L;N;O;P;R;S;T;U;Y
175,PARTIAL HIP ARTHROPLASTY OF ANY HIP FRACTURE - ORTHOPEDIC SURGERY,,CLINICAL SERVICES (PROF FEE),70000,110000,"September 01, 2023",adhoc,A;C;D;E;F;G;H;I;L;N;O;P;R;S;T;U;Y
388,PARTIAL MASTECTOMY + SENTINEL NODE + ALND - ANESTHESIOLOGY,,CLINICAL SERVICES (PROF FEE),100,80000,"August 31, 2023",adhoc,A;C;D;E;G;H;I;L;M;N;O;P;R;S;T;Y
412,PARTIAL MASTECTOMY + SENTINEL NODE + ALND - SURGERY,,CLINICAL SERVICES (PROF FEE),125000,175000,"August 31, 2023",adhoc,A;C;D;E;G;I;L;M;N;O;P;R;S;T;U;Y
611,PATCH TESTING - DERMATOLOGY,,CLINICAL SERVICES (PROF FEE),10000,10000,"August 31, 2023",adhoc,A;C;D;E;G;H;I;L;M;N;O;P;R;S;T;Y
121,PATELLAR STABILIZATION (MPFL RECONSTRUCTION OR LATERAL RELEASE) - ANESTHESIOLOGY,,CLINICAL SERVICES (PROF FEE),28000,45000,"September 01, 2023",adhoc,A;B;C;E;F;G;H;I;L;M;N;O;P;R;S;T;U;Y;Z
137,PATELLAR STABILIZATION (MPFL RECONSTRUCTION OR LATERAL RELEASE) - ORTHOPEDIC SURGERY,,CLINICAL SERVICES (PROF FEE),70000,90000,"September 01, 2023",adhoc,A;B;C;D;E;F;G;H;I;L;M;N;O;P;R;S;T;U;Y;Z
778,PEDIATRIC INTENSIVE CARE UNIT - INTUBATION - PEDIATRICS,,CLINICAL SERVICES (PROF FEE),10000,10000,"October 23, 2023",adhoc,A;B;C;D;E;I;N;O;P;R;S;T;U;V
378,PEG - ANESTHESIOLOGY,,CLINICAL SERVICES (PROF FEE),12000,17500,"September 01, 2023",adhoc,A;E;G;H;I;L;N;O;P;S;T;Y
3,PEG - PEDIATRICS,,CLINICAL SERVICES (PROF FEE),30000,35000,"September 01, 2023",adhoc,A;C;D;E;G;I;P;R;S;T
609,PERCUTANEOUS GASTROSTOMY TUBE INSERTION - GASTROENTEROLOGY,,CLINICAL SERVICES (PROF FEE),16800,42000,"September 01, 2023",adhoc,A;B;C;E;G;I;L;M;N;O;P;R;S;T;U;Y
361,PERCUTANEOUS TRIGGER FINGER RELEASE - PHYSICAL MEDICINE AND REHABILITATION,,CLINICAL SERVICES (PROF FEE),10000,20000,"September 01, 2023",adhoc,A;B;C;D;E;F;G;H;I;L;M;N;O;P;R;S;T;U;Y
639,PERICARDIOCENTESIS - EMERGENCY MEDICINE,,CLINICAL SERVICES (PROF FEE),3600,3600,"September 01, 2023",adhoc,A;C;D;E;G;I;M;N;O;P;R;S;T;Y
356,PERINEURAL INJECTION TREATMENT - PHYSICAL MEDICINE AND REHABILITATION,,CLINICAL SERVICES (PROF FEE),5000,15000,"September 01, 2023",adhoc,A;B;C;D;E;H;I;J;L;M;N;O;P;R;S;T;U;Y
555,PERIODONTAL SURGERY - OSSEOUS SURGERY - DENTAL MEDICINE (PERIODONTIC),,CLINICAL SERVICES (PROF FEE),20000,30000,"August 31, 2023",adhoc,A;C;D;E;G;I;L;M;N;O;P;R;S;T;U;Y
629,PERIPHERAL BLOOD SMEAR REVIEW - HEMATOLOGY,,CLINICAL SERVICES (PROF FEE),2500,2500,"September 01, 2023",adhoc,A;B;D;E;G;H;I;L;M;O;P;R;S;T;V;W;Y
440,PERIPHERAL PER EXTREMITY - ANESTHESIOLOGY,,CLINICAL SERVICES (PROF FEE),60000,125000,"September 01, 2023",adhoc,A;E;G;H;I;L;M;N;O;P;R;S;T;X;Y
474,PERIPHERAL PER EXTREMITY - SURGERY,,CLINICAL SERVICES (PROF FEE),150000,250000,"September 01, 2023",adhoc,A;E;G;H;I;L;M;P;R;S;T;U;X;Y
350,PERONEAL TENDONSCOPY/REPAIR - ANESTHESIOLOGY,,CLINICAL SERVICES (PROF FEE),18000,30000,"September 01, 2023",adhoc,A;C;D;E;G;H;I;L;N;O;P;R;S;T;Y
271,PERONEAL TENDOSCOPY/REPAIR - ORTHOPEDIC SURGERY,,CLINICAL SERVICES (PROF FEE),45000,60000,"September 01, 2023",adhoc,A;C;D;E;G;H;I;L;N;O;P;R;S;T;U;Y
626,PHLEBOTOMY - HEMATOLOGY,,CLINICAL SERVICES (PROF FEE),2500,2500,"September 01, 2023",adhoc,A;B;E;G;H;L;M;O;P;T;Y
606,PHOTOTHERAPY PER SESSION - DERMATOLOGY,,CLINICAL SERVICES (PROF FEE),975,1975,"August 31, 2023",adhoc,A;D;E;G;H;I;L;M;N;O;P;R;S;T;Y
425,PICC LINE - ANESTHESIOLOGY,,CLINICAL SERVICES (PROF FEE),10000,22500,"August 31, 2023",adhoc,A;C;E;G;H;I;L;N;O;P;S;T;Y
458,PICC LINE - SURGERY,,CLINICAL SERVICES (PROF FEE),25000,45000,"August 31, 2023",adhoc,C;E;G;I;L;N;P;R;S;U;Y
517,PIGTAIL CATHETER INSERTION FOR PLEURAL EFFUSION - SURGERY,,CLINICAL SERVICES (PROF FEE),25000,60000,"September 01, 2023",adhoc,A;C;E;F;G;H;I;L;N;O;P;R;S;T;U;Y
46,PIGTAIL INSERTION - ANESTHESIOLOGY,,CLINICAL SERVICES (PROF FEE),6000,10000,"September 01, 2023",adhoc,A;E;G;H;I;L;N;O;P;R;S;T;Y
31,PIGTAIL INSERTION - PULMONARY MEDICINE,,CLINICAL SERVICES (PROF FEE),15000,20000,"September 01, 2023",adhoc,A;C;D;E;G;I;L;M;N;O;P;R;S;T;U;Y
353,PLATELET RICH PLASMA INJECTION; PROCEDURE ONLY - PHYSICAL MEDICINE AND REHABILITATION,,CLINICAL SERVICES (PROF FEE),25000,90000,"September 01, 2023",adhoc,A;B;C;D;E;H;I;J;L;M;N;O;P;R;S;T;U;Y
640,POINT OF CARE ULTRASOUND - EMERGENCY MEDICINE,,CLINICAL SERVICES (PROF FEE),1800,1800,"September 01, 2023",adhoc,A;C;D;E;F;G;I;L;M;N;O;P;R;S;T;U;Y
340,POSTERIOR ANKLE DECOMPRESSION/SYNOVECTOMY - ANESTHESIOLOGY,,CLINICAL SERVICES (PROF FEE),24000,40000,"September 01, 2023",adhoc,A;C;D;E;G;H;I;K;L;M;N;O;P;R;S;T;V;Y
264,POSTERIOR ANKLE DECOMPRESSION/SYNOVECTOMY - ORTHOPEDIC SURGERY,,CLINICAL SERVICES (PROF FEE),60000,80000,"October 21, 2023",adhoc,A;C;D;E;G;H;I;K;L;M;N;O;P;R;S;T;U;V;Y
703,PPI ICD AND CRT IMPLANTS - CARDIOLOGY,,CLINICAL SERVICES (PROF FEE),160000,250000,"September 01, 2023",adhoc,A;C;D;G;I;L;M;N;O;P;R;S;T;Y
691,PRECIPITATE DELIVERY - EMERGENCY MEDICINE,,CLINICAL SERVICES (PROF FEE),3600,3600,"September 01, 2023",adhoc,A;C;D;E;G;I;L;M;N;P;R;T;V;Y
94,PRENATAL - OBSTETRICS & GYNECOLOGY,,CLINICAL SERVICES (PROF FEE),500,3000,"September 01, 2023",adhoc,A;B;C;E;G;I;L;N;O;P;R;S;T;Y
698,PREOPERATIVE CARDIOVASCULAR EVALUATION INPATIENT - CARDIOLOGY,,CLINICAL SERVICES (PROF FEE),7000,20000,"October 21, 2023",adhoc,A;C;D;E;G;I;L;N;O;P;R;S;T;U;V;Y
752,PREOPERATIVE CARDIOVASCULAR EVALUATION OUTPATIENT - CARDIOLOGY,,CLINICAL SERVICES (PROF FEE),3000,6000,"October 21, 2023",adhoc,A;C;D;E;G;I;L;N;O;P;R;S;T;U;V;Y
542,PRIMARY TOOTH ZIRCONIA CROWN - DENTAL MEDICINE (PEDIATRIC),,CLINICAL SERVICES (PROF FEE),7500,10000,"August 31, 2023",adhoc,A;C;D;E;H;I;L;M;N;O;P;R;T;W;Y;Z
642,PROCEDURAL SEDATION - EMERGENCY MEDICINE,,CLINICAL SERVICES (PROF FEE),3600,3600,"September 01, 2023",adhoc,A;C;D;E;G;I;L;M;N;O;P;R;S;T;U;Y
346,PROFESSIONAL FEES FOR OUT PATIENT - PHYSICAL MEDICINE AND REHABILITATION,,CLINICAL SERVICES (PROF FEE),800,3000,"September 01, 2023",adhoc,A;B;C;D;E;F;H;I;L;M;N;O;P;R;S;T;U;Y
445,PROSTATE - ANESTHESIOLOGY,,CLINICAL SERVICES (PROF FEE),1000,100000,"September 01, 2023",adhoc,A;E;G;H;I;L;N;O;P;R;S;T;Y
479,PROSTATE - SURGERY,,CLINICAL SERVICES (PROF FEE),2000,200000,"September 01, 2023",adhoc,A;E;G;O;P;R;S;T;U;Y
449,PROSTATE BIOPSY - ANESTHESIOLOGY,,CLINICAL SERVICES (PROF FEE),1000,25000,"September 01, 2023",adhoc,A;B;E;G;H;I;L;N;O;P;R;S;T;Y
483,PROSTATE BIOPSY - SURGERY,,CLINICAL SERVICES (PROF FEE),2000,50000,"September 01, 2023",adhoc,A;B;E;G;I;O;P;R;S;T;U;Y
55,PTERYGIUM EXCISION - ANESTHESIOLOGY,,CLINICAL SERVICES (PROF FEE),4000,10000,"September 01, 2023",adhoc,A;C;E;G;H;I;L;M;N;O;P;R;S;T;U;X;Y
130,PTERYGIUM EXCISION - OPHTHALMOLOGY,,CLINICAL SERVICES (PROF FEE),10000,20000,"September 01, 2023",adhoc,A;C;E;G;H;I;L;M;N;O;P;R;S;T;U;X;Y
772,PULMONOLOGY - PEDIATRICS (ADMISSIONS / REFERRALS / PROCEDURES),,CLINICAL SERVICES (PROF FEE),1500,5000,"October 23, 2023",adhoc,A;C;D;E;F;G;I;L;M;N;O;P;R;S;T;U;Y
771,PULMONOLOGY - PEDIATRICS (OUTPATIENT CONSULTATIONS),,CLINICAL SERVICES (PROF FEE),500,2000,"October 23, 2023",adhoc,A;C;D;E;G;I;L;M;N;O;P;R;S;T;U;Y
536,PULPECTOMY - DENTAL MEDICINE (PEDIATRIC),,CLINICAL SERVICES (PROF FEE),5000,10000,"August 31, 2023",adhoc,A;C;D;E;I;L;M;N;O;P;R;T;U;Y
534,PULPOTOMY - DENTAL MEDICINE (PEDIATRIC),,CLINICAL SERVICES (PROF FEE),3500,7500,"August 31, 2023",adhoc,A;C;D;E;I;L;M;N;O;P;R;T;U;Y
309,RADICAL EXCISION WITH BONE GRAFTING - ANESTHESIOLOGY,,CLINICAL SERVICES (PROF FEE),48000,75000,"September 01, 2023",adhoc,A;B;C;D;E;F;G;H;I;L;N;O;R;S;T;W;X;Y
242,RADICAL EXCISION WITH BONE GRAFTING - ORTHOPEDIC SURGERY,,CLINICAL SERVICES (PROF FEE),120000,150000,"September 01, 2023",adhoc,A;B;C;D;E;F;G;H;I;L;N;O;P;R;S;T;U;W;X;Y
310,RADICAL EXCISION WITH ENDOPROSTHESIS - ANESTHESIOLOGY,,CLINICAL SERVICES (PROF FEE),60000,100000,"September 01, 2023",adhoc,A;C;D;E;G;H;I;L;N;O;P;R;S;T;W;X;Y
243,RADICAL EXCISION WITH ENDOPROSTHESIS - ORTHOPEDIC SURGERY,,CLINICAL SERVICES (PROF FEE),150000,200000,"September 01, 2023",adhoc,A;C;D;E;G;H;I;L;N;O;P;R;S;T;U;W;X;Y
308,RADICAL RESECTION BONE - ANESTHESIOLOGY,,CLINICAL SERVICES (PROF FEE),40000,75000,"September 01, 2023",adhoc,A;B;C;D;E;G;H;I;L;N;O;R;S;T;Y
241,RADICAL RESECTION BONE - ORTHOPEDIC SURGERY,,CLINICAL SERVICES (PROF FEE),100000,150000,"September 01, 2023",adhoc,A;B;C;D;E;G;H;I;L;N;O;P;R;S;T;U;Y
307,RADICAL RESECTION SOFT TISSUE W/O - W/ RECON 80-120K - ANESTHESIOLOGY,,CLINICAL SERVICES (PROF FEE),32000,60000,"September 01, 2023",adhoc,A;C;D;E;F;G;H;I;K;L;N;O;R;S;T;U;W;Y;0;1;2;8
240,RADICAL RESECTION SOFT TISSUE W/O - W/ RECON 80-120K - ORTHOPEDIC SURGERY,,CLINICAL SERVICES (PROF FEE),80000,120000,"September 01, 2023",adhoc,A;C;D;E;F;G;H;I;K;L;N;O;P;R;S;T;U;W;Y;0;1;2;8
87,RADIOACTIVE IODINE THERAPY - NUCLEAR MEDICINE,,CLINICAL SERVICES (PROF FEE),8000,45000,"September 01, 2023",adhoc,A;C;D;E;H;I;L;M;N;O;P;R;T;U;V;Y
564,RE-ROOT CANAL TREATMENT - DENTAL MEDICINE (ENDODONTIC),,CLINICAL SERVICES (PROF FEE),2000,5000,"August 31, 2023",adhoc,A;C;D;E;I;L;M;N;O;R;T
525,RECTAL RESECTION (LAPAROSCOPIC) - SURGERY,,CLINICAL SERVICES (PROF FEE),2000,350000,"September 01, 2023",adhoc,A;C;E;G;I;L;N;O;P;R;S;T;U;Y
526,RECTAL RESECTION (OPEN) - SURGERY,,CLINICAL SERVICES (PROF FEE),2000,250000,"September 01, 2023",adhoc,A;C;E;G;I;L;N;O;P;R;S;T;U;Y
563,REDUCTION RHINOPLASTY 2 HOURS - SURGERY,,CLINICAL SERVICES (PROF FEE),91000,111000,"September 01, 2023",adhoc,A;C;D;E;G;H;I;L;N;O;P;R;S;T;U;Y;2
656,REGULAR ROOM EXCEPT 9TH FLOOR - ONCOLOGY,,CLINICAL SERVICES (PROF FEE),1200,2500,"October 21, 2023",adhoc,A;C;E;F;G;H;L;M;N;O;P;R;T;U;X;Y;9
282,RELEASE OF DE QUERVAIN'S (LOCAL ANESTH) - ANESTHESIOLOGY,,CLINICAL SERVICES (PROF FEE),4800,10000,"September 01, 2023",adhoc,A;C;D;E;F;G;H;I;L;N;O;Q;R;S;T;U;V;Y
198,RELEASE OF DE QUERVAIN'S (LOCAL ANESTH) - ORTHOPEDIC SURGERY,,CLINICAL SERVICES (PROF FEE),12000,20000,"September 01, 2023",adhoc,A;C;D;E;F;G;H;I;L;N;O;P;Q;R;S;T;U;V;Y
550,REMOVABLE APPLIANCE THERAPY (MYOBRACE) - DENTAL MEDICINE (PEDIATRIC),,CLINICAL SERVICES (PROF FEE),35000,50000,"August 31, 2023",adhoc,A;B;C;D;E;H;I;L;M;N;O;P;R;T;V;Y
577,REMOVABLE PARTIAL DENTURE - DENTAL MEDICINE (PROSTHODONTIC),,CLINICAL SERVICES (PROF FEE),20000,55000,"August 31, 2023",adhoc,A;B;C;D;E;H;I;L;M;N;O;P;R;S;T;U;V
279,REMOVAL OF CERUMEN / SUCTIONING OF EAR DISCHARGE - OTORHINOLARYNGOLOGY,,CLINICAL SERVICES (PROF FEE),1500,4500,"September 01, 2023",adhoc,A;C;D;E;F;G;H;I;L;M;N;O;R;S;T;U;V;Y
374,REMOVAL OF FOREIGN BODY (EAR/NOSE/THROAT) - ANESTHESIOLOGY,,CLINICAL SERVICES (PROF FEE),1200,3000,"September 01, 2023",adhoc,A;B;D;E;F;G;H;I;L;M;N;O;R;S;T;V;Y
283,REMOVAL OF FOREIGN BODY (EAR/NOSE/THROAT) - OTORHINOLARYNGOLOGY,,CLINICAL SERVICES (PROF FEE),3000,6000,"September 01, 2023",adhoc,A;B;D;E;F;G;H;I;L;M;N;O;R;S;T;V;Y
10,REMOVAL OF IMPACTED TOOTH - ANESTHESIOLOGY,,CLINICAL SERVICES (PROF FEE),6000,25000,"September 01, 2023",adhoc,A;C;D;E;F;G;H;I;L;M;N;O;P;R;S;T;V;Y
488,REMOVAL OF IMPACTED TOOTH - DENTAL MEDICINE (ORAL MAXILLO FACIAL SURGERY),,CLINICAL SERVICES (PROF FEE),15000,50000,"August 31, 2023",adhoc,A;C;D;E;F;G;H;I;L;M;N;O;P;R;S;T;U;V;X;Y
14,REPAIR OF ORO-ANTRAL FISTULA/COMMUNICATION VIA COMBINED GINGIVOBUCCAL ADVANCEMENT FLAP AND BUCCAL FAT ADVANCEMENT FLAP - ANESTHESIOLOGY,,CLINICAL SERVICES (PROF FEE),32000,50000,"August 31, 2023",adhoc,A;B;C;D;E;F;G;H;I;L;M;N;O;P;R;S;T;U;V;Y
499,REPAIR OF ORO-ANTRAL FISTULA/COMMUNICATION VIA COMBINED GINGIVOBUCCAL ADVANCEMENT FLAP AND BUCCAL FAT ADVANCEMENT FLAP - DENTAL MEDICINE (ORAL MAXILLO,,CLINICAL SERVICES (PROF FEE),80000,100000,"August 31, 2023",adhoc,A;B;C;D;E;F;G;I;L;M;N;O;P;R;S;T;U;V;X
13,REPAIR OF ORO-ANTRAL FISTULA/COMMUNICATION VIA GINGIVOBUCCAL ADVANCEMENT FLAP - ANESTHESIOLOGY,,CLINICAL SERVICES (PROF FEE),24000,40000,"August 31, 2023",adhoc,A;B;C;D;E;F;G;H;I;L;M;N;O;P;R;S;T;U;V;Y
751,REPAIR OF ORO-ANTRAL FISTULA/COMMUNICATION VIA GINGIVOBUCCAL ADVANCEMENT FLAP - DENTAL MEDICINE (ORAL MAXILLO FACIAL SURGERY),,CLINICAL SERVICES (PROF FEE),60000,80000,"October 21, 2023",adhoc,A;B;C;D;E;F;G;I;L;M;N;O;P;R;S;T;U;V;X;Y
372,RIGID NASAL / LARYNGEAL ENDOSCOPY - ANESTHESIOLOGY,,CLINICAL SERVICES (PROF FEE),2000,5000,"October 21, 2023",adhoc,A;C;D;E;G;H;I;L;N;O;P;R;S;T;Y
280,RIGID NASAL / LARYNGEAL ENDOSCOPY - OTORHINOLARYNGOLOGY,,CLINICAL SERVICES (PROF FEE),5000,10000,"September 01, 2023",adhoc,A;C;D;E;G;H;I;L;N;O;P;R;S;T;Y
560,ROOT CANAL TREATMENT 1 CANAL - DENTAL MEDICINE (ENDODONTIC),,CLINICAL SERVICES (PROF FEE),9000,15000,"September 01, 2023",adhoc,A;C;D;E;I;L;M;N;O;R;T;1
561,ROOT CANAL TREATMENT 2 CANALS - DENTAL MEDICINE (ENDODONTIC),,CLINICAL SERVICES (PROF FEE),18000,25000,"September 01, 2023",adhoc,A;C;D;E;I;L;M;N;O;R;S;T;2
562,ROOT CANAL TREATMENT MOLARS (3-4 CANALS) - DENTAL MEDICINE (ENDODONTIC),,CLINICAL SERVICES (PROF FEE),27000,35000,"September 01, 2023",adhoc,A;C;D;E;I;L;M;N;O;R;S;T;3;4
311,ROTATIONPLASTY - ANESTHESIOLOGY,,CLINICAL SERVICES (PROF FEE),60000,100000,"August 31, 2023",adhoc,A;E;G;H;I;L;N;O;P;R;S;T;Y
244,ROTATIONPLASTY - ORTHOPEDIC SURGERY,,CLINICAL SERVICES (PROF FEE),150000,200000,"August 31, 2023",adhoc,A;C;D;E;G;H;I;L;N;O;P;R;S;T;U;Y
538,SAFORIDE APPLICATION (PER TOOTH) - DENTAL MEDICINE (PEDIATRIC),,CLINICAL SERVICES (PROF FEE),500,500,"August 31, 2023",adhoc,A;C;D;E;F;H;I;L;M;N;O;P;R;S;T
337,SCOLIOSIS SURGERY THORACIC AND/OR LUMBAR - ANESTHESIOLOGY,,CLINICAL SERVICES (PROF FEE),100000,250000,"August 31, 2023",adhoc,A;B;C;D;E;G;H;I;L;M;N;O;R;S;T;U;Y
261,SCOLIOSIS SURGERY THORACIC AND/OR LUMBAR - ORTHOPEDIC SURGERY,,CLINICAL SERVICES (PROF FEE),250000,500000,"August 31, 2023",adhoc,A;B;C;D;E;G;H;I;L;M;N;O;P;R;S;T;U;Y
531,SEALANT - DENTAL MEDICINE (PEDIATRIC),,CLINICAL SERVICES (PROF FEE),3000,5000,"August 31, 2023",adhoc,A;C;D;E;I;L;M;N;P;R;S;T
507,SEGMENTECTOMY - SURGERY,,CLINICAL SERVICES (PROF FEE),200000,400000,"August 31, 2023",adhoc,C;E;G;M;N;O;R;S;T;U;Y
756,SEMI PRIVATE - CARDIOLOGY,,CLINICAL SERVICES (PROF FEE),1350,4050,"October 23, 2023",adhoc,A;C;D;E;G;I;L;M;O;P;R;S;T;V;Y
22,SEMI PRIVATE ROOM - PULMONARY MEDICINE,,CLINICAL SERVICES (PROF FEE),2000,3000,"August 31, 2023",adhoc,A;C;D;E;I;L;M;N;O;P;R;S;T;U;V;Y
132,SHOULDER ARTHROSCOPIC ROTATOR CUFF REPAIR - ANESTHESIOLOGY,,CLINICAL SERVICES (PROF FEE),28000,50000,"August 31, 2023",adhoc,A;C;D;E;F;G;H;I;L;N;O;P;R;S;T;U;Y
139,SHOULDER ARTHROSCOPIC ROTATOR CUFF REPAIR - ORTHOPEDIC SURGERY,,CLINICAL SERVICES (PROF FEE),70000,100000,"August 31, 2023",adhoc,A;C;D;E;F;G;H;I;L;O;P;R;S;T;U;Y
303,SHOULDER/HIP DISARTICULATION - ANESTHESIOLOGY,,CLINICAL SERVICES (PROF FEE),32000,50000,"August 31, 2023",adhoc,A;C;D;E;G;H;I;L;N;O;P;R;S;T;U;Y
232,SHOULDER/HIP DISARTICULATION - ORTHOPEDIC SURGERY,,CLINICAL SERVICES (PROF FEE),80000,100000,"August 31, 2023",adhoc,A;C;D;E;G;H;I;L;N;O;P;R;S;T;U;Y
573,SINGLE COMPLETE DENTURE - DENTAL MEDICINE (PROSTHODONTIC),,CLINICAL SERVICES (PROF FEE),20000,60000,"August 31, 2023",adhoc,A;C;D;E;G;H;I;L;M;N;O;P;R;S;T;U
19,SINUS LIFT - ANESTHESIOLOGY,,CLINICAL SERVICES (PROF FEE),24000,50000,"August 31, 2023",adhoc,A;E;F;G;H;I;L;N;O;S;T;U;Y
515,SINUS LIFT - DENTAL MEDICINE (ORAL MAXILLO FACIAL SURGERY),,CLINICAL SERVICES (PROF FEE),60000,100000,"August 31, 2023",adhoc,A;C;D;E;F;G;I;L;M;N;O;R;S;T;U;X;Y
601,SKIN BIOPSY - DERMATOLOGY,,CLINICAL SERVICES (PROF FEE),1000,5000,"August 31, 2023",adhoc,A;B;D;E;G;I;K;L;M;N;O;P;R;S;T;Y
757,SMALL PRIVATE - CARDIOLOGY,,CLINICAL SERVICES (PROF FEE),2000,6000,"October 23, 2023",adhoc,A;C;D;E;G;I;L;M;O;P;R;S;T;V;Y
23,SMALL PRIVATE ROOM - PULMONARY MEDICINE,,CLINICAL SERVICES (PROF FEE),2500,4000,"August 31, 2023",adhoc,A;C;D;E;I;L;M;N;O;P;R;S;T;U;V;Y
16,SOCKET PRESERVATION - ANESTHESIOLOGY,,CLINICAL SERVICES (PROF FEE),7200,15000,"August 31, 2023",adhoc,A;C;E;G;H;I;K;L;N;O;P;R;S;T;V;Y
511,SOCKET PRESERVATION - DENTAL MEDICINE (ORAL MAXILLO FACIAL SURGERY),,CLINICAL SERVICES (PROF FEE),18000,30000,"August 31, 2023",adhoc,A;C;D;E;F;G;I;K;L;M;N;O;P;R;S;T;U;V;X;Y
545,SPACE MAINTAINER/BOND & LOOP - DENTAL MEDICINE (PEDIATRIC),,CLINICAL SERVICES (PROF FEE),7500,10000,"August 31, 2023",adhoc,A;B;C;D;E;I;L;M;N;O;P;R;S;T
625,STABILIZATION OF OTHER CRITICAL CASES - EMERGENCY MEDICINE,,CLINICAL SERVICES (PROF FEE),3600,3600,"August 31, 2023",adhoc,A;B;C;D;E;F;G;H;I;L;M;N;O;R;S;T;Y;Z
540,STAINLESS STEEL CROWN - DENTAL MEDICINE (PEDIATRIC),,CLINICAL SERVICES (PROF FEE),4000,7500,"August 31, 2023",adhoc,A;C;D;E;I;L;M;N;O;P;R;S;T;W
49,STENT INSERTION - ANESTHESIOLOGY,,CLINICAL SERVICES (PROF FEE),12000,20000,"August 31, 2023",adhoc,A;E;G;H;I;L;N;O;R;S;T;Y
34,STENT INSERTION - PULMONARY MEDICINE,,CLINICAL SERVICES (PROF FEE),30000,40000,"August 31, 2023",adhoc,A;C;D;E;I;L;M;N;O;P;R;S;T;U;Y
495,STERNOTOMY- PERICARDIECTOMY - SURGERY,,CLINICAL SERVICES (PROF FEE),90000,900000,"August 31, 2023",adhoc,A;C;D;E;G;I;M;N;O;P;R;S;T;U;Y
348,STEROID INJECTION: PROCEDURE ONLY - PHYSICAL MEDICINE AND REHABILITATION,,CLINICAL SERVICES (PROF FEE),2000,2000,"August 31, 2023",adhoc,A;B;C;D;E;H;I;J;L;M;N;O;P;R;S;T;U;Y
541,STRIP OFF CROWN - DENTAL MEDICINE (PEDIATRIC),,CLINICAL SERVICES (PROF FEE),4000,7500,"August 31, 2023",adhoc,A;C;D;E;F;I;L;M;N;O;P;R;S;T;W
661,SUBCUTANEOUS ADMINISTRATION OF ADJUNCT - ONCOLOGY,,CLINICAL SERVICES (PROF FEE),800,1200,"August 31, 2023",adhoc,A;B;C;D;E;F;G;I;J;L;M;N;O;R;S;T;U;Y
660,SUBCUTANEOUS ADMINISTRATION OF HORMONAL THERAPY-BIOLOGICALS - ONCOLOGY,,CLINICAL SERVICES (PROF FEE),2000,7500,"September 01, 2023",adhoc,A;B;C;D;E;F;G;H;I;L;M;N;O;P;R;S;T;U;Y
7,SUBCUTANEOUS CHEMOTHERAPY AND ADJUNCTS (GCSF) - PEDIATRICS,,CLINICAL SERVICES (PROF FEE),500,2500,"August 31, 2023",adhoc,A;B;C;D;E;F;G;H;I;J;M;N;O;P;R;S;T;U;Y
586,SUBMENTAL LIPECTOMY 1 HOUR - SURGERY,,CLINICAL SERVICES (PROF FEE),32500,62500,"August 31, 2023",adhoc,A;B;C;E;G;H;I;L;M;N;O;P;R;S;T;U;Y;1
493,SUBXIPHOID PERICARDIOSTOMY- SURGERY,,CLINICAL SERVICES (PROF FEE),50000,80000,"August 31, 2023",adhoc,A;B;C;D;E;G;H;I;M;O;P;R;S;T;U;X;Y
320,SUPRACONDYLAR FRACTURE CLOSED RX AND PINNING - ANESTHESIOLOGY,,CLINICAL SERVICES (PROF FEE),10000,25000,"August 31, 2023",adhoc,A;C;D;E;F;G;H;I;L;N;O;P;R;S;T;U;X;Y
248,SUPRACONDYLAR FRACTURE CLOSED RX AND PINNING - ORTHOPEDIC SURGERY,,CLINICAL SERVICES (PROF FEE),25000,50000,"August 31, 2023",adhoc,A;C;D;E;F;G;H;I;L;N;O;P;R;S;T;U;X;Y
321,SUPRACONDYLAR FRACTURE OPEN REDUCTION W/ PINNING - ANESTHESIOLOGY,,CLINICAL SERVICES (PROF FEE),14000,27500,"August 31, 2023",adhoc,A;C;D;E;F;G;H;I;L;N;O;P;R;S;T;U;W;Y
249,SUPRACONDYLAR FRACTURE OPEN REDUCTION W/ PINNING - ORTHOPEDIC SURGERY,,CLINICAL SERVICES (PROF FEE),35000,55000,"August 31, 2023",adhoc,A;C;D;E;F;G;H;I;L;N;O;P;R;S;T;U;W;Y
68,SURAL NERVE BIOPSY - NEUROLOGICAL SCIENCES,,CLINICAL SERVICES (PROF FEE),10000,20000,"August 31, 2023",adhoc,A;B;C;E;G;I;L;N;O;P;R;S;U;V;Y
8,SYSTEMIC CHEMOTHERAPY AND ADJUNCTS - PEDIATRICS,,CLINICAL SERVICES (PROF FEE),2500,25000,"August 31, 2023",adhoc,A;C;D;E;H;I;J;M;N;O;P;R;S;T;U;Y
662,SYSTEMIC INTRAVENOUS CHEMOTHERAPY - ONCOLOGY,,CLINICAL SERVICES (PROF FEE),5000,20000,"August 31, 2023",adhoc,A;C;E;G;H;I;L;M;N;O;P;R;S;T;U;V;Y
663,SYSTEMIC ORAL TREATMENT - ONCOLOGY,,CLINICAL SERVICES (PROF FEE),4000,10000,"August 31, 2023",adhoc,A;C;E;G;I;L;M;N;O;R;S;T;Y
78,TAH BSO - ANESTHESIOLOGY,,CLINICAL SERVICES (PROF FEE),12000,150000,"August 31, 2023",adhoc,A;B;E;G;H;I;L;N;O;S;T;Y
107,TAH BSO - OBSTETRICS & GYNECOLOGY,,CLINICAL SERVICES (PROF FEE),30000,300000,"August 31, 2023",adhoc,A;B;C;E;G;H;I;L;N;O;R;S;T;Y
533,TAKEDOWN OF STOMA - SURGERY,,CLINICAL SERVICES (PROF FEE),2000,200000,"August 31, 2023",adhoc,A;D;E;F;G;K;M;N;O;R;S;T;U;W;Y
709,TEMPORARY PACEMAKER INSERTION - CARDIOLOGY,,CLINICAL SERVICES (PROF FEE),25000,30000,"August 31, 2023",adhoc,A;C;D;E;G;I;K;L;M;N;O;P;R;S;T;Y
323,TENDON LENGTHENING (PER TENDON) - ANESTHESIOLOGY,,CLINICAL SERVICES (PROF FEE),10000,20000,"August 31, 2023",adhoc,A;D;E;G;H;I;L;N;O;P;R;S;T;Y
250,TENDON LENGTHENING (PER TENDON) - ORTHOPEDIC SURGERY,,CLINICAL SERVICES (PROF FEE),25000,40000,"August 31, 2023",adhoc,C;D;E;G;H;I;L;N;O;P;R;S;T;U;Y
325,TENDON TRANSFERS (PER TENDON) - ANESTHESIOLOGY,,CLINICAL SERVICES (PROF FEE),10000,20000,"August 31, 2023",adhoc,A;D;E;F;G;H;I;L;N;O;P;R;S;T;Y
251,TENDON TRANSFERS (PER TENDON) - ORTHOPEDIC SURGERY,,CLINICAL SERVICES (PROF FEE),25000,40000,"August 31, 2023",adhoc,A;C;D;E;F;G;H;I;N;O;P;R;S;T;U;Y
30,THORACENTESIS - ANESTHESIOLOGY,,CLINICAL SERVICES (PROF FEE),4000,7500,"August 31, 2023",adhoc,A;C;E;G;H;I;L;N;O;R;S;T;Y
638,THORACENTESIS - EMERGENCY MEDICINE,,CLINICAL SERVICES (PROF FEE),1800,1800,"August 31, 2023",adhoc,A;C;D;E;G;H;I;M;N;O;R;S;T;Y
753,THORACENTESIS - PULMONARY MEDICINE,,CLINICAL SERVICES (PROF FEE),10000,15000,"October 21, 2023",adhoc,A;C;D;E;H;I;L;M;N;O;P;R;S;T;U;Y
504,THORACOTOMY; RESECTION OF LUNG; 1 OR MORE LOBES - SURGERY,,CLINICAL SERVICES (PROF FEE),200000,400000,"September 01, 2023",adhoc,A;B;C;E;F;G;H;I;L;M;N;O;R;S;T;U;Y;1
437,THROMBECTOMY SINGLE EXTREMITY - ANESTHESIOLOGY,,CLINICAL SERVICES (PROF FEE),24000,40000,"August 31, 2023",adhoc,A;B;C;E;G;H;I;L;M;N;O;R;S;T;X;Y
473,THROMBECTOMY SINGLE EXTREMITY - SURGERY,,CLINICAL SERVICES (PROF FEE),60000,80000,"August 31, 2023",adhoc,B;C;E;G;H;I;L;M;N;O;R;S;T;U;X;Y
486,TOOTH EXTRACTION SIMPLE - DENTAL MEDICINE (ORAL MAXILLO FACIAL SURGERY),,CLINICAL SERVICES (PROF FEE),3500,7500,"October 21, 2023",adhoc,A;C;D;E;F;G;H;I;L;M;N;O;P;R;S;T;U;X;Y
9,TOOTH EXTRACTION SIMPLE SURGICAL - ANESTHESIOLOGY,,CLINICAL SERVICES (PROF FEE),3000,10000,"August 31, 2023",adhoc,A;C;E;G;H;I;L;M;N;O;P;R;S;T;U;X;Y
487,TOOTH EXTRACTION SIMPLE SURGICAL - DENTAL MEDICINE (ORAL MAXILLO FACIAL SURGERY),,CLINICAL SERVICES (PROF FEE),7500,20000,"August 31, 2023",adhoc,A;C;D;E;F;G;H;I;L;M;N;O;P;R;S;T;U;X;Y
529,TOOTH RESTORATION FOUR SURFACES - DENTAL MEDICINE (PEDIATRIC),,CLINICAL SERVICES (PROF FEE),7500,15000,"September 01, 2023",adhoc,A;C;D;E;F;H;I;L;M;N;O;P;R;S;T;U
522,TOOTH RESTORATION ONE SURFACE - DENTAL MEDICINE (PEDIATRIC),,CLINICAL SERVICES (PROF FEE),3000,5000,"September 01, 2023",adhoc,A;C;D;E;F;H;I;L;M;N;O;P;R;S;T;U
527,TOOTH RESTORATION THREE SURFACES - DENTAL MEDICINE (PEDIATRIC),,CLINICAL SERVICES (PROF FEE),5000,7500,"September 01, 2023",adhoc,A;C;D;E;F;H;I;L;M;N;O;P;R;S;T;U
524,TOOTH RESTORATION TWO SURFACES - DENTAL MEDICINE (PEDIATRIC),,CLINICAL SERVICES (PROF FEE),3500,6500,"October 21, 2023",adhoc,A;C;D;E;F;H;I;L;M;N;O;P;R;S;T;U;W
162,TOTAL HIP ARTHROPLASTY (UNILATERAL) - ANESTHESIOLOGY,,CLINICAL SERVICES (PROF FEE),40000,87500,"August 31, 2023",adhoc,A;E;G;H;I;L;N;O;P;R;S;T;U;Y
149,TOTAL HIP ARTHROPLASTY (UNILATERAL) - ORTHOPEDIC SURGERY,,CLINICAL SERVICES (PROF FEE),100000,175000,"August 31, 2023",adhoc,A;C;D;E;G;H;I;L;N;O;P;R;S;T;U;Y
165,TOTAL KNEE REPLACEMENT (BILATERAL) - ANESTHESIOLOGY,,CLINICAL SERVICES (PROF FEE),80000,150000,"August 31, 2023",adhoc,A;B;C;E;G;H;I;K;L;M;N;O;P;R;S;T;Y
151,TOTAL KNEE REPLACEMENT (BILATERAL) - ORTHOPEDIC SURGERY,,CLINICAL SERVICES (PROF FEE),200000,300000,"August 31, 2023",adhoc,A;B;C;D;E;G;H;I;K;L;M;N;O;P;R;S;T;U;Y
163,TOTAL KNEE REPLACEMENT (UNILATERAL) - ANESTHESIOLOGY,,CLINICAL SERVICES (PROF FEE),40000,87500,"August 31, 2023",adhoc,A;C;E;G;H;I;K;L;M;N;O;P;R;S;T;U;Y
150,TOTAL KNEE REPLACEMENT (UNILATERAL) - ORTHOPEDIC SURGERY,,CLINICAL SERVICES (PROF FEE),100000,175000,"August 31, 2023",adhoc,A;C;D;E;G;H;I;K;L;M;N;O;P;R;S;T;U;Y
52,TRABECULECTOMY - ANESTHESIOLOGY,,CLINICAL SERVICES (PROF FEE),8800,50000,"August 31, 2023",adhoc,A;B;C;E;G;H;I;L;M;N;O;R;S;T;U;Y
126,TRABECULECTOMY - OPHTHALMOLOGY,,CLINICAL SERVICES (PROF FEE),22000,50000,"August 31, 2023",adhoc,A;B;C;E;G;H;L;M;O;P;R;T;U;Y
702,TRANSEOPHAGEAL ECHOCARDIOGRAM INTRAOPERATIVE - CARDIOLOGY,,CLINICAL SERVICES (PROF FEE),20000,30000,"August 31, 2023",adhoc,A;C;D;E;G;H;I;L;M;N;O;P;R;S;T;V;Y
701,TRANSEOPHAGEAL ECHOCARDIOGRAM OUTPATIENT - CARDIOLOGY,,CLINICAL SERVICES (PROF FEE),10000,16000,"August 31, 2023",adhoc,A;C;D;E;G;H;I;L;M;N;O;P;R;S;T;U;Y
278,TRIGGER FINGER RELEASE - ANESTHESIOLOGY,,CLINICAL SERVICES (PROF FEE),4000,7500,"August 31, 2023",adhoc,A;E;F;G;H;I;L;N;O;R;S;T;Y
196,TRIGGER FINGER RELEASE - ORTHOPEDIC SURGERY,,CLINICAL SERVICES (PROF FEE),10000,15000,"August 31, 2023",adhoc,A;C;D;E;F;G;H;I;L;N;O;P;R;S;T;U;Y
129,TROCHLEOPLASTY - ANESTHESIOLOGY,,CLINICAL SERVICES (PROF FEE),32000,50000,"August 31, 2023",adhoc,A;C;E;G;H;I;L;N;O;P;R;S;T;Y
138,TROCHLEOPLASTY - ORTHOPEDIC SURGERY,,CLINICAL SERVICES (PROF FEE),80000,100000,"August 31, 2023",adhoc,A;C;D;E;G;H;I;L;O;P;R;S;T;U;Y
360,ULTRASOUND GUIDED GUIDED INJECTION - ANESTHESIOLOGY,,CLINICAL SERVICES (PROF FEE),4000,7500,"August 31, 2023",adhoc,A;C;D;E;G;H;I;J;L;N;O;R;S;T;U;Y
275,ULTRASOUND GUIDED GUIDED INJECTION - ORTHOPEDIC SURGERY,,CLINICAL SERVICES (PROF FEE),10000,15000,"August 31, 2023",adhoc,A;C;D;E;G;H;I;J;L;N;O;P;R;S;T;U;Y
547,UPPER AND LOWER BLEPHAROPLASTY 1 HOUR - SURGERY,,CLINICAL SERVICES (PROF FEE),65000,95000,"August 31, 2023",adhoc,A;B;D;E;G;H;L;N;O;P;R;S;T;U;W;Y;1
544,UPPER OR LOWER BLEPHAROPLASTY 1 HOUR - SURGERY,,CLINICAL SERVICES (PROF FEE),32500,62500,"August 31, 2023",adhoc,A;B;E;G;H;L;O;P;R;S;T;U;W;Y;1
86,VAGINAL DELIVERY - ANESTHESIOLOGY,,CLINICAL SERVICES (PROF FEE),7000,100000,"August 31, 2023",adhoc,A;D;E;G;H;I;L;N;O;R;S;T;V;Y
113,VAGINAL DELIVERY - OBSTETRICS & GYNECOLOGY,,CLINICAL SERVICES (PROF FEE),5000,200000,"August 31, 2023",adhoc,A;B;C;D;E;G;I;L;N;O;R;S;T;V;Y
496,VALVE REPAIR OR REPLACEMENT OF ONE OR MORE VALVES - SURGERY,,CLINICAL SERVICES (PROF FEE),550000,900000,"August 31, 2023",adhoc,A;C;E;F;G;I;L;M;N;O;P;R;S;T;U;V;Y
448,VARICOCELECTOMY - ANESTHESIOLOGY,,CLINICAL SERVICES (PROF FEE),1000,80000,"August 31, 2023",adhoc,A;C;E;G;H;I;L;M;N;O;R;S;T;V;Y
482,VARICOCELECTOMY - SURGERY,,CLINICAL SERVICES (PROF FEE),2000,160000,"August 31, 2023",adhoc,A;C;E;G;I;L;M;O;R;S;T;U;V;Y
409,VASCULAR ACCESS - ANESTHESIOLOGY (PEDIA SURGERY),,CLINICAL SERVICES (PROF FEE),10000,15000,"August 31, 2023",adhoc,A;C;D;E;G;H;I;L;N;O;P;R;S;T;U;V;Y
439,VASCULAR ACCESS - SURGERY,,CLINICAL SERVICES (PROF FEE),25000,30000,"August 31, 2023",adhoc,A;C;E;G;L;R;S;U;V;Y
39,VASCULAR ACCESS PD CATHETER INSERTION - ANESTHESIOLOGY (NEPHROLOGY PROCEDURES),,CLINICAL SERVICES (PROF FEE),4000,15000,"October 20, 2023",adhoc,A;C;D;E;G;H;I;L;N;O;P;R;S;T;U;V;Y
651,VASCULAR ACCESS PD CATHETER INSERTION - NEPHROLOGY,,CLINICAL SERVICES (PROF FEE),10000,30000,"September 01, 2023",adhoc,A;C;D;E;G;H;I;L;N;O;P;R;S;T;U;V;Y
368,VASCULAR INTERVENTIONS (NEURO AND BODY IR) - RADIOLOGY,,CLINICAL SERVICES (PROF FEE),70000,500000,"August 31, 2023",adhoc,A;B;C;D;E;G;I;L;N;O;R;S;T;U;V;Y
510,VATS DRAINAGE OF EFFUSION DELOCULATION OR PLEURODESIS - SURGERY,,CLINICAL SERVICES (PROF FEE),75000,200000,"August 31, 2023",adhoc,A;C;D;E;F;G;I;L;N;O;P;R;S;T;U;V;Y
516,VATS PERICARDIECTOMY - SURGERY,,CLINICAL SERVICES (PROF FEE),150000,300000,"August 31, 2023",adhoc,A;C;D;E;G;I;M;O;P;R;S;T;U;V;Y
505,VATS RESECTION OF LUNG 1 OR MORE LOBES - SURGERY,,CLINICAL SERVICES (PROF FEE),200000,400000,"September 01, 2023",adhoc,A;B;C;E;F;G;I;L;M;N;O;R;S;T;U;V;Y;1
509,VATS THYMECTOMY - SURGERY,,CLINICAL SERVICES (PROF FEE),200000,400000,"August 31, 2023",adhoc,A;C;E;G;H;M;O;R;S;T;U;V;Y
512,VATS WEDGE RESECTION PLEURODESIS - SURGERY,,CLINICAL SERVICES (PROF FEE),200000,400000,"August 31, 2023",adhoc,A;C;D;E;G;I;L;N;O;P;R;S;T;U;V;W;Y
431,VEIN ABLATION (CATHETER BASED) - ANESTHESIOLOGY,,CLINICAL SERVICES (PROF FEE),22000,37500,"August 31, 2023",adhoc,A;B;C;D;E;G;H;I;L;N;O;R;S;T;V;Y
467,VEIN ABLATION (CATHETER BASED) - SURGERY,,CLINICAL SERVICES (PROF FEE),55000,75000,"August 31, 2023",adhoc,A;B;C;D;E;G;H;I;L;N;O;R;S;T;U;V;Y
433,VEIN HARVEST (ENDOSCOPIC) - ANESTHESIOLOGY,,CLINICAL SERVICES (PROF FEE),22000,37500,"August 31, 2023",adhoc,A;C;D;E;G;H;I;L;N;O;P;R;S;T;V;Y
469,VEIN HARVEST (ENDOSCOPIC) - SURGERY,,CLINICAL SERVICES (PROF FEE),55000,75000,"August 31, 2023",adhoc,A;C;D;E;G;H;I;N;O;P;R;S;T;U;V;Y
432,VEIN HARVEST (SURGICAL) - ANESTHESIOLOGY,,CLINICAL SERVICES (PROF FEE),14000,27500,"August 31, 2023",adhoc,A;C;E;G;H;I;L;N;O;R;S;T;U;V;Y
468,VEIN HARVEST (SURGICAL) - SURGERY,,CLINICAL SERVICES (PROF FEE),35000,55000,"August 31, 2023",adhoc,A;C;E;G;H;I;L;N;R;S;T;U;V;Y
430,VEIN STRIPPING (OPEN SURGICAL) - ANESTHESIOLOGY,,CLINICAL SERVICES (PROF FEE),27000,32500,"August 31, 2023",adhoc,A;C;E;G;H;I;L;N;O;P;R;S;T;U;V;Y
466,VEIN STRIPPING (OPEN SURGICAL) - SURGERY,,CLINICAL SERVICES (PROF FEE),45000,65000,"August 31, 2023",adhoc,A;C;E;G;I;L;N;O;P;R;S;T;U;V;Y
292,VESTIBULAR EXERCISES - OTORHINOLARYNGOLOGY,,CLINICAL SERVICES (PROF FEE),2000,5000,"August 31, 2023",adhoc,A;B;C;E;G;H;I;L;N;O;R;S;T;U;V;X;Y
60,VULVAR EXCISION - ANESTHESIOLOGY,,CLINICAL SERVICES (PROF FEE),5000,25000,"August 31, 2023",adhoc,A;C;E;G;H;I;L;N;O;R;S;T;U;V;X;Y
96,VULVAR EXCISION - OBSTETRICS & GYNECOLOGY,,CLINICAL SERVICES (PROF FEE),5000,50000,"August 31, 2023",adhoc,A;B;C;E;G;I;L;N;O;R;S;T;U;V;X;Y
755,WARD - CARDIOLOGY,,CLINICAL SERVICES (PROF FEE),850,2550,"October 23, 2023",adhoc,A;C;D;G;I;L;O;R;W;Y
21,WARD - PULMONARY MEDICINE,,CLINICAL SERVICES (PROF FEE),1500,2000,"August 31, 2023",adhoc,A;C;D;E;I;L;M;N;O;P;R;U;W;Y
506,WEDGE RESECTION - SURGERY,,CLINICAL SERVICES (PROF FEE),200000,400000,"August 31, 2023",adhoc,C;D;E;G;I;N;O;R;S;T;U;W;Y
672,WOUND CLOSURE EXTENSIVE - EMERGENCY MEDICINE,,CLINICAL SERVICES (PROF FEE),3600,3600,"September 01, 2023",adhoc,C;D;E;G;I;L;M;N;O;R;S;T;U;V;W;X;Y
669,WOUND CLOSURE FACE 2.6-5 CM - EMERGENCY MEDICINE,,CLINICAL SERVICES (PROF FEE),3000,3000,"September 01, 2023",adhoc,A;C;D;E;F;G;I;L;M;N;O;R;S;U;W;Y;2;5;6
670,WOUND CLOSURE FACE 5.1 - 7.5 CM - EMERGENCY MEDICINE,,CLINICAL SERVICES (PROF FEE),3360,3360,"September 01, 2023",adhoc,A;C;D;E;F;G;I;L;M;N;O;R;S;U;W;Y;1;5;7
671,WOUND CLOSURE FACE 7.6 - 30 CM - EMERGENCY MEDICINE,,CLINICAL SERVICES (PROF FEE),3600,3600,"September 01, 2023",adhoc,A;C;D;E;F;G;I;L;M;N;O;R;S;U;W;Y;0;3;6;7
668,WOUND CLOSURE FACE <2.5 CM - EMERGENCY MEDICINE,,CLINICAL SERVICES (PROF FEE),2400,2400,"September 01, 2023",adhoc,A;C;D;E;F;G;I;L;M;N;O;R;S;U;W;Y;2;5
673,WOUND CLOSURE GLUE - EMERGENCY MEDICINE,,CLINICAL SERVICES (PROF FEE),1200,1200,"September 01, 2023",adhoc,C;D;E;G;I;L;M;N;O;R;S;U;W;Y
666,WOUND CLOSURE TRUNK 2.6-7.5 CM - EMERGENCY MEDICINE,,CLINICAL SERVICES (PROF FEE),1800,1800,"September 01, 2023",adhoc,C;D;E;G;I;K;L;M;N;O;R;S;T;U;W;Y;2;5;6;7
667,WOUND CLOSURE TRUNK 7.6-30 CM - EMERGENCY MEDICINE,,CLINICAL SERVICES (PROF FEE),2400,2400,"September 01, 2023",adhoc,C;D;E;G;I;K;L;M;N;O;R;S;T;U;W;Y;0;3;6;7
665,WOUND CLOSURE TRUNK <2.5 CM - EMERGENCY MEDICINE,,CLINICAL SERVICES (PROF FEE),1200,1200,"September 01, 2023",adhoc,C;D;E;G;I;K;L;M;N;O;R;S;T;U;W;Y;2;5
118,YAG LASER CAPSULOTOMY - OPHTHALMOLOGY,,CLINICAL SERVICES (PROF FEE),10000,20000,"August 31, 2023",adhoc,A;C;E;G;H;L;M;O;P;R;S;T;U;Y
04080002,ANTERIOR PHOTO EXTRA COPY,,CLS EYE CENTER,485,610,"March 02, 2026",adhoc,A;C;E;H;I;N;O;P;R;T;X;Y
04080001,ANTERIOR PHOTO ONE EYE / BOTH EYES,,CLS EYE CENTER,1080,2900,"March 02, 2026",adhoc,A;B;E;H;I;N;O;P;R;S;T;Y
04080003,AUTO FLUORESCENCE PHOTO ONE EYE / BOTH EYES,,CLS EYE CENTER,1950,3800,"March 02, 2026",adhoc,A;B;C;E;F;H;L;N;O;P;R;S;T;U;Y
04080004,AUTOREFRACTION ONE EYE / BOTH EYES,,CLS EYE CENTER,515,570,"March 02, 2026",adhoc,A;B;C;E;F;H;I;N;O;R;S;T;U;Y
04080007,CATARACT DIAGNOSTIC FOR CONTACT ONE EYE / BOTH EYES,,CLS EYE CENTER,2370,9200,"March 02, 2026",adhoc,A;B;C;D;E;F;G;H;I;N;O;R;S;T;Y
04080009,CORNEAL ANALYSIS (TOPOGRAPHY) ONE EYE / BOTH EYES,,CLS EYE CENTER,1130,1750,"March 02, 2026",adhoc,A;B;C;E;G;H;I;L;N;O;P;R;S;T;Y
04080010,CORNEAL PACHYMETRY ONE EYE / BOTH EYES,,CLS EYE CENTER,1580,3700,"March 02, 2026",adhoc,A;B;C;E;H;L;M;N;O;P;R;S;T;Y
04080011,DIODE ENDOLASER ONE EYE / BOTH EYES,,CLS EYE CENTER,6550,13900,"March 02, 2026",adhoc,A;B;D;E;H;I;L;N;O;R;S;T;Y
04080012,DIODE LIO ONE EYE / BOTH EYES,,CLS EYE CENTER,6700,16300,"March 02, 2026",adhoc,B;D;E;H;I;L;N;O;S;T;Y
04080013,DIODE RETINOPEXY ONE EYE / BOTH EYES,,CLS EYE CENTER,7400,14500,"March 02, 2026",adhoc,B;D;E;H;I;N;O;P;R;S;T;X;Y
04080014,DIODE SMALL SPOT LASER ONE EYE / BOTH EYES,,CLS EYE CENTER,6700,16300,"March 02, 2026",adhoc,A;B;D;E;H;I;L;M;N;O;P;R;S;T;Y
04080015,DIODE TSCPC ONE EYE / BOTH EYES,,CLS EYE CENTER,9700,15700,"March 02, 2026",adhoc,B;C;D;E;H;I;N;O;P;S;T;Y
04080016,DIODE TTT ONE EYE / BOTH EYES,,CLS EYE CENTER,6900,15900,"March 02, 2026",adhoc,B;D;E;H;I;N;O;S;T;Y
04080017,DISC PHOTO ONE EYE / BOTH EYES,,CLS EYE CENTER,1260,3200,"March 02, 2026",adhoc,B;C;D;E;H;I;N;O;P;S;T;Y
04080068,DRY EYE ANALYSIS,,CLS EYE CENTER,2900,4700,"March 02, 2026",adhoc,A;D;E;I;L;N;R;S;Y
04080019,EYE OSMOLARITY TEST ONE EYE / BOTH EYES,,CLS EYE CENTER,3000,5000,"March 02, 2026",adhoc,A;B;E;H;I;L;M;N;O;R;S;T;Y
04080021,EYE ULTRASOUND - B SCAN EXTRA COPY,,CLS EYE CENTER,485,610,"March 02, 2026",adhoc,A;B;C;D;E;L;N;O;P;R;S;T;U;X;Y
04080020,EYE ULTRASOUND - B SCAN ONE EYE / BOTH EYES,,CLS EYE CENTER,3800,9200,"March 02, 2026",adhoc,A;B;C;D;E;H;L;N;O;R;S;T;U;Y
04080023,FLUORESCEIN ANGIOGRAM,,CLS EYE CENTER,5200,6400,"March 05, 2026",adhoc,A;C;E;F;G;I;L;M;N;O;R;S;U
04080024,FOCAL LASER ONE EYE / BOTH EYES,,CLS EYE CENTER,5000,11800,"March 02, 2026",adhoc,A;B;C;E;F;H;L;N;O;R;S;T;Y
04080027,GANGLION CELL ANALYSIS (GCA) ONE EYE / BOTH EYES,,CLS EYE CENTER,3900,6800,"March 02, 2026",adhoc,A;B;C;E;G;H;I;L;N;O;S;T;Y
04080028,GLAUCOMA SCREENING BOTH EYES,,CLS EYE CENTER,8050,20800,"March 02, 2026",adhoc,A;B;C;E;G;H;I;L;M;N;O;R;S;T;U;Y
04080029,GLAUCOMA SCREENING ONE EYE,,CLS EYE CENTER,5100,16700,"March 02, 2026",adhoc,A;C;E;G;I;L;M;N;O;R;S;U;Y
04080043,OCT MACULA ONE EYE / BOTH EYES,,CLS EYE CENTER,3950,7500,"June 15, 2026",adhoc,A;B;C;E;H;L;M;N;O;S;T;U;Y
04080044,OCT NERVE ONE EYE / BOTH EYES,,CLS EYE CENTER,3950,7500,"June 15, 2026",adhoc,B;C;E;H;N;O;R;S;T;V;Y
04080065,SELECTIVE LASER TRABECULOPLASTY ONE EYE / BOTH EYES,,CLS EYE CENTER,5570,11200,"September 20, 2025",adhoc,A;B;C;E;H;I;L;N;O;P;R;S;T;U;V;Y
04440001,ADDITIONAL PER HOUR HEMODIALYSIS (ICU),,CRITICAL CARE UNIT,370,370,"July 21, 2021",adhoc,A;C;D;E;H;I;L;M;N;O;P;R;S;T;U;Y
04440002,AIR MATTRESS,,CRITICAL CARE UNIT,395,2845,"July 21, 2021",adhoc,A;E;I;M;R;S;T
04440003,CARDIOVERSION,,CRITICAL CARE UNIT,1875,1875,"July 21, 2021",adhoc,A;C;D;E;I;N;O;R;S;V
04440005,ECMO ICU,,CRITICAL CARE UNIT,25310,25310,"July 21, 2021",adhoc,C;E;I;M;O;U
04440007,HEMODIAFILTRATION ICU,,CRITICAL CARE UNIT,8970,8970,"October 20, 2023",adhoc,A;C;D;E;F;H;I;L;M;N;O;R;T;U
04440006,HEMODIALYSIS CRITCARE,,CRITICAL CARE UNIT,8510,11400,"October 20, 2023",adhoc,A;C;D;E;H;I;L;M;O;R;S;T;Y
04440008,HEMOPERFUSION ICU SET-UP,,CRITICAL CARE UNIT,2300,2300,"October 20, 2023",adhoc,C;E;F;H;I;M;N;O;P;R;S;T;U
04440009,ICU MONITORING,,CRITICAL CARE UNIT,4120,4430,"November 04, 2025",adhoc,C;G;I;M;N;O;R;T;U
04440014,PRONE VENTILATION FEE,,CRITICAL CARE UNIT,9500,9500,"October 20, 2023",adhoc,A;E;F;I;L;N;O;P;R;T;V
04440011,RHYTHM STRIPS 6 SECONDS,,CRITICAL CARE UNIT,31,31,"July 21, 2021",adhoc,C;D;E;H;I;M;N;O;P;R;S;T;Y;6
04440013,USE OF ICU ROOM,,CRITICAL CARE UNIT,1850,1850,"October 20, 2023",adhoc,C;E;F;I;M;O;R;S;U
04390001,ADMINISTRATION OF VACCINE OUP CTTM,,CTTM,1110,1110,"March 03, 2026",adhoc,A;C;D;E;F;I;M;N;O;P;R;S;T;U;V
04390007,BONE HEALTH SCREENING BUNDLE,,CTTM,9000,11300,"March 13, 2026",adhoc,A;B;C;D;E;G;H;I;L;N;O;R;S;T;U
04390008,CTTM VIRAL LOAD BUNDLE,,CTTM,14500,18200,"April 01, 2026",adhoc,A;B;C;D;E;I;L;M;N;O;R;T;U;V
04390006,EYE EXAM BUNDLE,,CTTM,5000,7400,"March 13, 2026",adhoc,A;B;D;E;L;M;N;U;X;Y
04390003,POLIO VACCINE,,CTTM,800,800,"March 03, 2026",adhoc,A;C;E;I;L;N;O;P;V
04390005,TREATMENT MONITORING AND ADHERENCE FEE,,CTTM,1470,1900,"March 03, 2026",adhoc,A;C;D;E;F;G;H;I;M;N;O;R;T
04390004,VCT COUNSELLING,,CTTM,1370,1370,"March 03, 2026",adhoc,C;E;G;I;L;N;O;S;T;U;V
0416020001,CAPILLARY BLOOD GLUCOSE CARDIAC REHAB,,CVDL - CARDIAC REHAB,405,510,"March 04, 2026",adhoc,A;B;C;D;E;G;H;I;L;O;P;R;S;U;Y
0416020002,CARDIAC REHAB EDUCATION PROGRAM,,CVDL - CARDIAC REHAB,3250,4100,"March 04, 2026",adhoc,A;B;C;D;E;G;H;I;M;N;O;P;R;T;U
18120001,CARDIAC REHAB EDUCATION PROGRAM PACKAGE,,CVDL - CARDIAC REHAB,3070,3900,"March 04, 2026",adhoc,A;B;C;D;E;G;H;I;K;M;N;O;P;R;T;U
18120002,CARDIAC REHAB PACKAGE,,CVDL - CARDIAC REHAB,6400,16300,"March 04, 2026",adhoc,A;B;C;D;E;G;H;I;K;P;R
0416020003,CARDIAC REHAB PHASE,,CVDL - CARDIAC REHAB,1670,21400,"March 04, 2026",adhoc,A;B;C;D;E;H;I;P;R;S
0416020004,CARDIAC REHAB STRESS MANAGEMENT LECTURE,,CVDL - CARDIAC REHAB,1580,2000,"March 04, 2026",adhoc,A;B;C;D;E;G;H;I;L;M;N;R;S;T;U
0416020005,PATIENT EDUCATION LECTURE (CORONARY ARTERY DISEASE),,CVDL - CARDIAC REHAB,645,900,"March 04, 2026",adhoc,A;C;D;E;I;L;N;O;P;R;S;T;U;Y
0416020006,PEDIATRIC CARDIAC REHAB,,CVDL - CARDIAC REHAB,19800,19800,"March 04, 2026",adhoc,A;B;C;D;E;H;I;P;R;T
0416020007,SMOKING CESSATION PROGRAM,,CVDL - CARDIAC REHAB,4250,5400,"March 04, 2026",adhoc,A;C;E;G;I;K;M;N;O;P;R;S;T
0416010004,24HRS BLOOD PRESSURE MONITORING,,CVDL - HEART STATION,4700,5900,"March 04, 2026",adhoc,B;D;E;G;H;I;L;M;N;O;P;R;S;T;U;2;4
0416010005,24HRS BLOOD PRESSURE MONITORING HOUSE CALL,,CVDL - HEART STATION,6250,6250,"March 04, 2026",adhoc,A;B;C;D;E;G;H;I;L;M;N;O;P;R;S;T;U;2;4
0416010007,24HRS HOLTER HOUSE CALL,,CVDL - HEART STATION,12800,12800,"March 04, 2026",adhoc,A;C;E;H;L;O;R;S;T;U;2;4
0416010008,24HRS HOLTER HOUSE CALL FEE ONLY,,CVDL - HEART STATION,12800,3900,"March 04, 2026",adhoc,A;C;E;F;H;L;N;O;R;S;T;U;Y;2;4
0416010006,24HRS HOLTER MONITORING,,CVDL - HEART STATION,9200,11500,"March 04, 2026",adhoc,E;G;H;I;L;M;N;O;R;S;T;2;4
0416010009,2D + 3D ECHOCARDIOGRAM,,CVDL - HEART STATION,14500,28000,"March 04, 2026",adhoc,A;C;D;E;G;H;I;M;O;R;2;3
0416010023,2D ECHO WITH 3D LV FUNCTION,,CVDL - HEART STATION,10500,17800,"March 04, 2026",adhoc,C;D;E;F;H;I;L;N;O;T;U;V;W;2;3
0416010010,2D ECHOCARDIOGRAM,,CVDL - HEART STATION,9750,17600,"March 04, 2026",adhoc,A;C;D;E;G;H;I;M;O;R;2
0416010024,2D ECHOCARDIOGRAM W/ OPTIMIZATION,,CVDL - HEART STATION,8100,10200,"March 04, 2026",adhoc,A;C;D;E;G;H;I;M;N;O;P;R;T;W;Z;2
0416010025,2D ECHOCARDIOGRAM WITH BUBBLE CONTRAST,,CVDL - HEART STATION,14700,27200,"March 04, 2026",adhoc,A;B;C;D;E;G;H;I;L;M;N;O;R;S;T;U;W;2
0416010011,3D ECHOCARDIOGRAM,,CVDL - HEART STATION,10500,19700,"March 04, 2026",adhoc,A;C;D;E;G;H;I;M;O;R;3
0416010026,BIKE STRESS TEST,,CVDL - HEART STATION,3950,5000,"March 04, 2026",adhoc,B;E;I;K;R;S;T
0416010012,CAPILLARY BLOOD GLUCOSE,,CVDL - HEART STATION,405,510,"March 04, 2026",adhoc,A;B;C;D;E;G;I;L;O;P;R;S;U;Y
18360003,CPET BUNDLE,,CVDL - HEART STATION,13000,16300,"March 04, 2026",adhoc,B;C;D;E;L;N;P;T;U
0416010013,DOBUTAMINE STRESS ECHOCARDIOGRAM,,CVDL - HEART STATION,21200,26500,"March 04, 2026",adhoc,A;B;C;D;E;G;H;I;M;N;O;R;S;T;U
0416010001,ECG,,CVDL - HEART STATION,1130,2250,"March 04, 2026",adhoc,C;E;G
0416010014,FETAL ECHOCARDIOGRAM,,CVDL - HEART STATION,7300,13800,"March 04, 2026",adhoc,A;C;D;E;F;G;H;I;L;M;O;R;T
18360002,HEART CARE PACKAGE,,CVDL - HEART STATION,4200,13100,"March 04, 2026",adhoc,A;C;E;G;H;K;P;R;T
0416010015,HEART FAILURE CLINIC COUNSELING,,CVDL - HEART STATION,2660,3400,"March 04, 2026",adhoc,A;C;E;F;G;H;I;L;N;O;R;S;T;U
18360001,HEART FAILURE CLINIC PROGRAM PACKAGE,,CVDL - HEART STATION,21000,35900,"March 04, 2026",adhoc,A;C;E;F;G;H;I;K;L;M;N;O;P;R;T;U
0416010002,HOUSE CALL FEE ECG,,CVDL - HEART STATION,2630,2630,"March 04, 2026",adhoc,A;C;E;F;G;H;L;O;S;U
0416010016,INTRA OP TEE,,CVDL - HEART STATION,15100,17200,"March 04, 2026",adhoc,A;E;I;N;O;P;R;T
0416010017,PEDIATRIC ECHOCARDIOGRAM,,CVDL - HEART STATION,10600,13300,"March 04, 2026",adhoc,A;C;D;E;G;H;I;M;O;P;R;T
0416010018,RHYTHM STRIP,,CVDL - HEART STATION,575,1300,"March 04, 2026",adhoc,H;I;M;P;R;S;T;Y
0416010019,TILT TABLE TEST,,CVDL - HEART STATION,18700,23400,"March 04, 2026",adhoc,A;B;E;I;L;S;T
0416010020,TRANSESOPHAGEAL ECHOCARDIOGRAM,,CVDL - HEART STATION,32900,71200,"March 04, 2026",adhoc,A;C;D;E;G;H;I;L;M;N;O;P;R;S;T
0416010021,TREADMILL STRESS ECHOCARDIOGRAM,,CVDL - HEART STATION,15300,19200,"March 04, 2026",adhoc,A;C;D;E;G;H;I;L;M;O;R;S;T
0416010022,TREADMILL STRESS TEST,,CVDL - HEART STATION,3860,4900,"March 04, 2026",adhoc,A;D;E;I;L;M;R;S;T
12010026,ADDITIONAL USE OF DELIVERY ROOM 3OMINS,,DELIVERY SURGERY,2210,2210,"March 04, 2026",adhoc,A;D;E;F;I;L;M;N;O;R;S;T;U;V;Y;3
12010027,ADDITIONAL USE OF RECOVERY ROOM 1HR DR,,DELIVERY SURGERY,1150,1150,"March 04, 2026",adhoc,A;C;D;E;F;H;I;L;M;N;O;R;S;T;U;V;Y;1
12010028,BIRTHING ROOM W/ WATER IMMERSION,,DELIVERY SURGERY,15800,15800,"March 04, 2026",adhoc,A;B;E;G;H;I;M;N;O;R;S;T;W
12010001,CAPILLARY BLOOD GLUCOSE - DR,,DELIVERY SURGERY,405,510,"March 04, 2026",adhoc,A;B;C;D;E;G;I;L;O;P;R;S;U;Y
12010037,CESAREAN SECTION BABY PACKAGE,,DELIVERY SURGERY,17500,29600,"April 06, 2024",adhoc,A;B;C;E;G;I;K;N;O;P;R;S;T;Y
12010038,CESAREAN SECTION MOTHER PACKAGE,,DELIVERY SURGERY,67500,193400,"April 06, 2024",adhoc,A;C;E;G;H;I;K;M;N;O;P;R;S;T
12010046,CESAREAN SECTION PROCEDURE,,DELIVERY SURGERY,45940,45940,"September 20, 2025",adhoc,A;C;D;E;I;N;O;P;R;S;T;U
12010045,DIAGNOSTIC HYSTEROSCOPY PACKAGE OUTPATIENT,,DELIVERY SURGERY,86000,86000,"April 26, 2024",adhoc,A;C;D;E;G;H;I;K;N;O;P;R;S;T;U;Y
12010039,DILATATION AND CURETTAGE PACKAGE,,DELIVERY SURGERY,62700,62700,"April 06, 2024",adhoc,A;C;D;E;G;I;K;L;N;O;P;R;T;U
12010002,DR AMBULATORY-CAUTERY OF WARTS,,DELIVERY SURGERY,4310,4310,"March 04, 2026",adhoc,A;B;C;D;E;F;L;M;O;R;S;T;U;W;Y
12010003,DR AMBULATORY-COLPOSCOPY,,DELIVERY SURGERY,4100,4100,"March 04, 2026",adhoc,A;B;C;D;L;M;O;P;R;S;T;U;Y
12010004,DR AMBULATORY-GYNE BIOPSY,,DELIVERY SURGERY,3000,3000,"March 04, 2026",adhoc,A;B;D;E;G;I;L;M;N;O;P;R;S;T;U;Y
12010047,DR AMBULATORY-IUD INSERTION,,DELIVERY SURGERY,2060,2060,"September 20, 2025",adhoc,A;B;D;E;I;L;M;N;O;R;S;T;U;Y
12010006,DR AMBULATORY-IUD REMOVAL,,DELIVERY SURGERY,2100,2100,"March 04, 2026",adhoc,A;B;D;E;I;L;M;O;R;T;U;V;Y
12010007,DR AMBULATORY-LEEP,,DELIVERY SURGERY,4860,4860,"March 04, 2026",adhoc,A;B;D;E;L;M;O;P;R;T;U;Y
12010022,DR EPIDURAL ANESTHESIA CONTINUOUS,,DELIVERY SURGERY,11200,11200,"March 04, 2026",adhoc,A;C;D;E;H;I;L;N;O;P;R;S;T;U
12010008,DR FEE 2HRS,,DELIVERY SURGERY,480,480,"March 04, 2026",adhoc,D;E;F;H;R;S;2
12010009,DR FEE PER HOUR,,DELIVERY SURGERY,245,245,"March 04, 2026",adhoc,D;E;F;H;O;P;R;U
12010023,DR GENERAL ANESTHESIA VIA MASK FORANE / SEVORANE,,DELIVERY SURGERY,8000,8250,"March 04, 2026",adhoc,A;D;E;F;G;H;I;K;L;M;N;O;R;S;T;V
12010010,DR GYNE EXAMINATION,,DELIVERY SURGERY,3050,3050,"March 04, 2026",adhoc,A;D;E;G;I;M;N;O;R;T;X;Y
12010011,DR HYSTEROSCOPY,,DELIVERY SURGERY,28800,28800,"March 04, 2026",adhoc,C;D;E;H;O;P;R;S;T;Y
12010013,DR LAPAROSCOPY (KITTING),,DELIVERY SURGERY,82100,82100,"March 04, 2026",adhoc,A;C;D;G;I;K;L;N;O;P;R;S;T;Y
12010044,DR LAPAROSCOPY PACKAGE,,DELIVERY SURGERY,273500,292000,"April 06, 2024",adhoc,A;C;D;E;G;K;L;O;P;R;S;Y
12010015,DR NEWBORN CARE PROCEDURE,,DELIVERY SURGERY,10610,10610,"March 04, 2026",adhoc,A;B;C;D;E;N;O;P;R;U;W
12010016,DR NON-STRESS TES,,DELIVERY SURGERY,3000,3000,"March 04, 2026",adhoc,D;E;N;O;R;S;T
12010017,DR OB GYNE MAJOR PROCEDURE,,DELIVERY SURGERY,41100,41100,"March 04, 2026",adhoc,A;B;C;D;E;G;J;M;N;O;P;R;U;Y
12010018,DR OB GYNE MAJOR VAGINAL HYSTERECTOMY,,DELIVERY SURGERY,40590,40590,"September 20, 2025",adhoc,A;B;C;D;E;G;H;I;J;L;M;N;O;R;S;T;V;Y
12010019,DR OB GYNE MINOR PROCEDURE,,DELIVERY SURGERY,18540,18540,"September 20, 2025",adhoc,B;C;D;E;G;I;M;N;O;P;R;U;Y
12010024,DR SPINAL ANESTHESIA,,DELIVERY SURGERY,8650,8650,"March 04, 2026",adhoc,A;D;E;H;I;L;N;P;R;S;T
12010025,DR TIVA (TOTAL INTRAVENOUS ANESTHESIA),,DELIVERY SURGERY,4250,4250,"March 04, 2026",adhoc,A;D;E;H;I;L;N;O;R;S;T;U;V
12010040,EXPLORATORY LAPARATOMY PACKAGE,,DELIVERY SURGERY,172600,202100,"April 06, 2024",adhoc,A;C;E;G;K;L;M;O;P;R;T;X;Y
12010020,IV THERAPY CARE,,DELIVERY SURGERY,295,500,"March 04, 2026",adhoc,A;C;E;H;I;P;R;T;V;Y
12010041,SPONTANEOUS VAGINAL BABY PACKAGE,,DELIVERY SURGERY,18700,28900,"April 06, 2024",adhoc,A;B;C;E;G;I;K;L;N;O;P;S;T;U;V;Y
12010048,SPONTANEOUS VAGINAL DELIVERY,,DELIVERY SURGERY,32140,32140,"September 20, 2025",adhoc,A;D;E;G;I;L;N;O;P;R;S;T;U;V;Y
12010042,SPONTANEOUS VAGINAL MOTHER PACKAGE,,DELIVERY SURGERY,51300,139100,"April 06, 2024",adhoc,A;C;E;G;H;I;K;L;M;N;O;P;R;S;T;U;V
12010043,TAHBSO PACKAGE,,DELIVERY SURGERY,201000,226000,"April 06, 2024",adhoc,A;B;C;E;G;H;K;O;P;S;T
12010030,USE OF BIRTHING ROOM PER HOUR,,DELIVERY SURGERY,1580,1580,"March 04, 2026",adhoc,B;E;F;G;H;I;M;N;O;P;R;S;T;U
12010031,USE OF DELIVERY ROOM,,DELIVERY SURGERY,4450,8900,"March 04, 2026",adhoc,D;E;F;I;L;M;O;R;S;U;V;Y
12010032,USE OF DR AMBULATORY MINOR PROCEDURE ROOM 30 MINS,,DELIVERY SURGERY,560,560,"March 04, 2026",adhoc,A;B;C;D;E;F;I;L;M;N;O;P;R;S;T;U;Y;0;3
12010033,USE OF OBSERVATION ROOM 4HRS,,DELIVERY SURGERY,1110,1110,"March 04, 2026",adhoc,A;B;E;F;H;I;M;N;O;R;S;T;U;V;4
12010034,USE OF OBSERVATION ROOM PER HOUR,,DELIVERY SURGERY,336,336,"March 04, 2026",adhoc,A;B;E;F;H;I;M;N;O;P;R;S;T;U;V
12010035,USE OF RECOVERY ROOM 2HRS,,DELIVERY SURGERY,2300,2300,"March 04, 2026",adhoc,C;E;F;H;M;O;R;S;U;V;Y;2
12010036,USE OF WATERPROOF DOPPLER,,DELIVERY SURGERY,840,840,"March 04, 2026",adhoc,A;D;E;F;L;O;P;R;S;T;U;W
12020001,3D ULTRASOUND GYNE,,DR ULTRASOUND,5540,14300,"September 20, 2025",adhoc,A;D;E;G;L;N;O;R;S;T;U;Y;3
12020002,3D ULTRASOUND OB,,DR ULTRASOUND,5540,14600,"September 20, 2025",adhoc,A;B;D;L;N;O;R;S;T;U;3
12020003,4D ULTRASOUND OB,,DR ULTRASOUND,7200,15810,"September 20, 2025",adhoc,A;B;D;L;N;O;R;S;T;U;4
12020004,BIO PHYSICAL SCORING OB,,DR ULTRASOUND,4460,19700,"September 20, 2025",adhoc,A;B;C;G;H;I;L;N;O;P;R;S;Y
12020019,CERVICAL LENGTH ASSESSMENT,,DR ULTRASOUND,1700,8600,"September 20, 2025",adhoc,A;C;E;G;H;I;L;M;N;R;S;T;V
12020005,CONGENITAL ANOMALY SCAN OB,,DR ULTRASOUND,4780,20200,"September 20, 2025",adhoc,A;B;C;E;G;I;L;M;N;O;S;T;Y
12020020,DEEP INFILTRATING ENDOMETRIOSIS SCAN (DRU),,DR ULTRASOUND,6760,15500,"September 20, 2025",adhoc,A;C;D;E;F;G;I;L;M;N;O;P;R;S;T;U
12020006,DOPPLER SCAN GYNE,,DR ULTRASOUND,5215,13950,"July 21, 2021",adhoc,A;C;D;E;G;L;N;O;P;R;S;Y
12020007,DOPPLER SCAN OB,,DR ULTRASOUND,5530,14130,"September 20, 2025",adhoc,A;B;C;D;E;L;N;O;P;R;S
12020008,DR ULTRASOUND PPE,,DR ULTRASOUND,320,320,"July 21, 2021",adhoc,A;D;E;L;N;O;P;R;S;T;U
12020009,DR ULTRASOUND WELLNESS EXAMINATION,,DR ULTRASOUND,2370,2900,"October 29, 2025",adhoc,A;D;E;I;L;M;N;O;R;S;T;U;W;X
12020021,FETAL ECHOCARDIOGRAM (DRU),,DR ULTRASOUND,6760,15500,"September 20, 2025",adhoc,A;C;D;E;F;G;H;I;L;M;O;R;T;U
12020010,FIRST TRIMESTER SCREENING,,DR ULTRASOUND,4860,5900,"September 20, 2025",adhoc,C;E;F;G;I;M;N;R;S;T
12020011,FOLLICLE MONITORING GYNE,,DR ULTRASOUND,5860,14500,"September 20, 2025",adhoc,C;E;F;G;I;L;M;N;O;R;T;Y
12020022,GYNE-ONCO ULTRASOUND,,DR ULTRASOUND,8700,17000,"September 20, 2025",adhoc,A;C;D;E;G;L;N;O;R;S;T;U;Y
12020023,NUCHAL TRANSLUCENCY,,DR ULTRASOUND,2000,9000,"September 20, 2025",adhoc,A;C;E;H;L;N;R;S;T;U;Y
12020024,PELVIC FLOOR (TRANSPERINEAL SCAN),,DR ULTRASOUND,8500,16800,"September 20, 2025",adhoc,A;C;E;F;I;L;N;O;P;R;S;T;V
12020012,PELVIC GYNE,,DR ULTRASOUND,3800,11700,"September 20, 2025",adhoc,C;E;G;I;L;N;P;V;Y
12020013,PELVIC OB,,DR ULTRASOUND,3650,11500,"September 20, 2025",adhoc,B;C;E;I;L;O;P;V
12020025,PLACENTAL LOCALIZATION (TRANSVAGINAL),,DR ULTRASOUND,1700,8600,"September 20, 2025",adhoc,A;C;E;G;I;L;N;O;P;R;S;T;V;Z
12020014,SALINE INFUSION SONOHYSTEROGRAM (SISH) GYNE,,DR ULTRASOUND,6730,15800,"September 20, 2025",adhoc,A;E;F;G;H;I;L;M;N;O;R;S;T;U;Y
12020015,TRANSRECTAL GYNE,,DR ULTRASOUND,3800,11700,"October 29, 2025",adhoc,A;C;E;G;L;N;R;S;T;Y
12020016,TRANSRECTAL OB,,DR ULTRASOUND,3685,11320,"September 20, 2025",adhoc,A;B;C;E;L;N;O;R;S;T
12020017,TRANSVAGINAL GYNE,,DR ULTRASOUND,3800,11700,"September 20, 2025",adhoc,A;E;G;I;L;N;R;S;T;V;Y
12020018,TRANSVAGINAL OB,,DR ULTRASOUND,3800,11700,"September 20, 2025",adhoc,A;B;G;I;L;N;O;R;S;T;V
04150077,ABR/ASSR PACKAGE,,E.N.T. DIAGNOSTIC CENTER,9270,11200,"September 04, 2025",adhoc,A;B;C;E;G;K;P;R;S
04150001,AUDITORY BRAINSTEM RESPONSE,,E.N.T. DIAGNOSTIC CENTER,2690,5900,"October 06, 2025",adhoc,A;B;D;E;I;M;N;O;P;R;S;T;U;Y
04150002,AUDITORY STEADY STATE RESPONSE,,E.N.T. DIAGNOSTIC CENTER,2690,5900,"September 04, 2025",adhoc,A;D;E;I;N;O;P;R;S;T;U;Y
04150003,BIOPSY,,E.N.T. DIAGNOSTIC CENTER,2010,2500,"September 04, 2025",adhoc,B;I;O;P;S;Y
04150006,CHANGE OF NASAL PACK,,E.N.T. DIAGNOSTIC CENTER,3680,4420,"July 13, 2021",adhoc,A;C;E;F;G;H;K;L;N;O;P;S
04150007,CHANGE OF TRACHEOSTOMY TUBE (ENT),,E.N.T. DIAGNOSTIC CENTER,5230,6300,"September 04, 2025",adhoc,A;B;C;E;F;G;H;M;N;O;R;S;T;U;Y
04150010,CONTRALATERAL ACOUSTIC REFLEX THRESHOLD TEST,,E.N.T. DIAGNOSTIC CENTER,980,1200,"September 04, 2025",adhoc,A;C;D;E;F;H;I;L;N;O;R;S;T;U;X
04150013,DECANNULATION,,E.N.T. DIAGNOSTIC CENTER,5230,6300,"September 04, 2025",adhoc,A;C;D;E;I;L;N;O;T;U
04150015,DIGITAL OTOSCOPY,,E.N.T. DIAGNOSTIC CENTER,1520,1900,"September 04, 2025",adhoc,A;C;D;G;I;L;O;P;S;T;Y
04150016,ENDOSCOPIC GUIDED MYRINGOTOMY,,E.N.T. DIAGNOSTIC CENTER,5070,6090,"July 13, 2021",adhoc,C;D;E;G;I;M;N;O;P;R;S;T;U;Y
04150102,ENT HOUSE CALL SERVICE FEE (OUTSIDE NCR),,E.N.T. DIAGNOSTIC CENTER,2000,2000,"September 15, 2025",adhoc,A;C;D;E;F;H;I;L;N;O;R;S;T;U;V
04150018,EPLEY MANEUVER,,E.N.T. DIAGNOSTIC CENTER,1900,2300,"March 19, 2025",adhoc,A;E;L;M;N;P;R;U;V;Y
04150019,EUSTACHIAN TUBE FUNCTION TEST,,E.N.T. DIAGNOSTIC CENTER,1010,1300,"September 04, 2025",adhoc,A;B;C;E;F;H;I;N;O;S;T;U
04150089,EXCISION BIOPSY OF POST-AURICULAR MASS (ENT),,E.N.T. DIAGNOSTIC CENTER,6685,8030,"September 08, 2025",adhoc,A;B;C;E;F;I;L;M;N;O;P;R;S;T;U;X;Y
04150023,EXCISION OF BUCCAL MASS (ENT),,E.N.T. DIAGNOSTIC CENTER,6685,8030,"July 13, 2021",adhoc,A;B;C;E;F;I;L;M;N;O;S;T;U;X
04150024,EXCISION OF INCLUSION CYST,,E.N.T. DIAGNOSTIC CENTER,6685,8030,"July 13, 2021",adhoc,C;E;F;I;L;N;O;S;T;U;X;Y
04150026,EXCISION OF LIPOMA (ENT),,E.N.T. DIAGNOSTIC CENTER,6685,8030,"July 13, 2021",adhoc,A;C;E;F;I;L;M;N;O;P;S;T;X
04150028,EXCISION OF MASS (ENT),,E.N.T. DIAGNOSTIC CENTER,6685,8030,"July 13, 2021",adhoc,A;C;E;F;I;M;N;O;S;T;X
04150030,EXCISION OF MUCUS CYST (ENT),,E.N.T. DIAGNOSTIC CENTER,6685,8030,"July 13, 2021",adhoc,C;E;F;I;M;N;O;S;T;U;X;Y
04150036,EXCISION OF UVULAR MASS (ENT),,E.N.T. DIAGNOSTIC CENTER,6685,8030,"July 13, 2021",adhoc,A;C;E;F;I;L;M;N;O;R;S;T;U;V;X
04150090,EXTENDED HIGH FREQUENCY PURE TONE AUDIOMETRY,,E.N.T. DIAGNOSTIC CENTER,1250,1800,"September 08, 2025",adhoc,A;C;D;E;F;G;H;I;M;N;O;P;Q;R;T;U;X;Y
04150091,FILAMENT PER GRAM,,E.N.T. DIAGNOSTIC CENTER,250,250,"September 08, 2025",adhoc,A;E;F;G;I;L;M;N;P;R;T
04150038,FINE NEEDLE ASPIRATION BIOPSY ENT-PF NOT INCLUDED,,E.N.T. DIAGNOSTIC CENTER,2790,3400,"September 04, 2025",adhoc,A;B;C;D;E;F;I;L;N;O;P;R;S;T;U;Y
04150039,FLEXIBLE ENDOSCOPIC EVALUATION OF SWALLOWING,,E.N.T. DIAGNOSTIC CENTER,7730,9300,"September 04, 2025",adhoc,A;B;C;D;E;F;G;I;L;N;O;P;S;T;U;V;W;X
04150040,FLEXIBLE NASOLARYNGOSCOPY,,E.N.T. DIAGNOSTIC CENTER,5990,7820,"July 13, 2021",adhoc,A;B;C;E;F;G;I;L;N;O;P;R;S;X;Y
04150092,FOOD SUPPLIES FOR FEES (ENT),,E.N.T. DIAGNOSTIC CENTER,340,340,"September 08, 2025",adhoc,D;E;F;I;L;N;O;P;R;S;T;U
04150093,HOUSE CALL SERVICE FEE - ENT,,E.N.T. DIAGNOSTIC CENTER,820,820,"September 08, 2025",adhoc,A;C;E;F;H;I;L;N;O;R;S;T;U;V
04150042,INCISION AND CURETTAGE (ENT),,E.N.T. DIAGNOSTIC CENTER,5070,6090,"July 13, 2021",adhoc,A;C;D;E;G;I;N;O;R;S;T;U
04150045,IPSILATERAL ACOUSTIC REFLEX THRESHOLD TEST,,E.N.T. DIAGNOSTIC CENTER,980,1200,"September 04, 2025",adhoc,A;C;D;E;F;H;I;L;O;P;R;S;T;U;X
04150047,MAXILLO MANDIBULAR FIXATION/ARCH WIRE REMOVAL,,E.N.T. DIAGNOSTIC CENTER,5070,6090,"July 13, 2021",adhoc,A;B;C;D;E;F;H;I;L;M;N;O;R;T;U;V;W;X
04150094,MOBILE SCREENING AUDIOMETRY,,E.N.T. DIAGNOSTIC CENTER,450,450,"September 08, 2025",adhoc,A;B;C;D;E;G;I;L;M;N;O;R;S;T;U;Y
04150049,MYRINGOTOMY,,E.N.T. DIAGNOSTIC CENTER,5070,6300,"October 10, 2025",adhoc,G;I;M;N;O;R;T;Y
04150052,OCCIPITAL NERVE BLOCK,,E.N.T. DIAGNOSTIC CENTER,3020,3630,"July 13, 2021",adhoc,A;B;C;E;I;K;L;N;O;P;R;T;V
04150053,OTOACOUSTIC EMISSIONS TEST (OAE),,E.N.T. DIAGNOSTIC CENTER,900,1100,"October 10, 2025",adhoc,A;C;E;I;M;N;O;S;T;U
4150087,PEDIATRIC (0-5 YEARS OLD) HEARING PACKAGE,,E.N.T. DIAGNOSTIC CENTER,9550,11500,"November 09, 2022",adhoc,A;C;D;E;G;H;I;K;L;N;O;P;R;S;T;Y;0;5
04150054,PLAY AUDIOMETRY,,E.N.T. DIAGNOSTIC CENTER,2430,3000,"September 15, 2025",adhoc,A;D;E;I;L;M;O;P;R;T;U;Y
4150086,PRE-ADOLESCENT HEARING PACKAGE,,E.N.T. DIAGNOSTIC CENTER,1600,2000,"November 09, 2022",adhoc,A;C;D;E;G;H;I;K;L;N;O;P;R;S;T
04150055,PUNCH BIOPSY,,E.N.T. DIAGNOSTIC CENTER,4330,5200,"October 10, 2025",adhoc,B;C;H;I;N;O;P;S;U;Y
04150056,PURE TONE AUDIOMETRY (PTA) W/ ST/CST,,E.N.T. DIAGNOSTIC CENTER,1190,2200,"September 15, 2025",adhoc,A;C;D;E;I;M;N;O;P;R;S;T;U;W;Y
04150095,REAL EAR MEASUREMENT,,E.N.T. DIAGNOSTIC CENTER,500,600,"September 08, 2025",adhoc,A;E;L;M;N;R;S;T;U
04150059,REMOVAL OF NASAL PACK,,E.N.T. DIAGNOSTIC CENTER,3800,4600,"September 04, 2025",adhoc,A;C;E;F;K;L;M;N;O;P;R;S;V
04150066,RIGID NASAL ENDOSCOPY,,E.N.T. DIAGNOSTIC CENTER,6200,7500,"September 04, 2025",adhoc,A;C;D;E;G;I;L;N;O;P;R;S;Y
04150088,SCHOOL AGE (5 YEARS OLD & ABOVE) HEARING PACKAGE,,E.N.T. DIAGNOSTIC CENTER,3000,3600,"September 11, 2023",adhoc,A;B;C;D;E;G;H;I;K;L;N;O;P;R;S;V;Y;5
04150096,SCREENING AUDIOMETRY,,E.N.T. DIAGNOSTIC CENTER,830,1050,"September 08, 2025",adhoc,A;C;D;E;G;I;M;N;O;R;S;T;U;Y
04150100,SCREENING AUDIOMETRY (MAKATIMED WELLNESS),,E.N.T. DIAGNOSTIC CENTER,800,960,"September 08, 2025",adhoc,A;C;D;E;G;I;K;L;M;N;O;R;S;T;U;W;Y
04150068,TINNITUS MATCHING,,E.N.T. DIAGNOSTIC CENTER,1030,1300,"September 04, 2025",adhoc,A;C;G;H;I;M;N;S;T;U
04150071,TYMPANOMETRY,,E.N.T. DIAGNOSTIC CENTER,980,1200,"September 04, 2025",adhoc,A;E;M;N;O;P;R;T;Y
04150101,USE OF AMBULATORY OR ENT 30MINS,,E.N.T. DIAGNOSTIC CENTER,630,760,"September 15, 2025",adhoc,A;B;E;F;I;L;M;N;O;R;S;T;U;Y;0;3
04150097,USE OF BEDSIDE MONITOR,,E.N.T. DIAGNOSTIC CENTER,1160,1400,"September 08, 2025",adhoc,B;D;E;F;I;M;N;O;R;S;T;U
04150098,USE OF SURGICAL BURRS IP,,E.N.T. DIAGNOSTIC CENTER,1410,1540,"October 24, 2025",adhoc,A;B;C;E;F;G;I;L;O;P;R;S;U
04150099,USE OF TREATMENT ROOM,,E.N.T. DIAGNOSTIC CENTER,1300,1560,"September 08, 2025",adhoc,A;E;F;M;N;O;R;S;T;U
04150072,VIDEOLARYNGOSCOPY,,E.N.T. DIAGNOSTIC CENTER,6200,7500,"September 04, 2025",adhoc,A;C;D;E;G;I;L;N;O;P;R;S;V;Y
04150073,VIDEONYSTAGMOGRAPHY,,E.N.T. DIAGNOSTIC CENTER,6500,8200,"July 17, 2026",adhoc,A;D;E;G;H;I;M;N;O;P;R;S;T;V;Y
04150074,VIDEOSTROBOSCOPY,,E.N.T. DIAGNOSTIC CENTER,8700,10500,"September 04, 2025",adhoc,B;C;D;E;I;O;P;R;S;T;V;Y
04150075,WOUND DEBRIDEMENT (ENT),,E.N.T. DIAGNOSTIC CENTER,6150,7380,"July 13, 2021",adhoc,B;D;E;I;M;N;O;R;T;U;W
12030001,1 WEEK MENU PLAN,,ENDOCRINE CARE CENTER,1390,1800,"March 03, 2026",adhoc,A;E;K;L;M;N;P;U;W;1
12030003,ADJUSTMENT OF DOSES,,ENDOCRINE CARE CENTER,420,600,"March 03, 2026",adhoc,A;D;E;F;J;M;N;O;S;T;U
12030004,ANKLE BRACHIAL INDEX TEST,,ENDOCRINE CARE CENTER,1000,1300,"March 03, 2026",adhoc,A;B;C;D;E;H;I;K;L;N;R;S;T;X
12030005,BLOOD GLUCOSE METER DEMO,,ENDOCRINE CARE CENTER,116,150,"March 03, 2026",adhoc,B;C;D;E;G;L;M;O;R;S;T;U
04350003,BLOOD PRESSURE MEASUREMENT,,ENDOCRINE CARE CENTER,105,140,"March 03, 2026",adhoc,A;B;D;E;L;M;N;O;P;R;S;T;U
04350004,BMI AND WAIST CIRCUMFERENCE,,ENDOCRINE CARE CENTER,126,170,"March 03, 2026",adhoc,A;B;C;D;E;F;I;M;N;R;S;T;U;W
04350005,BODY COMPOSITION ANALYSIS,,ENDOCRINE CARE CENTER,720,950,"March 03, 2026",adhoc,A;B;C;D;I;L;M;N;O;P;S;T;Y
12030006,CALCULATED DIET,,ENDOCRINE CARE CENTER,830,1100,"March 03, 2026",adhoc,A;C;D;E;I;L;T;U
12030038,CALLUS MANAGEMENT,,ENDOCRINE CARE CENTER,1530,2000,"March 03, 2026",adhoc,A;C;E;G;L;M;N;S;T;U
12030007,CARBOHYDRATE COUNTING INITIAL AND SUCCEEDING VISIT,,ENDOCRINE CARE CENTER,730,1300,"March 03, 2026",adhoc,A;B;C;D;E;G;H;I;L;N;O;R;S;T;U;V;Y
12030065,CARDIO - DIABETES PACKAGE,,ENDOCRINE CARE CENTER,49900,62400,"March 03, 2026",adhoc,A;B;C;D;E;G;I;K;O;P;R;S;T
12030009,CGM,,ENDOCRINE CARE CENTER,550,9700,"March 03, 2026",adhoc,C;G;M
12030024,COMPREHENSIVE FOOT SCREENING,,ENDOCRINE CARE CENTER,655,900,"March 03, 2026",adhoc,C;E;F;G;H;I;M;N;O;P;R;S;T;V
12030066,COMPREHENSIVE FOOT SCREENING WITH ABI PACKAGE,,ENDOCRINE CARE CENTER,1470,1900,"March 03, 2026",adhoc,A;B;C;E;F;G;H;I;K;M;N;O;P;R;S;T;V;W
12030012,DIABETES AND PREGNANCY,,ENDOCRINE CARE CENTER,495,620,"March 03, 2026",adhoc,A;B;C;D;E;G;I;N;P;R;S;T;Y
12030077,DIABETES PACKAGE,,ENDOCRINE CARE CENTER,2300,6000,"July 31, 2026",adhoc,A;B;C;D;E;G;I;K;P;S;T
04350018,DIET COUNSELING INITIAL POST-OP AND 6 FOLLOW-UP,,ENDOCRINE CARE CENTER,6750,8500,"March 03, 2026",adhoc,A;C;D;E;F;G;I;L;N;O;P;S;T;U;W;6
12030070,DM TYPE 1 FULL COURSE PACKAGE,,ENDOCRINE CARE CENTER,3395,4300,"March 03, 2026",adhoc,A;C;D;E;F;G;K;L;M;O;P;R;S;T;U;Y;1
12030067,EDUC RENAL DIET PACKAGE,,ENDOCRINE CARE CENTER,1770,2300,"March 03, 2026",adhoc,A;C;D;E;G;I;K;L;N;P;R;T;U
12030061,ENTERAL FEEDING GUIDE,,ENDOCRINE CARE CENTER,500,630,"March 03, 2026",adhoc,A;D;E;F;G;I;L;N;R;T;U
12030020,EXERCISE AND DIABETES,,ENDOCRINE CARE CENTER,630,850,"March 03, 2026",adhoc,A;B;C;D;E;I;N;R;S;T;X
12030021,FOOD DIARY ASSESSMENT 1 WEEK,,ENDOCRINE CARE CENTER,810,1100,"March 03, 2026",adhoc,A;D;E;F;I;K;M;N;O;R;S;T;W;Y;1
12030018,FOOD EXCHANGE LIST,,ENDOCRINE CARE CENTER,630,850,"March 03, 2026",adhoc,A;C;D;E;F;G;H;I;L;N;O;S;T;X
12030022,FOOD EXCHANGE LIST DUPLICATE,,ENDOCRINE CARE CENTER,237,300,"March 03, 2026",adhoc,A;C;D;E;F;G;H;I;L;N;O;P;S;T;U;X
12030023,FOOT CARE,,ENDOCRINE CARE CENTER,575,1100,"March 03, 2026",adhoc,A;C;E;F;O;R;T
12030039,FUNGAL NAILS MANAGEMENT,,ENDOCRINE CARE CENTER,1540,2000,"March 03, 2026",adhoc,A;E;F;G;I;L;M;N;S;T;U
12030078,GDM PACKAGE,,ENDOCRINE CARE CENTER,2100,3400,"July 31, 2026",adhoc,A;C;D;E;G;K;M;P
12030025,GESTATIONAL DIABETES MELLITUS,,ENDOCRINE CARE CENTER,495,620,"March 03, 2026",adhoc,A;B;D;E;G;I;L;M;N;O;S;T;U
12030026,GUARDIAN CGM,,ENDOCRINE CARE CENTER,39400,49300,"March 03, 2026",adhoc,A;C;D;G;I;M;N;R;U
12030028,GUIDE ON EATING OUT AND BUFFET TABLE TIPS,,ENDOCRINE CARE CENTER,960,1250,"March 03, 2026",adhoc,A;B;D;E;F;G;I;L;N;O;P;S;T;U
12030032,GUIDE ON MEAL REPLACEMENTS/FOOD SUPPLEMENTS,,ENDOCRINE CARE CENTER,630,850,"March 03, 2026",adhoc,A;C;D;E;F;G;I;L;M;N;O;P;R;S;T;U
12030040,INGROWN TOENAILS MANAGEMENT,,ENDOCRINE CARE CENTER,1760,2250,"March 03, 2026",adhoc,A;E;G;I;L;M;N;O;R;S;T;W
12030079,INJECTION FEE,,ENDOCRINE CARE CENTER,350,550,"July 31, 2026",adhoc,C;E;F;I;J;N;O;T
18240003,INSTRUCTION AND DEMO ON INJECTABLE THERAPIES,,ENDOCRINE CARE CENTER,655,900,"March 03, 2026",adhoc,A;B;C;D;E;H;I;J;L;M;N;O;P;R;S;T;U
12030019,INSULIN PUMP EDUCATION,,ENDOCRINE CARE CENTER,980,1300,"March 03, 2026",adhoc,A;C;D;E;I;L;M;N;O;P;S;T;U
12030051,INSULIN PUMP PLACEMENT,,ENDOCRINE CARE CENTER,465,590,"March 03, 2026",adhoc,A;C;E;I;L;M;N;P;S;T;U
12030068,INSULIN PUMP THERAPY PACKAGE,,ENDOCRINE CARE CENTER,378500,473200,"March 03, 2026",adhoc,A;C;E;G;H;I;K;L;M;N;P;R;S;T;U;Y
12030042,MEDICAL LECTURE PROGRAM,,ENDOCRINE CARE CENTER,8000,0,"March 03, 2026",adhoc,A;C;D;E;G;I;L;M;O;P;R;T;U
04350017,MEDICAL NUTRITION THERAPY PACKAGE,,ENDOCRINE CARE CENTER,2060,2600,"March 03, 2026",adhoc,A;C;D;E;G;H;I;K;L;M;N;O;P;R;T;U;Y
12030082,METABOLIC LAB PACKAGE,,ENDOCRINE CARE CENTER,12000,15000,"July 31, 2026",adhoc,A;B;C;E;G;I;K;L;M;O;P;T
12030043,NAIL CUTTING,,ENDOCRINE CARE CENTER,1410,1800,"March 03, 2026",adhoc,A;C;G;I;L;N;T;U
12030044,NATURE AND COMPLICATIONS OF DIABETES,,ENDOCRINE CARE CENTER,470,1200,"March 03, 2026",adhoc,A;B;C;D;E;F;I;L;M;N;O;P;R;S;T;U
12030017,NUTRITION COUNSELING,,ENDOCRINE CARE CENTER,1140,1500,"March 03, 2026",adhoc,C;E;G;I;L;N;O;R;S;T;U
12030049,NUTRITION LABEL READING,,ENDOCRINE CARE CENTER,960,1250,"March 03, 2026",adhoc,A;B;D;E;G;I;L;N;O;R;T;U
12030016,NUTRITION PLAN MODIFICATION,,ENDOCRINE CARE CENTER,295,500,"March 03, 2026",adhoc,A;C;D;F;I;L;M;N;O;P;R;T;U
18240002,ONCO NUTRITION PACKAGE,,ENDOCRINE CARE CENTER,14500,19000,"March 03, 2026",adhoc,A;C;E;G;I;K;N;O;P;R;T;U
12030046,PARTICIPATION FEE OUP,,ENDOCRINE CARE CENTER,3420,3420,"March 03, 2026",adhoc,A;C;E;F;I;N;O;P;R;T;U
04350011,PRE / POST OP BARIATRIC DIET,,ENDOCRINE CARE CENTER,1380,7600,"March 03, 2026",adhoc,A;B;C;D;E;I;O;P;R;S;T
12030047,PROPER FOOTWEAR AND OFF-LOADING TECHNIQUES,,ENDOCRINE CARE CENTER,810,1100,"March 03, 2026",adhoc,A;C;D;E;F;G;H;I;L;N;O;P;Q;R;S;T;U;W
12030076,RDCP PACKAGE,,ENDOCRINE CARE CENTER,2370,2990,"March 03, 2026",adhoc,A;C;D;E;G;K;P;R
12030052,RENAL DIET,,ENDOCRINE CARE CENTER,370,1850,"March 03, 2026",adhoc,A;D;E;I;L;N;R;T
12030053,REPEAT SESSION MNT,,ENDOCRINE CARE CENTER,730,1000,"March 03, 2026",adhoc,A;E;I;M;N;O;P;R;S;T
12030054,REPEAT SESSION RENAL DIET,,ENDOCRINE CARE CENTER,790,1050,"March 03, 2026",adhoc,A;D;E;I;L;N;O;P;R;S;T
12030055,SELF-MONITORING OF BLOOD GLUCOSE,,ENDOCRINE CARE CENTER,655,900,"March 03, 2026",adhoc,B;C;D;E;F;G;I;L;M;N;O;R;S;T;U
12030057,SMBG USING CONTOUR PLUS ELITE,,ENDOCRINE CARE CENTER,1900,3700,"March 03, 2026",adhoc,B;C;E;G;I;L;M;N;O;P;R;S;T;U
12030058,SMBG USING ONE TOUCH ULTRA PLUS (STARTER),,ENDOCRINE CARE CENTER,3000,3800,"March 03, 2026",adhoc,A;B;C;E;G;H;I;L;M;N;O;P;R;S;T;U
18240001,VITALITY BASIC A PACKAGE,,ENDOCRINE CARE CENTER,1150,1500,"March 03, 2026",adhoc,A;B;C;E;G;I;K;L;P;S;T;V;Y
04350013,VITALITY NUTRITION ASSESSMENT,,ENDOCRINE CARE CENTER,347,440,"March 03, 2026",adhoc,A;E;I;L;M;N;O;R;S;T;U;V;Y
04350014,VNA W/ BMI AND WAIST CIRCUMFERENCE,,ENDOCRINE CARE CENTER,485,700,"March 03, 2026",adhoc,A;B;C;D;E;F;I;M;N;R;S;T;U;V;W
04350015,WEIGHT & WELLNESS FEE,,ENDOCRINE CARE CENTER,5700,7200,"March 03, 2026",adhoc,E;F;G;H;I;L;N;S;T;W
12030080,WEIGHT MANAGEMENT EDUCATION,,ENDOCRINE CARE CENTER,950,1200,"July 31, 2026",adhoc,A;C;D;E;G;H;I;M;N;O;T;U;W
12030081,WEIGHT MANAGEMENT PACKAGE,,ENDOCRINE CARE CENTER,5750,9100,"July 31, 2026",adhoc,A;C;E;G;H;I;K;M;N;P;T;W
04140001,ADRENALINE INJECTION (COLO),,ENDOSCOPY UNIT,4250,5400,"March 04, 2026",adhoc,A;C;D;E;I;J;L;N;O;R;T
04140002,ANOSCOPY,,ENDOSCOPY UNIT,710,950,"March 04, 2026",adhoc,A;C;N;O;P;S;Y
04140003,BIOPSY FORCEP,,ENDOSCOPY UNIT,2500,3200,"March 04, 2026",adhoc,B;C;E;F;I;O;P;R;S;Y
04140004,CAPILLARY BLOOD GLUCOSE ENDOSCOPY,,ENDOSCOPY UNIT,405,500,"March 04, 2026",adhoc,A;B;C;D;E;G;I;L;N;O;P;R;S;U;Y
04140005,COLLECTION OF WASHING (COLONIC/ESOPHA),,ENDOSCOPY UNIT,326,18700,"March 04, 2026",adhoc,A;C;E;F;G;H;I;L;N;O;P;S;T;W
04140006,COLONOSCOPY,,ENDOSCOPY UNIT,14900,41500,"March 04, 2026",adhoc,C;L;N;O;P;S;Y
04140007,ENDOSCOPIC RETROGADE CHOLANGIOPANCREATOGRAPHY ENDOSCOPY,,ENDOSCOPY UNIT,26400,33000,"March 04, 2026",adhoc,A;C;D;E;G;H;I;L;N;O;P;R;S;T;Y
04140008,ENTYVIO INFUSION WITH INFUSION PUMP,,ENDOSCOPY UNIT,4250,5400,"June 09, 2026",adhoc,E;F;H;I;M;N;O;P;S;T;U;V;W;Y
04140026,ENTYVIO INFUSION WITHOUT INFUSION PUMP,,ENDOSCOPY UNIT,3310,4200,"June 09, 2026",adhoc,E;F;H;I;M;N;O;P;S;T;U;V;W;Y
04140009,ESOPHAGOGASTRODUODENOSCOPY,,ENDOSCOPY UNIT,13800,40300,"March 04, 2026",adhoc,A;C;D;E;G;H;N;O;P;R;S;T;U;Y
04140010,HEPA A & B VACCINE LIVER UNIT OUP,,ENDOSCOPY UNIT,4900,4900,"March 04, 2026",adhoc,A;B;C;E;H;I;L;N;O;P;R;T;U;V
04140011,HEPA A VACCINE LIVER UNIT OUP,,ENDOSCOPY UNIT,4700,4700,"March 04, 2026",adhoc,A;C;E;H;I;L;N;O;P;R;T;U;V
04140012,HEPA B VACCINE LIVER UNIT OUP,,ENDOSCOPY UNIT,1750,1750,"March 04, 2026",adhoc,A;B;C;E;H;I;L;N;O;P;R;T;U;V
04140013,HUMAN ALBUMIN INFUSION,,ENDOSCOPY UNIT,2770,4600,"March 04, 2026",adhoc,A;B;F;H;I;L;M;N;O;S;U
04140014,IRON SUCROSE,,ENDOSCOPY UNIT,2650,4900,"March 04, 2026",adhoc,C;E;I;N;O;R;S;U
04140015,LIVER CARE ADMINISTRATION FEE,,ENDOSCOPY UNIT,1050,1400,"March 04, 2026",adhoc,A;C;D;E;F;I;L;M;N;O;R;S;T;V
04140016,LIVER CARE CONSULTATION FEE,,ENDOSCOPY UNIT,1740,2200,"March 04, 2026",adhoc,A;C;E;F;I;L;N;O;R;S;T;U;V
04140027,LIVER UNIT CLINICAL TRIAL FEE,,ENDOSCOPY UNIT,10000,12000,"October 27, 2025",adhoc,A;C;E;F;I;L;N;R;T;U;V
04140017,POLYP REMOVAL,,ENDOSCOPY UNIT,8400,18800,"March 04, 2026",adhoc,A;E;L;M;O;P;R;V;Y
04140018,PROCTOSIGMOIDOSCOPY,,ENDOSCOPY UNIT,4000,7500,"March 04, 2026",adhoc,C;D;G;I;M;O;P;R;S;T;Y
04140019,THERAPEUTIC CLEANSING ENEMA,,ENDOSCOPY UNIT,3600,6800,"March 04, 2026",adhoc,A;C;E;G;H;I;L;M;N;P;R;S;T;U
04140020,UREASE TEST,,ENDOSCOPY UNIT,2550,3200,"March 04, 2026",adhoc,A;E;R;S;T;U
04140021,USE OF ADRENALINE INJECTION (GASTRO),,ENDOSCOPY UNIT,4550,5700,"March 04, 2026",adhoc,A;C;D;E;F;G;I;J;L;N;O;R;S;T;U
04140022,USE OF HEMOCLIP (ENDOCLIP),,ENDOSCOPY UNIT,3510,4400,"March 04, 2026",adhoc,C;D;E;F;H;I;L;M;N;O;P;S;U
04140023,USE OF NEGATIVE PRESSURE ROOM,,ENDOSCOPY UNIT,1110,1110,"March 04, 2026",adhoc,A;E;F;G;I;M;N;O;P;R;S;T;U;V
04140024,USE OF RECOVERY ROOM (ENDO),,ENDOSCOPY UNIT,600,1200,"March 04, 2026",adhoc,C;D;E;F;M;N;O;R;S;U;V;Y
04140025,USE OF S-G DILATOR (PER ESOP DILATOR),,ENDOSCOPY UNIT,6050,7600,"March 04, 2026",adhoc,A;D;E;F;G;I;L;O;P;R;S;T;U
18180007,HEALTH INVESTMENT INPATIENT PACKAGE,,HEALTH HUB INPATIENT,26600,29700,"March 06, 2026",adhoc,A;C;E;G;H;I;K;L;M;N;P;S;T;V
18180008,HEALTH SCREENING ABDOMINAL,,HEALTH HUB INPATIENT,6750,66300,"March 06, 2026",adhoc,A;B;C;D;E;G;H;I;L;M;N;O;R;S;T
04170027,CHANGE OF TRACHEOSTOMY OUP MMH,,HOME CARE & HOSPICE,5500,5500,"August 05, 2026",adhoc,A;C;E;F;G;H;M;N;O;P;R;S;T;U;Y
04170001,ECG HOME CARE,,HOME CARE & HOSPICE,2550,2550,"March 03, 2026",adhoc,A;C;E;G;H;M;O;R
04170017,ELITE IPHC WELLNESS MALE PACKAGE WITH DP,,HOME CARE & HOSPICE,27500,27500,"July 28, 2022",adhoc,A;C;D;E;G;H;I;K;L;M;N;P;S;T;W
04170018,ELITE IPHC WELLNESS MALE PACKAGE WITH MWC,,HOME CARE & HOSPICE,27500,27500,"July 28, 2022",adhoc,A;C;E;G;H;I;K;L;M;N;P;S;T;W
04170016,FLU VACCINATION - HOME SERVICE,,HOME CARE & HOSPICE,4410,18900,"July 15, 2021",adhoc,A;C;E;F;H;I;L;M;N;O;R;S;T;U;V
04170002,FOLEY CATH / HEPLOCK INSERTION OUP,,HOME CARE & HOSPICE,2520,2850,"March 03, 2026",adhoc,A;C;E;F;H;I;K;L;N;O;P;R;S;T;U;Y
04170003,GASTROSTOMY TUBE REPLACEMENT OUP,,HOME CARE & HOSPICE,2000,2000,"September 04, 2025",adhoc,A;B;C;E;G;L;M;N;O;P;R;S;T;U;Y
04170019,GERIATRIC FEMALE IPHC WELLNESS PACKAGE WITH MWC,,HOME CARE & HOSPICE,19500,19500,"July 28, 2022",adhoc,A;C;E;F;G;H;I;K;L;M;N;P;R;S;T;W
04170007,HOME VISIT,,HOME CARE & HOSPICE,3150,35600,"March 03, 2026",adhoc,E;H;I;M;O;S;T;V
04170008,IM INJECTION/IV DRIP/IV PUSH OUP,,HOME CARE & HOSPICE,800,800,"March 03, 2026",adhoc,C;D;E;H;I;J;M;N;O;P;R;S;T;U;V
04170009,IN ADDITION OF 10 PER VACCINE,,HOME CARE & HOSPICE,2000,2000,"March 03, 2026",adhoc,A;C;D;E;F;I;N;O;P;R;T;V;0;1
04170021,IPHC COMPREHENSIVE ABDOMINAL PACKAGE WITH DP,,HOME CARE & HOSPICE,24000,24000,"July 28, 2022",adhoc,A;B;C;D;E;G;H;I;K;L;M;N;O;P;R;S;T;V;W
04170022,IPHC COMPREHENSIVE ABDOMINAL PACKAGE WITH MWC,,HOME CARE & HOSPICE,24000,24000,"July 28, 2022",adhoc,A;B;C;D;E;G;H;I;K;L;M;N;O;P;R;S;T;V;W
04170023,IPHC HEALTH INVESTMENT ESSENTIALS BASIC 5 PACKAGE,,HOME CARE & HOSPICE,4200,4200,"March 03, 2026",adhoc,A;B;C;E;G;H;I;K;L;M;N;P;S;T;V;5
04170020,IPHC LIFESTYLE EXECUTIVE PACKAGE,,HOME CARE & HOSPICE,41000,41000,"July 28, 2022",adhoc,A;C;E;F;G;H;I;K;L;P;S;T;U;V;X;Y
04170024,IPHC WELLNESS PREMIER PACKAGE WITH DP,,HOME CARE & HOSPICE,26500,26500,"July 28, 2022",adhoc,A;C;D;E;G;H;I;K;L;M;N;P;R;S;T;W
04170025,IPHC WELLNESS PREMIER PACKAGE WITH MWC,,HOME CARE & HOSPICE,26500,26500,"July 28, 2022",adhoc,A;C;E;G;H;I;K;L;M;N;P;R;S;T;W
04170010,IV/NGT INSERTION OUP,,HOME CARE & HOSPICE,2850,3260,"March 03, 2026",adhoc,E;G;I;N;O;P;R;S;T;U;V
04170012,PNEUMOCOCCAL VACCINE (PNEUMOVAX 23),,HOME CARE & HOSPICE,5000,5000,"March 03, 2026",adhoc,A;C;E;I;L;M;N;O;P;U;V;X;2;3
04170013,TRACHEOSTOMY TUBE REPLACEMENT OUP,,HOME CARE & HOSPICE,2050,2050,"March 03, 2026",adhoc,A;B;C;E;H;L;M;N;O;P;R;S;T;U;Y
04170026,VACCINATION MD OUP MMH,,HOME CARE & HOSPICE,3400,7400,"September 12, 2025",adhoc,A;C;D;H;I;M;N;O;P;T;U;V
04170014,WOUND DEBRIDEMENT OUP,,HOME CARE & HOSPICE,3700,3700,"March 03, 2026",adhoc,B;D;E;I;M;N;O;P;R;T;U;W
04170015,WOUND DRESSING (IPHC) OUP,,HOME CARE & HOSPICE,4000,4000,"March 03, 2026",adhoc,C;D;E;G;H;I;N;O;P;R;S;U;W
04360001,ACID FAST (AFB STAIN TISSUE),,LAB-ANATOMIC,2950,3700,"March 10, 2026",adhoc,A;B;C;D;E;F;I;N;S;T;U
04360002,ADRENOCORTICOTROPHIN (ACTH),,LAB-ANATOMIC,6400,8000,"March 10, 2026",adhoc,A;C;D;E;H;I;N;O;P;R;T
04360003,ALCIAN BLUE,,LAB-ANATOMIC,4320,5400,"March 10, 2026",adhoc,A;B;C;E;I;L;N;U
04360004,ALK 1 CONFIRM,,LAB-ANATOMIC,7800,9800,"March 10, 2026",adhoc,A;C;F;I;K;L;M;N;O;R;1
04360005,ARGINASE-1,,LAB-ANATOMIC,6300,7900,"March 10, 2026",adhoc,A;E;G;I;N;R;S;1
04360117,AUTOPSY OUP PACKAGE,,LAB-ANATOMIC,18300,18300,"July 01, 2025",adhoc,A;C;E;G;K;O;P;S;T;U;Y
04360006,BCL 2,,LAB-ANATOMIC,7000,8800,"March 10, 2026",adhoc,B;C;L;2
04360707,BCL 6,,LAB-ANATOMIC,7700,9700,"March 10, 2026",adhoc,B;C;L;6
04360008,BETA CATENIN,,LAB-ANATOMIC,6500,8200,"March 10, 2026",adhoc,A;B;C;E;I;N;T
04360009,BM STAIN,,LAB-ANATOMIC,580,800,"March 10, 2026",adhoc,A;B;I;M;N;S;T
04360010,BREAST PANEL (ERA PRA CERB-B2),,LAB-ANATOMIC,17500,21900,"March 10, 2026",adhoc,A;B;C;E;L;N;P;R;S;T;2
04360007,BerEP4,,LAB-ANATOMIC,6250,7900,"March 10, 2026",adhoc,B;E;P;R;4
04360138,C-MYC,,LAB-ANATOMIC,5600,7000,"March 10, 2026",adhoc,C;M;Y
04360011,CA 19 9 HISTO,,LAB-ANATOMIC,7000,8800,"March 10, 2026",adhoc,A;C;H;I;O;S;T;1;9
04360012,CALDESMON,,LAB-ANATOMIC,7250,9100,"March 10, 2026",adhoc,A;C;D;E;L;M;N;O;S
04360013,CALPONIN,,LAB-ANATOMIC,5950,7500,"March 10, 2026",adhoc,A;C;I;L;N;O;P
04360014,CALRETENIN,,LAB-ANATOMIC,7000,8800,"March 10, 2026",adhoc,A;C;E;I;L;N;R;T
04360015,CD 10,,LAB-ANATOMIC,7000,8800,"March 10, 2026",adhoc,C;D;0;1
04360016,CD 117,,LAB-ANATOMIC,6700,8400,"March 10, 2026",adhoc,C;D;1;7
04360017,CD 138 (SYNDECAN-1),,LAB-ANATOMIC,7010,8800,"March 10, 2026",adhoc,A;C;D;E;N;S;Y;1;3;8
04360018,CD 15 (GRANOLYTE),,LAB-ANATOMIC,7250,9100,"March 10, 2026",adhoc,A;C;D;E;G;L;N;O;R;T;Y;1;5
04360019,CD 1a,,LAB-ANATOMIC,7000,8800,"March 10, 2026",adhoc,A;C;D;1
04360020,CD 20 (B CELL),,LAB-ANATOMIC,7450,9400,"March 10, 2026",adhoc,B;C;D;E;L;0;2
04360706,CD 21,,LAB-ANATOMIC,7700,9700,"March 10, 2026",adhoc,C;D;1;2
04360021,CD 23,,LAB-ANATOMIC,7000,8800,"March 10, 2026",adhoc,C;D;2;3
04360022,CD 3 (T CELL),,LAB-ANATOMIC,7000,8800,"March 10, 2026",adhoc,C;D;E;L;T;3
04360023,CD 30,,LAB-ANATOMIC,6910,8700,"March 10, 2026",adhoc,C;D;0;3
04360024,CD 31,,LAB-ANATOMIC,5950,7500,"March 10, 2026",adhoc,C;D;1;3
04360025,CD 34 BE12 (+),,LAB-ANATOMIC,7250,9100,"March 10, 2026",adhoc,B;C;D;E;1;2;3;4
04360115,CD 4,,LAB-ANATOMIC,5600,7000,"March 10, 2026",adhoc,C;D;4
04360026,CD 5,,LAB-ANATOMIC,7000,8800,"March 10, 2026",adhoc,C;D;5
04360027,CD 56 (N CAM),,LAB-ANATOMIC,8000,10000,"March 10, 2026",adhoc,A;C;D;M;N;5;6
04360028,CD 68,,LAB-ANATOMIC,6910,8700,"March 10, 2026",adhoc,C;D;6;8
04360130,CD 7,,LAB-ANATOMIC,5600,7000,"March 10, 2026",adhoc,C;D;7
04360708,CD 79a,,LAB-ANATOMIC,7700,9700,"March 10, 2026",adhoc,A;C;D;7;9
04360029,CD 99,,LAB-ANATOMIC,7940,10000,"March 10, 2026",adhoc,C;D;9
04360030,CD X-2,,LAB-ANATOMIC,7000,8800,"March 10, 2026",adhoc,C;D;X;2
04360031,CEA MONOCLONAL TISSUE,,LAB-ANATOMIC,6400,8000,"March 10, 2026",adhoc,A;C;E;I;L;M;N;O;S;T;U
04360032,CELL BLOCK & CYTOLOGY SMEAR,,LAB-ANATOMIC,4950,6200,"March 10, 2026",adhoc,A;B;C;E;G;K;L;M;O;R;S;T;Y
04360033,CHROMOGRANIN,,LAB-ANATOMIC,9500,11900,"March 10, 2026",adhoc,A;C;G;H;I;M;N;O;R
04360034,CK 19,,LAB-ANATOMIC,6850,8600,"March 10, 2026",adhoc,C;K;1;9
04360035,CONGO RED STAIN,,LAB-ANATOMIC,4550,5700,"March 10, 2026",adhoc,A;C;D;E;G;I;N;O;R;S;T
04360036,CT GUIDED BIOPSY (RHP) WITH ADEQUACY,,LAB-ANATOMIC,15350,19200,"March 10, 2026",adhoc,A;B;C;D;E;G;H;I;O;P;Q;R;S;T;U;W;Y
04360037,CT GUIDED SMEARS W/ CELL BLOCK,,LAB-ANATOMIC,5300,6700,"March 10, 2026",adhoc,A;B;C;D;E;G;I;K;L;M;O;R;S;T;U;W
04360038,CYCLIN D1,,LAB-ANATOMIC,7000,8800,"March 10, 2026",adhoc,C;D;I;L;N;Y;1
04360039,CYTO SMEAR ADD ON,,LAB-ANATOMIC,1560,2000,"March 10, 2026",adhoc,A;C;D;E;M;N;O;R;S;T;Y
04360040,CYTOKERATIN,,LAB-ANATOMIC,6700,9100,"March 10, 2026",adhoc,A;C;E;I;K;N;O;R;T;Y
04360041,CYTOLOGY SMEAR,,LAB-ANATOMIC,2350,4000,"March 10, 2026",adhoc,A;C;E;G;L;M;O;R;S;T;Y
04360042,CYTOSPIN CYTOL,,LAB-ANATOMIC,3260,4100,"March 10, 2026",adhoc,C;I;L;N;O;P;S;T;Y
04360043,CYTOSPIN URINE+3 SAMPLES,,LAB-ANATOMIC,6060,7600,"March 10, 2026",adhoc,A;C;E;I;L;M;N;O;P;R;S;T;U;Y;3
04360044,DESMIN,,LAB-ANATOMIC,7000,8800,"March 10, 2026",adhoc,D;E;I;M;N;S
04360045,DOG 1,,LAB-ANATOMIC,7550,9500,"March 10, 2026",adhoc,D;G;O;1
04360046,E CADHERIN,,LAB-ANATOMIC,6910,8700,"March 10, 2026",adhoc,A;C;D;E;H;I;N;R
04360139,EBER-ISH,,LAB-ANATOMIC,13600,17000,"March 10, 2026",adhoc,B;E;H;I;R;S
04360047,EGFR (EPIDERMAL GROWTH FACTOR RECEPTOR),,LAB-ANATOMIC,6200,7800,"March 10, 2026",adhoc,A;C;D;E;F;G;H;I;L;M;O;P;R;T;W
04360048,EMA (EPITHELIAL MEMBRANE ANTIGEN),,LAB-ANATOMIC,6400,8000,"March 10, 2026",adhoc,A;B;E;G;H;I;L;M;N;P;R;T
04360049,ERA PRA,,LAB-ANATOMIC,11700,14700,"March 10, 2026",adhoc,A;E;P;R
04360050,ESTROGEN RECEPTOR,,LAB-ANATOMIC,7150,9000,"March 10, 2026",adhoc,C;E;G;N;O;P;R;S;T
04360051,FINE NEEDLE ASPIRATION BIOPSY,,LAB-ANATOMIC,6360,8000,"March 10, 2026",adhoc,A;B;D;E;F;I;L;N;O;P;R;S;T;Y
04360052,FLUORESCENCE IGG IGA SKIN/RENAL,,LAB-ANATOMIC,13600,17700,"March 27, 2026",adhoc,A;C;E;F;G;I;K;L;N;O;R;S;U
04360053,FROZEN DERMA MOHS 7 SITES,,LAB-ANATOMIC,21900,27400,"March 10, 2026",adhoc,A;D;E;F;H;I;M;N;O;R;S;T;Z;7
04360056,FROZEN SECTION,,LAB-ANATOMIC,15500,39200,"March 10, 2026",adhoc,C;E;F;I;N;O;R;S;T;Z
04360054,FROZEN SECTION - ADDITIONAL CUTS,,LAB-ANATOMIC,4050,5100,"March 10, 2026",adhoc,A;C;D;E;F;I;L;N;O;R;S;T;U;Z
04360055,FROZEN SECTION - CANCELLATION FEE,,LAB-ANATOMIC,5390,6800,"March 10, 2026",adhoc,A;C;E;F;I;L;N;O;R;S;T;Z
04360057,GALECTIN 3,,LAB-ANATOMIC,5950,7500,"March 10, 2026",adhoc,A;C;E;G;I;L;N;T;3
04360058,GATA 3,,LAB-ANATOMIC,7210,9100,"March 10, 2026",adhoc,A;G;T;3
04360059,GCDFP (GROSS CYSTIC DISEASE FLUID PROTEIN) 15,,LAB-ANATOMIC,6400,8000,"March 10, 2026",adhoc,A;C;D;E;F;G;I;L;N;O;P;R;S;T;U;Y;1;5
04360060,GFAP (GLIAL FIBRI ACIDIC PROTE),,LAB-ANATOMIC,6450,8100,"March 10, 2026",adhoc,A;B;C;D;E;F;G;I;L;O;P;R;T
04360061,GIEMSA STAIN,,LAB-ANATOMIC,3810,4800,"March 10, 2026",adhoc,A;E;G;I;M;N;S;T
04360062,GLYPICAN 3,,LAB-ANATOMIC,6700,8400,"March 10, 2026",adhoc,A;C;G;I;L;N;P;Y;3
04360063,H&E VERTICAL/HORIZONTAL CUTS,,LAB-ANATOMIC,2700,3400,"March 10, 2026",adhoc,A;C;E;H;I;L;N;O;R;S;T;U;V;Z
04360255,HBME - 1,,LAB-ANATOMIC,5600,7000,"March 10, 2026",adhoc,B;E;H;M;1
04360064,HEPATOCYTE,,LAB-ANATOMIC,6130,7700,"March 10, 2026",adhoc,A;C;E;H;O;P;T;Y
04360726,HER2/NEU - DDISH,,LAB-ANATOMIC,11000,13800,"July 24, 2026",adhoc,D;E;H;I;N;R;S;U;2
04360065,HER2NEU,,LAB-ANATOMIC,6400,8000,"March 10, 2026",adhoc,E;H;N;R;U;2
04360066,HISTOPATH BONE MARROW,,LAB-ANATOMIC,5150,8100,"March 10, 2026",adhoc,A;B;E;H;I;M;N;O;P;R;S;T;W
04360067,HISTOPATH GROSS,,LAB-ANATOMIC,800,1050,"March 10, 2026",adhoc,A;G;H;I;O;P;R;S;T
04360068,HISTOPATH RAPID PROCESSING,,LAB-ANATOMIC,5650,7100,"March 10, 2026",adhoc,A;C;D;E;G;H;I;N;O;P;R;S;T
04360069,HISTOPATH ROUTINE,,LAB-ANATOMIC,3520,6400,"March 10, 2026",adhoc,A;E;H;I;N;O;P;R;S;T;U
04360070,HISTOPATH SLIDE/BLOCK II,,LAB-ANATOMIC,2160,2700,"March 10, 2026",adhoc,A;B;C;D;E;H;I;K;L;O;P;S;T
04360691,IHC PACKAGE,,LAB-ANATOMIC,15800,55500,"March 10, 2026",adhoc,A;C;E;G;H;I;K;P
04360071,IMMUNOHISTOCHEMICAL (IHC) PACKAGE,,LAB-ANATOMIC,18700,23400,"March 10, 2026",adhoc,A;C;E;G;H;I;K;L;M;N;O;P;S;T;U
04360072,INHIBIN,,LAB-ANATOMIC,3850,4900,"March 10, 2026",adhoc,B;H;I;N
04360073,IRON STAINING,,LAB-ANATOMIC,3850,4900,"March 10, 2026",adhoc,A;G;I;N;O;R;S;T
04360286,KAPPA & LAMBA - ISH,,LAB-ANATOMIC,20100,25200,"March 10, 2026",adhoc,A;B;H;I;K;L;M;P;S
04360074,KAPPA CONFIRM,,LAB-ANATOMIC,3750,4700,"March 10, 2026",adhoc,A;C;F;I;K;M;N;O;P;R
04360075,KI 67,,LAB-ANATOMIC,6700,8400,"March 10, 2026",adhoc,I;K;6;7
04360076,LAMBDA LIGHT CHAIN,,LAB-ANATOMIC,3960,5000,"March 10, 2026",adhoc,A;B;C;D;G;H;I;L;M;N;T
04360077,LCA CD 45,,LAB-ANATOMIC,7000,8800,"March 10, 2026",adhoc,A;C;D;L;4;5
04360078,MAMMOGLOBIN,,LAB-ANATOMIC,7300,9200,"March 10, 2026",adhoc,A;B;G;I;L;M;N;O
04360079,MART 1/MELAN A CONFIRM,,LAB-ANATOMIC,7250,9100,"March 10, 2026",adhoc,A;C;E;F;I;L;M;N;O;R;T;1
04360080,MELANOMA HMB 45,,LAB-ANATOMIC,6800,8500,"March 10, 2026",adhoc,A;B;E;H;L;M;N;O;4;5
04360081,METHENAMINE SILVER STAIN,,LAB-ANATOMIC,4420,5600,"March 10, 2026",adhoc,A;E;H;I;L;M;N;R;S;T;V
04360727,MMR PANEL - IHC,,LAB-ANATOMIC,19900,24900,"July 24, 2026",adhoc,A;C;E;H;I;L;M;N;P;R
04360082,MOC 31,,LAB-ANATOMIC,7520,9400,"March 10, 2026",adhoc,C;M;O;1;3
04360083,MUM 1,,LAB-ANATOMIC,7000,8800,"March 10, 2026",adhoc,M;U;1
04360404,MYELOPEROXIDASE (MPO),,LAB-ANATOMIC,5400,6800,"March 10, 2026",adhoc,A;D;E;I;L;M;O;P;R;S;X;Y
04360084,MYELOPEROXIDASE TISSUE,,LAB-ANATOMIC,4010,5100,"March 10, 2026",adhoc,A;D;E;I;L;M;O;P;R;S;T;U;X;Y
04360085,MYOGENIN (MYF 4),,LAB-ANATOMIC,5850,7400,"March 10, 2026",adhoc,E;F;G;I;M;N;O;Y;4
04360086,NAPSIN,,LAB-ANATOMIC,7210,9100,"March 10, 2026",adhoc,A;I;N;P;S
04360406,NKX3.1,,LAB-ANATOMIC,5600,7000,"March 10, 2026",adhoc,K;N;X;1;3
04360089,P 16,,LAB-ANATOMIC,7210,9100,"March 10, 2026",adhoc,P;1;6
04360087,P 53,,LAB-ANATOMIC,6700,8400,"March 10, 2026",adhoc,P;3;5
04360088,P 63,,LAB-ANATOMIC,6700,8400,"March 10, 2026",adhoc,P;3;6
04360091,P504S,,LAB-ANATOMIC,4950,6200,"March 10, 2026",adhoc,P;S;0;4;5
04360092,PAP AUTO,,LAB-ANATOMIC,1350,2800,"March 10, 2026",adhoc,A;O;P;T;U
04360093,PAP SMEAR,,LAB-ANATOMIC,1030,2050,"March 10, 2026",adhoc,A;E;M;P;R;S
04360094,PAS (PERIODIC ACID SHIFF),,LAB-ANATOMIC,3750,4700,"March 10, 2026",adhoc,A;C;D;E;F;H;I;O;P;R;S
04360095,PAX 5,,LAB-ANATOMIC,7210,9100,"March 10, 2026",adhoc,A;P;X;5
04360096,PAX 8,,LAB-ANATOMIC,7210,9100,"March 10, 2026",adhoc,A;P;X;8
04360409,PDL1,,LAB-ANATOMIC,9100,11400,"March 10, 2026",adhoc,D;L;P;1
04360097,PLAP (PLACENTAL ALKALINE PHOSPHATASE),,LAB-ANATOMIC,3590,4500,"March 10, 2026",adhoc,A;C;E;H;I;K;L;N;O;P;S;T
04360098,PROGESTERONE RECEPTOR,,LAB-ANATOMIC,7150,9000,"March 10, 2026",adhoc,C;E;G;N;O;P;R;S;T
04360099,PSAP (PROSTATE SPECIFIC ACID PHOSPHATASE),,LAB-ANATOMIC,6600,8300,"March 10, 2026",adhoc,A;C;D;E;F;H;I;O;P;R;S;T
04361290,"RENAL BIOPSY (LM, SS, IF, EM) PACKAGE",,LAB-ANATOMIC,57000,71300,"July 20, 2026",adhoc,A;B;C;E;F;G;I;K;L;M;N;O;P;R;S;Y
04360100,RETICULIN (SILVER IMPREGNATION),,LAB-ANATOMIC,3490,4400,"March 10, 2026",adhoc,A;C;E;G;I;L;M;N;O;P;R;S;T;U;V
04360101,RHP ADD ON,,LAB-ANATOMIC,2910,3700,"March 10, 2026",adhoc,A;D;H;N;O;P;R
04360102,S 100,,LAB-ANATOMIC,7000,8800,"March 10, 2026",adhoc,S;0;1
04360103,SALL4,,LAB-ANATOMIC,6300,7900,"March 10, 2026",adhoc,A;L;S;4
04360411,SATB2,,LAB-ANATOMIC,5600,7000,"March 10, 2026",adhoc,A;B;S;T;2
04360104,SLIDE REVIEW,,LAB-ANATOMIC,3050,3900,"March 10, 2026",adhoc,D;E;I;L;R;S;V;W
04360105,SMA (SMOOTH MUSCLE ACTIN),,LAB-ANATOMIC,7250,9100,"March 10, 2026",adhoc,A;C;E;H;I;L;M;N;O;S;T;U
04360416,SOX - 10,,LAB-ANATOMIC,5600,7000,"March 10, 2026",adhoc,O;S;X;0;1
04360106,SYNAPTOPHYSIN,,LAB-ANATOMIC,6910,8700,"March 10, 2026",adhoc,A;H;I;N;O;P;S;T;Y
04360108,THYROGLOBULIN TISSUE,,LAB-ANATOMIC,6800,8500,"March 10, 2026",adhoc,B;E;G;H;I;L;N;O;R;S;T;U;Y
04360109,TRICHROME (MASSON TRICHROME W/ ANILINE BLUE),,LAB-ANATOMIC,4100,5200,"March 10, 2026",adhoc,A;B;C;E;H;I;L;M;N;O;R;S;T;U;W
04360110,TTF 1 (THYROID TRANSCRIPTION FACTOR 1),,LAB-ANATOMIC,6910,8700,"March 10, 2026",adhoc,A;C;D;F;H;I;N;O;P;R;S;T;Y;1
04360111,TZANKS,,LAB-ANATOMIC,1590,2050,"March 10, 2026",adhoc,A;K;N;S;T;Z
04360107,TdT,,LAB-ANATOMIC,7210,9100,"March 10, 2026",adhoc,D;T
04360112,ULTRASOUND GUIDED BIOPSY (C/CB) WITH ADEQUACY,,LAB-ANATOMIC,15800,19800,"March 10, 2026",adhoc,A;B;C;D;E;G;H;I;L;N;O;P;Q;R;S;T;U;W;Y
04360113,UNSTAINED SLIDE,,LAB-ANATOMIC,655,900,"March 10, 2026",adhoc,A;D;E;I;L;N;S;T;U
04360114,VIMENTIN,,LAB-ANATOMIC,6910,8700,"March 10, 2026",adhoc,E;I;M;N;T;V
04360116,WT1,,LAB-ANATOMIC,6700,8400,"March 10, 2026",adhoc,T;W;1
04360090,p40,,LAB-ANATOMIC,7420,9300,"March 10, 2026",adhoc,P;0;4
04360118,ALIQUOT PROCEDURE,,LAB-BLOOD BANK,1370,1800,"March 10, 2026",adhoc,A;C;D;E;I;L;O;P;Q;R;T;U
04360121,ANTIBODY SCREENING COMPONENT,,LAB-BLOOD BANK,600,600,"April 07, 2026",adhoc,A;B;C;D;E;G;I;M;N;O;P;R;S;T;Y
04360119,ANTIBODY SCREENING DONOR,,LAB-BLOOD BANK,3950,7000,"March 10, 2026",adhoc,A;B;C;D;E;G;I;N;O;R;S;T;Y
04360120,ANTIBODY SCREENING PATIENT,,LAB-BLOOD BANK,3710,6700,"March 10, 2026",adhoc,A;B;C;D;E;G;I;N;O;P;R;S;T;Y
04360122,BLOOD IRRADIATION,,LAB-BLOOD BANK,2380,3000,"March 10, 2026",adhoc,A;B;D;I;L;N;O;R;T
04360123,BLOOD SCREENING FEE,,LAB-BLOOD BANK,1500,2300,"April 07, 2026",adhoc,B;C;D;E;F;G;I;L;N;O;R;S
04360124,BLOOD TRANSFUSION SET PLATELET,,LAB-BLOOD BANK,431,600,"March 10, 2026",adhoc,A;B;D;E;F;I;L;N;O;P;R;S;T;U
04360125,BLOOD TRANSPORT BAG,,LAB-BLOOD BANK,655,900,"March 10, 2026",adhoc,A;B;D;G;L;N;O;P;R;S;T
04360126,CONVALESCENT,,LAB-BLOOD BANK,33100,62200,"March 10, 2026",adhoc,A;C;E;L;N;O;S;T;V
04360127,COOMBS DIRECT,,LAB-BLOOD BANK,630,1200,"March 10, 2026",adhoc,B;C;D;E;I;M;O;R;S;T
04360128,COOMBS INDIRECT,,LAB-BLOOD BANK,630,1200,"March 10, 2026",adhoc,B;C;D;E;I;M;N;O;R;S;T
04360129,CROSSMATCH BLOOD CELL,,LAB-BLOOD BANK,3150,4000,"March 10, 2026",adhoc,A;B;C;D;E;H;L;M;O;R;S;T
04360134,HACT TESTING,,LAB-BLOOD BANK,2700,3400,"March 10, 2026",adhoc,A;C;E;G;H;I;N;S;T
04360131,HUMAN RETROVIRUS SCREENING,,LAB-BLOOD BANK,1390,2800,"March 10, 2026",adhoc,A;C;E;G;H;I;M;N;O;R;S;T;U;V
04360692,NEEDLESTICK INJURY HUMAN RETROVIRUS SCREENING,,LAB-BLOOD BANK,1360,2800,"March 10, 2026",adhoc,A;C;D;E;G;H;I;J;K;L;M;N;O;R;S;T;U;V;Y
04360132,NUCLEIC ACID TESTING (NAT) COMPONENT - BLOOD BANK,,LAB-BLOOD BANK,1800,3600,"April 07, 2026",adhoc,A;B;C;D;E;G;I;K;L;M;N;O;P;S;T;U
04360133,NUCLEIC ACID TESTING (NAT) DONOR BLOOD BANK,,LAB-BLOOD BANK,3810,6800,"March 10, 2026",adhoc,A;B;C;D;E;G;I;K;L;N;O;R;S;T;U
04360135,PLASMA PHERESIS DONOR,,LAB-BLOOD BANK,18700,23400,"March 10, 2026",adhoc,A;D;E;H;I;L;M;N;O;P;R;S
04360136,PLATELET APHERESIS,,LAB-BLOOD BANK,20000,20000,"April 07, 2026",adhoc,A;E;H;I;L;P;R;S;T
04360137,REVERSE TYPING,,LAB-BLOOD BANK,1830,2300,"March 10, 2026",adhoc,E;G;I;N;P;R;S;T;V;Y
04360140,THERAPEUTIC LEUCOCYTE REDUCTION,,LAB-BLOOD BANK,38100,47700,"March 10, 2026",adhoc,A;C;D;E;H;I;L;N;O;P;R;T;U;Y
04360141,THERAPEUTIC PHLEBOTOMY,,LAB-BLOOD BANK,780,1050,"March 10, 2026",adhoc,A;B;C;E;H;I;L;M;O;P;R;T;U;Y
04360142,THERAPEUTIC PLASMA EXCHANGE,,LAB-BLOOD BANK,26800,33500,"March 10, 2026",adhoc,A;C;E;G;H;I;L;M;N;P;R;S;T;U;X
04360143,THERAPEUTIC PLATELET REDUCTION,,LAB-BLOOD BANK,18800,23500,"March 10, 2026",adhoc,A;C;D;E;H;I;L;N;O;P;R;T;U
04360144,TYPE ABO BLOOD TYPING,,LAB-BLOOD BANK,570,1100,"March 10, 2026",adhoc,A;B;D;E;G;I;L;N;O;P;T;Y
04360145,TYPE RH (D) BLOOD TYPING,,LAB-BLOOD BANK,570,1100,"March 10, 2026",adhoc,B;D;E;G;H;I;L;N;O;P;R;T;Y
04360146,TYPING ABO/RH ADULT,,LAB-BLOOD BANK,1830,3700,"March 10, 2026",adhoc,A;B;D;G;H;I;L;N;O;P;R;T;U;Y
04360147,TYPING ABO/RH PEDIA 0-6 MONTHS,,LAB-BLOOD BANK,1370,2800,"March 10, 2026",adhoc,A;B;D;E;G;H;I;M;N;O;P;R;S;T;Y;0;6
04360148,WASHING ONLY FOR RBC,,LAB-BLOOD BANK,1170,1550,"March 10, 2026",adhoc,A;B;C;F;G;H;I;L;N;O;R;S;W;Y
04360149,24 HOUR URINE METANEPHRINE,,LAB-CHEMISTRY,7420,9300,"March 10, 2026",adhoc,A;E;H;I;M;N;O;P;R;T;U;2;4
04360150,24 HOUR URINE VMA,,LAB-CHEMISTRY,6050,7600,"March 10, 2026",adhoc,A;E;H;I;M;N;O;R;U;V;2;4
04360768,24 HRS URINE - MICROALBUMIN CREATININE RATIO,,LAB-CHEMISTRY,1500,1900,"April 06, 2026",adhoc,A;B;C;E;H;I;L;M;N;O;R;S;T;U;2;4
04360767,24 HRS URINE - PHOSPHOROUS,,LAB-CHEMISTRY,1000,1300,"April 06, 2026",adhoc,E;H;I;N;O;P;R;S;U;2;4
04360151,24 HRS URINE TOTAL PROTEIN,,LAB-CHEMISTRY,1050,2400,"March 10, 2026",adhoc,A;E;H;I;L;N;O;P;R;S;T;U;2;4
04360723,24HR URINE - CORTISOL,,LAB-CHEMISTRY,3150,4000,"March 10, 2026",adhoc,C;E;H;I;L;N;O;R;S;T;U;2;4
04360152,5 HIAA SEROTININ QUANTI,,LAB-CHEMISTRY,2620,5300,"March 10, 2026",adhoc,A;E;H;I;N;O;Q;R;S;T;U;5
04360153,ACETONE SERUM (KETONES),,LAB-CHEMISTRY,610,1200,"March 10, 2026",adhoc,A;C;E;K;M;N;O;R;S;T;U
04360724,ACID PHOSPHATASE,,LAB-CHEMISTRY,1630,2100,"March 10, 2026",adhoc,A;C;D;E;H;I;O;P;S;T
04360154,ALBUMIN OTHER BODY FLUIDS,,LAB-CHEMISTRY,630,1200,"March 10, 2026",adhoc,A;B;D;E;F;H;I;L;M;N;O;R;S;T;U;Y
04360155,ALBUMIN SERUM,,LAB-CHEMISTRY,610,1200,"March 10, 2026",adhoc,A;B;E;I;L;M;N;R;S;U
04360156,ALK PHOS HEAT FRACTIONATION,,LAB-CHEMISTRY,2050,3900,"March 10, 2026",adhoc,A;C;E;F;H;I;K;L;N;O;P;R;S;T
04360157,ALK PHOSPHATASE BONE SPECIFIC SERUM,,LAB-CHEMISTRY,3800,10900,"March 10, 2026",adhoc,A;B;C;E;F;H;I;K;L;M;N;O;P;R;S;T;U
04360158,ALKALINE PHOSPHATASE SERUM,,LAB-CHEMISTRY,655,1300,"March 10, 2026",adhoc,A;E;H;I;K;L;M;N;O;P;R;S;T;U
04360159,ALPHA FETO PROTEIN CHEMI,,LAB-CHEMISTRY,3500,6400,"March 10, 2026",adhoc,A;C;E;F;H;I;L;M;N;O;P;R;T
04360160,AMINOPHYLLINE/THEOPHYLLINE ASSAY,,LAB-CHEMISTRY,1930,3800,"March 10, 2026",adhoc,A;E;H;I;L;M;N;O;P;S;T;Y
04360161,AMMONIA BLOOD,,LAB-CHEMISTRY,1730,3500,"March 10, 2026",adhoc,A;B;D;I;L;M;N;O
04360162,AMPHET/CANNA COMBI QUALI (DRUG TEST) OUP,,LAB-CHEMISTRY,300,800,"March 10, 2026",adhoc,A;B;C;D;E;G;H;I;L;M;N;O;P;Q;R;S;T;U
04360163,AMPHETAMINES/METAMPHETAMINE QTY (DRUG TEST) QUANTI,,LAB-CHEMISTRY,3400,6300,"March 10, 2026",adhoc,A;D;E;G;H;I;M;N;P;Q;R;S;T;U;Y
04360164,AMYLASE OTHER BODY FLUIDS,,LAB-CHEMISTRY,890,1850,"March 10, 2026",adhoc,A;B;D;E;F;H;I;L;M;O;R;S;T;U;Y
04360165,AMYLASE SERUM,,LAB-CHEMISTRY,890,1850,"March 10, 2026",adhoc,A;E;L;M;R;S;U;Y
04360166,AMYLASE URINE 24HRS,,LAB-CHEMISTRY,1090,2500,"March 10, 2026",adhoc,A;E;H;I;L;M;N;R;S;U;Y;2;4
04360167,AMYLASE URINE RANDOM,,LAB-CHEMISTRY,1020,3400,"March 10, 2026",adhoc,A;D;E;I;L;M;N;O;R;S;U;Y
04360168,ANTI CCP,,LAB-CHEMISTRY,4750,9300,"March 10, 2026",adhoc,A;C;I;N;P;T
04360169,ANTI HAV IGG (CMIA) HEPATITIS A,,LAB-CHEMISTRY,1520,3000,"March 10, 2026",adhoc,A;C;E;G;H;I;M;N;P;S;T;V
04360170,ANTI HAV IGM CHEMI HEPATITIS A,,LAB-CHEMISTRY,2070,4100,"March 10, 2026",adhoc,A;C;E;G;H;I;M;N;P;S;T;V
04360766,ANTI HAV TOTAL,,LAB-CHEMISTRY,1100,1450,"April 06, 2026",adhoc,A;H;I;L;N;O;T;V
04360171,ANTI HBC IGM CHEMI,,LAB-CHEMISTRY,1710,3500,"March 10, 2026",adhoc,A;B;C;E;G;H;I;M;N;T
04360172,ANTI HBC TOTAL,,LAB-CHEMISTRY,1710,3500,"March 10, 2026",adhoc,A;B;C;H;I;L;N;O;T
04360173,ANTI HBE,,LAB-CHEMISTRY,1760,3600,"March 10, 2026",adhoc,A;B;E;H;I;N;T
04360174,ANTI HBS CHEMI,,LAB-CHEMISTRY,1710,3500,"March 10, 2026",adhoc,A;B;C;E;H;I;M;N;S;T
04360175,ANTI HCV CHEMI HEP C,,LAB-CHEMISTRY,1710,3500,"March 10, 2026",adhoc,A;C;E;H;I;M;N;P;T;V
04360176,ANTI TG ANTI THYROGLOBULIN,,LAB-CHEMISTRY,3560,6500,"March 10, 2026",adhoc,A;B;G;H;I;L;N;O;R;T;U;Y
04360177,ANTI TPO CHEMI,,LAB-CHEMISTRY,3900,6900,"March 10, 2026",adhoc,A;C;E;H;I;M;N;O;P;T
4360704,ANTI-MULLERIAN HORMONE,,LAB-CHEMISTRY,5200,6500,"March 10, 2026",adhoc,A;E;H;I;L;M;N;O;R;T;U
04360178,ANTI-SARS-COV-2 IGG,,LAB-CHEMISTRY,3210,6000,"March 10, 2026",adhoc,A;C;G;I;N;O;R;S;T;V;2
04360179,ANTI-SARS-COV-2 TOTAL,,LAB-CHEMISTRY,2650,5300,"March 10, 2026",adhoc,A;C;I;L;N;O;R;S;T;V;2
04360760,APOLIPOPROTEIN A SERUM,,LAB-CHEMISTRY,8500,10700,"March 10, 2026",adhoc,A;E;I;L;M;N;O;P;R;S;T;U
04360763,APOLIPOPROTEIN B,,LAB-CHEMISTRY,3200,4000,"March 10, 2026",adhoc,A;B;E;I;L;N;O;P;R;T
04360180,ASO TITER (ANTI STREPTOLYSIN O TITER),,LAB-CHEMISTRY,2000,3900,"March 10, 2026",adhoc,A;E;I;L;N;O;P;R;S;T;Y
04360181,B2 MICROGLOBULIN,,LAB-CHEMISTRY,3400,6300,"March 10, 2026",adhoc,B;C;G;I;L;M;N;O;R;U;2
04360182,BARBITURATES QUALI OUP,,LAB-CHEMISTRY,410,900,"March 10, 2026",adhoc,A;B;E;I;L;O;P;Q;R;S;T;U
04360183,BARBITURATES QUANTI,,LAB-CHEMISTRY,3270,6100,"March 10, 2026",adhoc,A;B;E;I;N;Q;R;S;T;U
04360184,BENZODIAZEPINE QUALI OUP,,LAB-CHEMISTRY,770,1450,"March 10, 2026",adhoc,A;B;D;E;I;L;N;O;P;Q;U;Z
04360185,BENZODIAZEPINE QUANTI,,LAB-CHEMISTRY,3270,6100,"March 10, 2026",adhoc,A;B;D;E;I;N;O;P;Q;T;U;Z
04360186,BETA CROSS LAPS,,LAB-CHEMISTRY,5800,10600,"March 10, 2026",adhoc,A;B;C;E;L;O;P;R;S;T
04360187,BETA HCG CHEMI,,LAB-CHEMISTRY,3500,6200,"March 10, 2026",adhoc,A;B;C;E;G;H;I;M;T
04360188,BLOOD ALCOHOL LEVEL,,LAB-CHEMISTRY,1930,3800,"March 10, 2026",adhoc,A;B;C;D;E;H;L;O;V
04360189,BRAIN NATRIURETIC PEPTIDE (BNP),,LAB-CHEMISTRY,2310,4300,"March 10, 2026",adhoc,A;B;C;D;E;I;N;P;R;T;U
04360190,BUN OTHER BODY FLUIDS,,LAB-CHEMISTRY,590,1100,"March 10, 2026",adhoc,B;D;E;F;H;I;L;N;O;R;S;T;U;Y
04360191,BUN SERUM,,LAB-CHEMISTRY,655,1300,"March 10, 2026",adhoc,B;E;M;N;R;S;U
04360192,BUN URINE 24HRS,,LAB-CHEMISTRY,1180,2600,"March 10, 2026",adhoc,B;E;H;I;N;R;S;U;2;4
04360193,BUN URINE RANDOM,,LAB-CHEMISTRY,1120,2500,"March 10, 2026",adhoc,A;B;D;E;I;M;N;O;R;U
04360194,C PEPTIDE,,LAB-CHEMISTRY,3620,6500,"March 10, 2026",adhoc,C;D;E;I;P;T
04360195,C REACTIVE PROTEIN (LATEX),,LAB-CHEMISTRY,1390,2800,"March 10, 2026",adhoc,A;C;E;I;L;N;O;P;R;T;V;X
04360196,C REACTIVE PROTEIN HIGH SENSITIVITY,,LAB-CHEMISTRY,2150,4100,"March 10, 2026",adhoc,A;C;E;G;H;I;N;O;P;R;S;T;V;Y
04360197,C3 BETA COMPLEMENT,,LAB-CHEMISTRY,2010,3900,"March 10, 2026",adhoc,A;B;C;E;L;M;N;O;P;T;3
04360198,C4 BETA COMPLEMENT,,LAB-CHEMISTRY,2010,3900,"March 10, 2026",adhoc,A;B;C;E;L;M;N;O;P;T;4
04360199,CA 125,,LAB-CHEMISTRY,4200,7100,"March 10, 2026",adhoc,A;C;1;2;5
04360200,CA 15-3 SERUM CHEMI,,LAB-CHEMISTRY,3140,6000,"March 10, 2026",adhoc,A;C;E;H;I;M;R;S;U;1;3;5
04360201,CA 19-9 SERUM CHEMI,,LAB-CHEMISTRY,5000,9600,"March 10, 2026",adhoc,A;C;E;H;I;M;R;S;U;1;9
04360202,CA 72-4,,LAB-CHEMISTRY,4250,9500,"March 10, 2026",adhoc,A;C;2;4;7
04360203,CALCIUM IONIZED,,LAB-CHEMISTRY,2630,5300,"March 10, 2026",adhoc,A;C;D;E;I;L;M;N;O;U;Z
04360204,CALCIUM SERUM,,LAB-CHEMISTRY,865,1800,"March 10, 2026",adhoc,A;C;E;I;L;M;R;S;U
04360205,CALCIUM URINE 24HRS,,LAB-CHEMISTRY,1050,2400,"March 10, 2026",adhoc,A;C;E;H;I;L;M;N;R;S;U;2;4
04360206,CALCIUM URINE RANDOM,,LAB-CHEMISTRY,1050,2400,"March 10, 2026",adhoc,A;C;D;E;I;L;M;N;O;R;U
04360207,CANNABINOIDS/MARIJUANA/THC QUALI OUP,,LAB-CHEMISTRY,300,800,"March 10, 2026",adhoc,A;B;C;D;H;I;J;L;M;N;O;P;Q;R;S;T;U
04360208,CANNABINOIDS/MARIJUANA/THC QUANTI,,LAB-CHEMISTRY,3150,4000,"March 10, 2026",adhoc,A;B;C;D;H;I;J;M;N;O;Q;R;S;T;U
04360209,CARBAMEZEPENE TEGRETOL,,LAB-CHEMISTRY,2630,5300,"March 10, 2026",adhoc,A;B;C;E;G;L;M;N;O;P;R;T;Z
04360210,CARDIAC ENZYME,,LAB-CHEMISTRY,3050,5800,"March 10, 2026",adhoc,A;C;D;E;I;M;N;R;Y;Z
04360211,CARDIO PANEL,,LAB-CHEMISTRY,7050,9900,"March 10, 2026",adhoc,A;C;D;E;I;L;N;O;P;R
04360212,CEA,,LAB-CHEMISTRY,3810,6800,"March 10, 2026",adhoc,A;C;E
04360213,CERULOPLASMIN,,LAB-CHEMISTRY,3900,6900,"March 10, 2026",adhoc,A;C;E;I;L;M;N;O;P;R;S;U
04360214,CHEM 12,,LAB-CHEMISTRY,8700,16200,"March 10, 2026",adhoc,C;E;H;M;1;2
04360215,CHEM 15,,LAB-CHEMISTRY,10900,18900,"March 10, 2026",adhoc,C;E;H;M;1;5
04360216,CHEM 16,,LAB-CHEMISTRY,11700,19900,"March 10, 2026",adhoc,C;E;H;M;1;6
04360217,CHEM 17,,LAB-CHEMISTRY,14400,23300,"March 10, 2026",adhoc,C;E;H;M;1;7
04360218,CHEM 19,,LAB-CHEMISTRY,14400,23300,"March 10, 2026",adhoc,C;E;H;M;1;9
04360219,CHEM 23,,LAB-CHEMISTRY,18100,27900,"March 10, 2026",adhoc,C;E;H;M;2;3
04360220,CHEM M,,LAB-CHEMISTRY,14700,23700,"March 10, 2026",adhoc,C;E;H;M
04360221,CHEM NEURO,,LAB-CHEMISTRY,6500,12800,"March 10, 2026",adhoc,C;E;H;M;N;O;R;U
04360222,CHLORIDE OTHER BODY FLUIDS,,LAB-CHEMISTRY,800,1400,"March 10, 2026",adhoc,B;C;D;E;F;H;I;L;O;R;S;T;U;Y
04360223,CHLORIDE SERUM,,LAB-CHEMISTRY,830,1750,"March 10, 2026",adhoc,C;D;E;H;I;L;M;O;R;S;U
04360224,CHLORIDE URINE 24HRS,,LAB-CHEMISTRY,875,1800,"March 10, 2026",adhoc,C;D;E;H;I;L;N;O;R;S;U;2;4
04360225,CHLORIDE URINE RANDOM,,LAB-CHEMISTRY,875,1800,"March 10, 2026",adhoc,A;C;D;E;H;I;L;M;N;O;R;U
04360226,CHOLESTEROL OTHER BODY FLUIDS,,LAB-CHEMISTRY,710,1300,"March 10, 2026",adhoc,B;C;D;E;F;H;I;L;O;R;S;T;U;Y
04360227,CHOLESTEROL TOTAL SERUM,,LAB-CHEMISTRY,710,1300,"March 10, 2026",adhoc,A;C;E;H;L;M;O;R;S;T;U
04360228,CMV IGG,,LAB-CHEMISTRY,3250,6100,"March 10, 2026",adhoc,C;G;I;M;V
04360229,CMV IGM (CMIA),,LAB-CHEMISTRY,3000,5800,"March 10, 2026",adhoc,A;C;G;I;M;V
04360230,CO2 CARBON DIOXIDE,,LAB-CHEMISTRY,840,1800,"March 10, 2026",adhoc,A;B;C;D;E;I;N;O;R;X;2
04360231,COCCAINE QUALI OUP,,LAB-CHEMISTRY,770,2000,"March 10, 2026",adhoc,A;C;E;I;L;N;O;P;Q;U
04360232,COCCAINE QUANTI,,LAB-CHEMISTRY,3270,6100,"March 10, 2026",adhoc,A;C;E;I;N;O;Q;T;U
04360233,CORTISOL,,LAB-CHEMISTRY,1950,3800,"March 10, 2026",adhoc,C;I;L;O;R;S;T
04360405,COVID -19 PANEL,,LAB-CHEMISTRY,24100,33000,"March 10, 2026",adhoc,A;C;D;E;I;L;N;O;P;V;1;9
04360234,CPK MB ISOENZYME,,LAB-CHEMISTRY,1970,3800,"March 10, 2026",adhoc,B;C;E;I;K;M;N;O;P;S;Y;Z
04360235,CPK/CK,,LAB-CHEMISTRY,1120,2500,"March 10, 2026",adhoc,C;K;P
04360236,CREATININE CLEARANCE,,LAB-CHEMISTRY,2130,4000,"March 10, 2026",adhoc,A;C;E;I;L;N;R;T
04360237,CREATININE KINASE MM,,LAB-CHEMISTRY,4700,9200,"March 10, 2026",adhoc,A;C;E;I;K;M;N;R;S;T
04360238,CREATININE OTHER BODY FLUIDS,,LAB-CHEMISTRY,740,1400,"March 10, 2026",adhoc,A;B;C;D;E;F;H;I;L;N;O;R;S;T;U;Y
04360239,CREATININE SERUM,,LAB-CHEMISTRY,740,1400,"March 10, 2026",adhoc,A;C;E;I;M;N;R;S;T;U
04360240,CREATININE URINE 24HRS,,LAB-CHEMISTRY,1140,2500,"March 10, 2026",adhoc,A;C;E;H;I;N;R;S;T;U;2;4
04360241,CREATININE URINE RANDOM,,LAB-CHEMISTRY,1140,2500,"March 10, 2026",adhoc,A;C;D;E;I;M;N;O;R;T;U
04360242,CYA MONO,,LAB-CHEMISTRY,9400,17100,"March 10, 2026",adhoc,A;C;M;N;O;Y
04360686,CYFRA 21-1,,LAB-CHEMISTRY,4900,6200,"March 10, 2026",adhoc,A;C;F;R;Y;1;2
4360686,CYFRA 21-1,,LAB-CHEMISTRY,4500,5400,"November 09, 2022",adhoc,A;C;F;R;Y;1;2
04360243,CYSTATIN C,,LAB-CHEMISTRY,2200,6100,"March 10, 2026",adhoc,A;C;I;N;S;T;Y
04360244,CYTOKERATIN FRAGMENT 21.1,,LAB-CHEMISTRY,1485,1900,"March 10, 2026",adhoc,A;C;E;F;G;I;K;M;N;O;R;T;Y;1;2
04360245,DHEA-S CHEMI,,LAB-CHEMISTRY,2260,4200,"March 10, 2026",adhoc,A;C;D;E;H;I;M;S
04360246,DIGOXIN,,LAB-CHEMISTRY,3180,6000,"March 10, 2026",adhoc,D;G;I;N;O;X
04360247,DILANTIN (PHENYTOIN),,LAB-CHEMISTRY,3120,5900,"March 10, 2026",adhoc,A;D;E;H;I;L;N;O;P;T;Y
04360248,DIRECT BILIRUBIN,,LAB-CHEMISTRY,820,1750,"March 10, 2026",adhoc,B;C;D;E;I;L;N;R;T;U
04360249,DPYR (PYRILINKS),,LAB-CHEMISTRY,3700,6600,"March 10, 2026",adhoc,D;I;K;L;N;P;R;S;Y
04360250,ECSTASY QUALI,,LAB-CHEMISTRY,770,1450,"March 10, 2026",adhoc,A;C;E;I;L;Q;S;T;U;Y
04360251,ELECSYS FERRITIN,,LAB-CHEMISTRY,2850,5600,"March 10, 2026",adhoc,C;E;F;I;L;N;R;S;T;Y
04360252,ELECTROLYTE PANEL,,LAB-CHEMISTRY,2230,2800,"March 10, 2026",adhoc,A;C;E;L;N;O;P;R;T;Y
04360253,ENDO DM / THYROID PANEL,,LAB-CHEMISTRY,2710,10400,"March 10, 2026",adhoc,A;D;E;H;I;L;M;N;O;P;R;T;Y
04360254,ESTRADIOL CHEMI/ESTROGEN,,LAB-CHEMISTRY,3750,6700,"March 10, 2026",adhoc,A;C;D;E;G;H;I;L;M;N;O;R;S;T
0436040081,EVEROLIMUS (CERTICAN TROUGH LEVEL),,LAB-CHEMISTRY,11300,14200,"March 10, 2026",adhoc,A;C;E;G;H;I;L;M;N;O;R;S;T;U;V
04360256,FERTILITY PANEL,,LAB-CHEMISTRY,12000,15000,"March 10, 2026",adhoc,A;E;F;I;L;N;P;R;T;Y
0436040080,FIBROSIS 4,,LAB-CHEMISTRY,850,1100,"March 10, 2026",adhoc,B;F;I;O;R;S;4
04360257,FOLATE,,LAB-CHEMISTRY,3850,6800,"March 10, 2026",adhoc,A;E;F;L;O;T
04360258,FREE BETA HCG,,LAB-CHEMISTRY,5620,10400,"March 10, 2026",adhoc,A;B;C;E;F;G;H;R;T
04360259,FSH CHEMI,,LAB-CHEMISTRY,2710,5400,"March 10, 2026",adhoc,C;E;F;H;I;M;S
04360260,FT3 & FT4,,LAB-CHEMISTRY,2850,3600,"March 10, 2026",adhoc,F;T;3;4
04360261,FT3 CHEMI,,LAB-CHEMISTRY,2010,3900,"March 10, 2026",adhoc,C;E;F;H;I;M;T;3
04360262,FT4 CHEMI,,LAB-CHEMISTRY,2010,3900,"March 10, 2026",adhoc,C;E;F;H;I;M;T;4
04360263,GASTRO PANEL 1,,LAB-CHEMISTRY,7650,9600,"March 10, 2026",adhoc,A;E;G;L;N;O;P;R;S;T;1
04360264,GGTP OTHER BODY FLUIDS,,LAB-CHEMISTRY,1030,2400,"March 10, 2026",adhoc,B;D;E;F;G;H;I;L;O;P;R;S;T;U;Y
04360265,GGTP SERUM (GAMMA GLUTAMYLTRANSPEPTIDASE),,LAB-CHEMISTRY,1470,2900,"March 10, 2026",adhoc,A;D;E;G;I;L;M;N;P;R;S;T;U;Y
04360266,GLUCOSE (FBS/FPG),,LAB-CHEMISTRY,630,1200,"March 10, 2026",adhoc,B;C;E;F;G;L;O;P;S;U
04360267,GLUCOSE 2HRS PPBS,,LAB-CHEMISTRY,1390,2800,"March 10, 2026",adhoc,B;C;E;G;H;L;O;P;R;S;U;2
04360268,GLUCOSE CHALLENGE TEST (50 GRAMS) (OGCT),,LAB-CHEMISTRY,675,2800,"March 10, 2026",adhoc,A;C;E;G;H;L;M;N;O;R;S;T;U;0;5
04360269,GLUCOSE CSF,,LAB-CHEMISTRY,710,1300,"March 10, 2026",adhoc,C;E;F;G;L;O;S;U
04360270,GLUCOSE OTHER BODY FLUIDS,,LAB-CHEMISTRY,630,1200,"March 10, 2026",adhoc,B;C;D;E;F;G;H;I;L;O;R;S;T;U;Y
04360271,GLUCOSE RANDOM (RBS) (RANDOM BLOOD SUGAR),,LAB-CHEMISTRY,380,900,"March 10, 2026",adhoc,A;B;C;D;E;G;L;M;N;O;R;S;U
04360272,GLUCOSE TOLERANCE 2 SAMPLES 75 GRAMS (OGTT),,LAB-CHEMISTRY,1280,2700,"March 10, 2026",adhoc,A;C;E;G;L;M;N;O;P;R;S;T;U;2;5;7
04360273,GLUCOSE TOLERANCE 3 SAMPLES 100 GRAMS (OGTT),,LAB-CHEMISTRY,1460,3000,"March 10, 2026",adhoc,A;C;E;G;L;M;N;O;P;R;S;T;U;0;1;3
04360274,GLUCOSE TOLERANCE 3 SAMPLES 75 GRAMS (OGTT),,LAB-CHEMISTRY,2010,3900,"March 10, 2026",adhoc,A;C;E;G;L;M;N;O;P;R;S;T;U;3;5;7
04360275,GLUCOSE TOLERANCE 4 SAMPLES 100 GRAMS (OGTT),,LAB-CHEMISTRY,2000,3900,"March 10, 2026",adhoc,A;C;E;G;L;M;N;O;P;R;S;T;U;0;1;4
04360276,GLUCOSE TOLERANCE 4 SAMPLES 75 GRAMS (OGTT),,LAB-CHEMISTRY,2000,3900,"March 10, 2026",adhoc,A;C;E;G;L;M;N;O;P;R;S;T;U;4;5;7
04360277,GLUCOSE TOLERANCE 5 SAMPLES 75 GRAMS (OGTT),,LAB-CHEMISTRY,2010,3900,"March 10, 2026",adhoc,A;C;E;G;L;M;N;O;P;R;S;T;U;5;7
04360705,HAPTOGLOBIN,,LAB-CHEMISTRY,5000,6300,"March 10, 2026",adhoc,A;B;G;H;I;L;N;O;P;T
04360279,HBE AG (HEPATITIS BE ANTIGEN),,LAB-CHEMISTRY,1410,2900,"March 10, 2026",adhoc,A;B;E;G;H;I;N;P;S;T
04360280,HBsAG,,LAB-CHEMISTRY,1710,3500,"March 10, 2026",adhoc,A;B;G;H;S
04360281,HDL,,LAB-CHEMISTRY,1030,2400,"March 10, 2026",adhoc,D;H;L
04360282,HEPATITIS PROFILE 1,,LAB-CHEMISTRY,5100,9700,"March 10, 2026",adhoc,A;E;F;H;I;L;O;P;R;S;T;1
04360283,HEPATITIS PROFILE 10,,LAB-CHEMISTRY,4800,9300,"March 10, 2026",adhoc,A;E;F;H;I;L;O;P;R;S;T;0;1
04360284,HEPATITIS PROFILE 11,,LAB-CHEMISTRY,1630,3400,"March 10, 2026",adhoc,A;E;F;H;I;L;O;P;R;S;T;1
04360285,HEPATITIS PROFILE 12,,LAB-CHEMISTRY,6000,10800,"March 10, 2026",adhoc,A;E;F;H;I;L;O;P;R;S;T;1;2
043603914,HEPATITIS PROFILE 13,,LAB-CHEMISTRY,4650,9200,"March 10, 2026",adhoc,A;E;F;H;I;L;O;P;R;S;T;1;3
04360287,HEPATITIS PROFILE 14,,LAB-CHEMISTRY,5150,9800,"March 10, 2026",adhoc,A;E;F;H;I;L;O;P;R;S;T;1;4
04360288,HEPATITIS PROFILE 2,,LAB-CHEMISTRY,4950,9500,"March 10, 2026",adhoc,A;E;F;H;I;L;O;P;R;S;T;2
04360289,HEPATITIS PROFILE 3,,LAB-CHEMISTRY,4450,8900,"March 10, 2026",adhoc,A;E;F;H;I;L;O;P;R;S;T;3
04360290,HEPATITIS PROFILE 4,,LAB-CHEMISTRY,4550,9000,"March 10, 2026",adhoc,A;E;F;H;I;L;O;P;R;S;T;4
04360291,HEPATITIS PROFILE 5,,LAB-CHEMISTRY,3360,6200,"March 10, 2026",adhoc,A;E;F;H;I;L;O;P;R;S;T;5
04360292,HEPATITIS PROFILE 6,,LAB-CHEMISTRY,8600,16100,"March 10, 2026",adhoc,A;E;F;H;I;L;O;P;R;S;T;6
04360293,HEPATITIS PROFILE 7,,LAB-CHEMISTRY,11000,19100,"March 10, 2026",adhoc,A;E;F;H;I;L;O;P;R;S;T;7
04360294,HEPATITIS PROFILE 8,,LAB-CHEMISTRY,10000,17800,"March 10, 2026",adhoc,A;E;F;H;I;L;O;P;R;S;T;8
04360295,HEPATITIS PROFILE 9,,LAB-CHEMISTRY,12900,21400,"March 10, 2026",adhoc,A;E;F;H;I;L;O;P;R;S;T;9
04360296,HOMOCYSTEINE,,LAB-CHEMISTRY,3500,6400,"March 10, 2026",adhoc,C;E;H;I;M;N;O;S;T;Y
04360297,HUMAN EPIDYDYMIS PROTEIN 4 (HE4),,LAB-CHEMISTRY,3750,6700,"March 10, 2026",adhoc,A;D;E;H;I;M;N;O;P;R;S;T;U;Y;4
04360278,HbA1C,,LAB-CHEMISTRY,2170,4100,"March 10, 2026",adhoc,A;B;C;H;1
04360298,IGA IMMUNOGLOBULINS,,LAB-CHEMISTRY,2260,4200,"March 10, 2026",adhoc,A;B;G;I;L;M;N;O;S;U
04360299,IGG (CSF),,LAB-CHEMISTRY,1830,3700,"March 10, 2026",adhoc,C;F;G;I;S
04360300,IGG IMMUNOGLOBULINS SERUM,,LAB-CHEMISTRY,1830,3700,"March 10, 2026",adhoc,B;E;G;I;L;M;N;O;R;S;U
04360301,IGM IMMUNOGLOBULINS SERUM,,LAB-CHEMISTRY,1830,3700,"March 10, 2026",adhoc,B;E;G;I;L;M;N;O;R;S;U
04360302,IMMUNOGLOBULINS (IGG IGM IGA),,LAB-CHEMISTRY,5550,10300,"March 10, 2026",adhoc,A;B;G;I;L;M;N;O;S;U
04360303,INSULIN,,LAB-CHEMISTRY,5150,9600,"March 10, 2026",adhoc,I;L;N;S;U
04360304,INTACT PTH CHEM,,LAB-CHEMISTRY,3900,6900,"March 10, 2026",adhoc,A;C;E;H;I;M;N;P;T
04360305,INTERLEUKIN-6,,LAB-CHEMISTRY,6300,7900,"March 10, 2026",adhoc,E;I;K;L;N;R;T;U;6
04360306,IRON,,LAB-CHEMISTRY,1260,2700,"March 10, 2026",adhoc,I;N;O;R
04360307,KIDNEY FUNCTION,,LAB-CHEMISTRY,7200,14300,"March 10, 2026",adhoc,C;D;E;F;I;K;N;O;T;U;Y
04360313,L-FAB,,LAB-CHEMISTRY,6900,13300,"March 10, 2026",adhoc,A;B;F;L
04360308,LACTATE,,LAB-CHEMISTRY,1230,2700,"March 10, 2026",adhoc,A;C;E;L;T
04360309,LDH OTHER BODY FLUIDS,,LAB-CHEMISTRY,1010,2400,"March 10, 2026",adhoc,B;D;E;F;H;I;L;O;R;S;T;U;Y
04360310,LDH SERUM,,LAB-CHEMISTRY,1010,2400,"March 10, 2026",adhoc,D;E;H;L;M;R;S;U
04360311,LDL,,LAB-CHEMISTRY,1520,3000,"March 10, 2026",adhoc,D;L
04360312,LEUTINIZING HORMONE CHEMI,,LAB-CHEMISTRY,2260,4200,"March 10, 2026",adhoc,C;E;G;H;I;L;M;N;O;R;T;U;Z
04360314,LIPASE,,LAB-CHEMISTRY,905,1850,"March 10, 2026",adhoc,A;E;I;L;P;S
04360315,LIPID PROFILE (HDL & LDL) SERUM,,LAB-CHEMISTRY,2400,4400,"March 10, 2026",adhoc,D;E;F;H;I;L;M;O;P;R;S;U
04360316,LIPID PROFILE (HDL LDL CHOL TRIG) SERUM,,LAB-CHEMISTRY,4450,8700,"March 10, 2026",adhoc,C;D;E;F;G;H;I;L;M;O;P;R;S;T;U
04360317,LIPID PROFILE (HDL LDL TRIG) SERUM,,LAB-CHEMISTRY,3750,6700,"March 10, 2026",adhoc,D;E;F;G;H;I;L;M;O;P;R;S;T;U
04360761,LIPOPROTEIN A SERUM,,LAB-CHEMISTRY,12500,15700,"March 10, 2026",adhoc,A;E;I;L;M;N;O;P;R;S;T;U
04360764,LIPOPROTEIN PACKAGE,,LAB-CHEMISTRY,8300,10400,"March 10, 2026",adhoc,A;C;E;G;I;K;L;N;O;P;R;T
04360765,LIPOPROTEIN PACKAGE + LIPID PROFILE,,LAB-CHEMISTRY,8500,10700,"March 10, 2026",adhoc,A;C;D;E;F;G;I;K;L;N;O;P;R;T
04360318,LITHIUM,,LAB-CHEMISTRY,830,1750,"March 10, 2026",adhoc,H;I;L;M;T;U
04360319,LIVER ENZYMES,,LAB-CHEMISTRY,5150,9800,"March 10, 2026",adhoc,E;I;L;M;N;R;S;V;Y;Z
04360320,LIVER FUNCTION TEST,,LAB-CHEMISTRY,8000,15300,"March 10, 2026",adhoc,C;E;F;I;L;N;O;R;S;T;U;V
04360408,LIVER PANEL PACKAGE,,LAB-CHEMISTRY,19470,70300,"March 10, 2026",adhoc,A;C;E;G;I;K;L;N;P;R;V
04360321,MACI SCREENING,,LAB-CHEMISTRY,16900,26400,"March 10, 2026",adhoc,A;C;E;G;I;M;N;R;S
04360322,MAGNESIUM OTHER BODY FLUIDS,,LAB-CHEMISTRY,830,1750,"March 10, 2026",adhoc,A;B;D;E;F;G;H;I;L;M;N;O;R;S;T;U;Y
04360323,MAGNESIUM SERUM,,LAB-CHEMISTRY,1070,2450,"March 10, 2026",adhoc,A;E;G;I;M;N;R;S;U
04360324,MAGNESIUM URINE 24HRS URINE,,LAB-CHEMISTRY,1140,2500,"March 10, 2026",adhoc,A;E;G;H;I;M;N;R;S;U;2;4
04360325,MAGNESIUM URINE RANDOM,,LAB-CHEMISTRY,1100,2500,"March 10, 2026",adhoc,A;D;E;G;I;M;N;O;R;S;U
04360326,METAMPETHAMINE QUALI OUP,,LAB-CHEMISTRY,326,800,"March 10, 2026",adhoc,A;E;H;I;L;M;N;O;P;Q;T;U
04360327,METHADONE QUALI,,LAB-CHEMISTRY,515,1050,"March 10, 2026",adhoc,A;D;E;H;I;L;M;N;O;Q;T;U
04360662,METHAQUALONE,,LAB-CHEMISTRY,630,850,"March 10, 2026",adhoc,A;E;H;L;M;N;O;Q;T;U
04360328,MICRO ALBUMIN CREATININE RATIO,,LAB-CHEMISTRY,1950,3800,"March 10, 2026",adhoc,A;B;C;E;I;L;M;N;O;R;T;U
04360756,NEEDLESTICK INJURY ANTI-HBS,,LAB-CHEMISTRY,1650,3400,"March 10, 2026",adhoc,A;B;C;D;E;H;I;J;K;L;N;R;S;T;U;Y
04360757,NEEDLESTICK INJURY ANTI-HCV,,LAB-CHEMISTRY,1650,3400,"March 10, 2026",adhoc,A;C;D;E;H;I;J;K;L;N;R;S;T;U;V;Y
04360758,NEEDLESTICK INJURY HBsAg,,LAB-CHEMISTRY,1650,3400,"March 10, 2026",adhoc,A;B;C;D;E;G;H;I;J;K;L;N;R;S;T;U;Y
04360329,NSE (NEURON SPECIFIC ENOLASE),,LAB-CHEMISTRY,4900,9500,"March 10, 2026",adhoc,A;C;E;F;I;L;N;O;P;R;S;U
04360330,OPIATES (MORPHINE DEMEROL) QUALI OUP,,LAB-CHEMISTRY,410,900,"March 10, 2026",adhoc,A;D;E;H;I;L;M;N;O;P;Q;R;S;T;U
04360331,OPIATES (MORPHINE DEMEROL) QUANTI,,LAB-CHEMISTRY,3250,4100,"March 10, 2026",adhoc,A;D;E;H;I;L;M;N;O;P;Q;R;S;T;U
04360332,OSMOLALITY BLOOD,,LAB-CHEMISTRY,2370,4300,"March 10, 2026",adhoc,A;B;D;I;L;M;O;S;T;Y
04360333,OSMOLALITY URINE,,LAB-CHEMISTRY,2250,4200,"March 10, 2026",adhoc,A;E;I;L;M;N;O;R;S;T;U;Y
04360334,OSTEOCALCIN SERUM,,LAB-CHEMISTRY,4300,8700,"March 10, 2026",adhoc,A;C;E;I;L;M;N;O;R;S;T;U
04360704,PANEL DRUG TEST PACKAGE,,LAB-CHEMISTRY,3000,4800,"March 13, 2026",adhoc,A;C;D;E;G;K;L;N;P;R;S;T;U
04360335,PAPP-A,,LAB-CHEMISTRY,6100,12300,"March 10, 2026",adhoc,A;P
04360336,PCP QUALI OUP,,LAB-CHEMISTRY,410,900,"March 10, 2026",adhoc,A;C;I;L;O;P;Q;U
04360337,PCP QUANTI,,LAB-CHEMISTRY,3150,6000,"March 10, 2026",adhoc,A;C;I;N;P;Q;T;U
04360338,PEDIA PANEL,,LAB-CHEMISTRY,5600,7000,"March 10, 2026",adhoc,A;D;E;I;L;N;P
04360339,PH URINE W/ MINERAL OIL,,LAB-CHEMISTRY,665,1300,"March 10, 2026",adhoc,A;E;H;I;L;M;N;O;P;R;U;W
04360340,PHENOBARBITAL,,LAB-CHEMISTRY,3120,5900,"March 10, 2026",adhoc,A;B;E;H;I;L;N;O;P;R;T
04360341,PHOSPHOROUS OTHER BODY FLUID,,LAB-CHEMISTRY,750,1400,"March 10, 2026",adhoc,B;D;E;F;H;I;L;O;P;R;S;T;U;Y
04360342,PHOSPHOROUS SERUM,,LAB-CHEMISTRY,980,1950,"March 10, 2026",adhoc,E;H;M;O;P;R;S;U
04360343,PHOSPHOROUS URINE,,LAB-CHEMISTRY,1010,2400,"March 10, 2026",adhoc,E;H;I;N;O;P;R;S;U
04360344,PIVKA - II,,LAB-CHEMISTRY,6000,10900,"March 10, 2026",adhoc,A;I;K;P;V
04360720,PLACENTAL GROWTH FACTOR (PIGF),,LAB-CHEMISTRY,11000,13800,"March 10, 2026",adhoc,A;C;E;F;G;H;I;L;N;O;P;R;T;W
04360407,POST COVID-19 RECOVERY BUNDLE,,LAB-CHEMISTRY,31900,53800,"March 10, 2026",adhoc,B;C;D;E;I;L;N;O;P;R;S;T;U;V;Y;1;9
04360345,POTASSIUM OTHER BODY FLUID,,LAB-CHEMISTRY,1010,2400,"March 10, 2026",adhoc,A;B;D;E;F;H;I;L;M;O;P;R;S;T;U;Y
04360346,POTASSIUM SERUM,,LAB-CHEMISTRY,980,1950,"March 10, 2026",adhoc,A;E;I;M;O;P;R;S;T;U
04360347,POTASSIUM URINE 24HRS,,LAB-CHEMISTRY,1340,2800,"March 10, 2026",adhoc,A;E;H;I;M;N;O;P;R;S;T;U;2;4
04360348,POTASSIUM URINE RANDOM,,LAB-CHEMISTRY,1340,2800,"March 10, 2026",adhoc,A;D;E;I;M;N;O;P;R;S;T;U
04360759,PRE ECLAMPSIA PACKAGE (PIGF/SFLT-1),,LAB-CHEMISTRY,19900,24900,"March 10, 2026",adhoc,A;C;E;F;G;I;K;L;M;P;R;S;T;1
04360349,PRESEPSIN,,LAB-CHEMISTRY,4500,5700,"March 10, 2026",adhoc,E;I;N;P;R;S
04360350,PRO BRAIN NATRIURETIC PEPTIDE,,LAB-CHEMISTRY,4850,9400,"March 10, 2026",adhoc,A;B;C;D;E;I;N;O;P;R;T;U
04360351,PROCALCITONIN,,LAB-CHEMISTRY,4160,8500,"March 10, 2026",adhoc,A;C;I;L;N;O;P;R;T
04360352,PROGASTRIN RELEASING PEPTIDE,,LAB-CHEMISTRY,1190,2450,"July 12, 2021",adhoc,A;D;E;G;I;L;N;O;P;R;S;T
04360353,PROGESTERONE CHEMI,,LAB-CHEMISTRY,3750,6700,"March 10, 2026",adhoc,C;E;G;H;I;M;N;O;P;R;S;T
04360685,PROGRP,,LAB-CHEMISTRY,7400,9300,"March 10, 2026",adhoc,G;O;P;R
04360354,PROLACTIN CHEMI,,LAB-CHEMISTRY,1950,3800,"March 10, 2026",adhoc,A;C;E;H;I;L;M;N;O;P;R;T
04360355,PROPOXYPHENE URINE,,LAB-CHEMISTRY,770,1450,"March 10, 2026",adhoc,E;H;I;N;O;P;R;U;X;Y
04360356,PSA FREE SERUM,,LAB-CHEMISTRY,5250,9900,"March 10, 2026",adhoc,A;E;F;M;P;R;S;U
04360357,RHEUMATOID FACTOR,,LAB-CHEMISTRY,2050,3800,"March 10, 2026",adhoc,A;C;D;E;F;H;I;M;O;R;T;U
04360358,RUBELLA IGG (GERMAN MEASLES),,LAB-CHEMISTRY,3120,5900,"March 10, 2026",adhoc,A;B;E;G;I;L;M;N;R;S;U
04360359,RUBELLA IGM (GERMAN MEASLES),,LAB-CHEMISTRY,5250,9900,"March 10, 2026",adhoc,A;B;E;G;I;L;M;N;R;S;U
04360712,SALICYLATE,,LAB-CHEMISTRY,4100,5200,"March 10, 2026",adhoc,A;C;E;I;L;S;T;Y
4360687,SARS-CoV-2 NEUTRALIZING ANTIBODY,,LAB-CHEMISTRY,3050,3900,"March 10, 2026",adhoc,A;B;C;D;E;G;I;L;N;O;R;S;T;U;V;Y;Z;2
0436040082,SERUM AMYLOID A,,LAB-CHEMISTRY,14250,17900,"March 10, 2026",adhoc,A;D;E;I;L;M;O;R;S;U;Y
04360360,SGOT AST,,LAB-CHEMISTRY,1020,2400,"March 10, 2026",adhoc,A;G;O;S;T
04360361,SGPT ALT,,LAB-CHEMISTRY,1020,2400,"March 10, 2026",adhoc,A;G;L;P;S;T
04360362,SIROLIMUS,,LAB-CHEMISTRY,2400,4400,"March 10, 2026",adhoc,I;L;M;O;R;S;U
04360363,SODIUM SERUM,,LAB-CHEMISTRY,980,1950,"March 10, 2026",adhoc,D;E;I;M;O;R;S;U
04360364,SODIUM URINE 24HRS,,LAB-CHEMISTRY,1610,3400,"March 10, 2026",adhoc,D;E;H;I;M;N;O;R;S;U;2;4
04360365,SODIUM URINE RANDOM,,LAB-CHEMISTRY,1700,3500,"March 10, 2026",adhoc,A;D;E;I;M;N;O;R;S;U
04360721,SOLUBLE FMS-LIKE TYROSINE KINASE-1 (SFLT),,LAB-CHEMISTRY,11400,14300,"March 10, 2026",adhoc,A;B;E;F;I;K;L;M;N;O;R;S;T;U;Y;1
04360684,STONE ANALYSIS (KIDNEY),,LAB-CHEMISTRY,3750,4700,"March 10, 2026",adhoc,A;D;E;I;K;L;N;O;S;T;Y
04360366,STONE ANALYSIS GALLBLADDER,,LAB-CHEMISTRY,1570,3200,"March 10, 2026",adhoc,A;B;D;E;G;I;L;N;O;R;S;T;Y
04360367,STONE ANALYSIS KIDNEY/URETHRAL/URINARY,,LAB-CHEMISTRY,1570,3200,"March 10, 2026",adhoc,A;D;E;H;I;K;L;N;O;R;S;T;U;Y
04360368,TACROLIMUS,,LAB-CHEMISTRY,4550,9000,"March 10, 2026",adhoc,A;C;I;L;M;O;R;S;T;U
04360369,TESTOSTERONE CHEMI,,LAB-CHEMISTRY,3750,6700,"March 10, 2026",adhoc,C;E;H;I;M;N;O;R;S;T
04360370,THYROGLOBULIN BLOOD,,LAB-CHEMISTRY,3750,6700,"March 10, 2026",adhoc,B;D;G;H;I;L;N;O;R;T;U;Y
04360371,THYROID PROFILE 1,,LAB-CHEMISTRY,4450,8900,"March 10, 2026",adhoc,D;E;F;H;I;L;O;P;R;T;Y;1
04360372,THYROID PROFILE 2,,LAB-CHEMISTRY,6650,13000,"March 10, 2026",adhoc,D;E;F;H;I;L;O;P;R;T;Y;2
04360373,THYROID PROFILE 3,,LAB-CHEMISTRY,6650,13000,"March 10, 2026",adhoc,D;E;F;H;I;L;O;P;R;T;Y;3
04360374,THYROID PROFILE 4,,LAB-CHEMISTRY,12100,20400,"March 10, 2026",adhoc,D;E;F;H;I;L;O;P;R;T;Y;4
04360375,TOTAL BILIRUBIN,,LAB-CHEMISTRY,890,1850,"March 10, 2026",adhoc,A;B;I;L;N;O;R;T;U
04360376,TOTAL IGE FOR ALLERGENS,,LAB-CHEMISTRY,4060,8400,"March 10, 2026",adhoc,A;E;F;G;I;L;N;O;R;S;T
04360377,TOTAL IRON BINDING CAPACITY,,LAB-CHEMISTRY,3250,6100,"March 10, 2026",adhoc,A;B;C;D;G;I;L;N;O;P;R;T;Y
04360378,TOTAL PROSTATIC SPECIFIC ANTIGEN BLOOD,,LAB-CHEMISTRY,4750,9300,"March 10, 2026",adhoc,A;B;C;D;E;F;G;I;L;N;O;P;R;S;T
04360379,TOTAL PROTEIN A G RATIO SERUM,,LAB-CHEMISTRY,890,1850,"March 10, 2026",adhoc,A;E;G;I;L;M;N;O;P;R;S;T;U
04360380,TOTAL PROTEIN CSF,,LAB-CHEMISTRY,710,1300,"March 10, 2026",adhoc,A;C;E;F;I;L;N;O;P;R;S;T
04360381,TOTAL PROTEIN OTHER BODY FLUIDS,,LAB-CHEMISTRY,890,1850,"March 10, 2026",adhoc,A;B;D;E;F;H;I;L;N;O;P;R;S;T;U;Y
04360382,TOTAL PROTEIN SERUM,,LAB-CHEMISTRY,630,1200,"March 10, 2026",adhoc,A;E;I;L;M;N;O;P;R;S;T;U
04360383,TOTAL PROTEIN URINE,,LAB-CHEMISTRY,1050,2400,"March 10, 2026",adhoc,A;E;I;L;N;O;P;R;T;U
04360384,TOTAL T3 (CMIA),,LAB-CHEMISTRY,2120,4100,"March 10, 2026",adhoc,A;C;I;L;M;O;T;3
04360385,TOTAL T4 (CMIA),,LAB-CHEMISTRY,1900,3700,"March 10, 2026",adhoc,A;C;I;L;M;O;T;4
04360386,TOXOPLASMOSIS IGG QUANTI,,LAB-CHEMISTRY,4400,8800,"March 10, 2026",adhoc,A;G;I;L;M;N;O;P;Q;S;T;U;X
04360387,TOXOPLASMOSIS IGM QUANTI,,LAB-CHEMISTRY,4150,8500,"March 10, 2026",adhoc,A;G;I;L;M;N;O;P;Q;S;T;U;X
04360388,TRIGLY OTHER BODY FLUID,,LAB-CHEMISTRY,1230,2600,"March 10, 2026",adhoc,B;D;E;F;G;H;I;L;O;R;T;U;Y
04360389,TRIGLYCERIDES SERUM,,LAB-CHEMISTRY,1260,2700,"March 10, 2026",adhoc,C;D;E;G;I;L;M;R;S;T;U;Y
04360390,TROPONIN I HIGH SENSITIVITY,,LAB-CHEMISTRY,4100,8500,"March 10, 2026",adhoc,E;G;H;I;N;O;P;R;S;T;V;Y
04360391,TROPONIN T,,LAB-CHEMISTRY,5500,10200,"March 10, 2026",adhoc,I;N;O;P;R;T
04360392,TROPONIN T HIGH SENSITIVITY,,LAB-CHEMISTRY,6800,13200,"March 10, 2026",adhoc,E;G;H;I;N;O;P;R;S;T;V;Y
04360393,TRUTOL SOLUTION (DEXTROSE OR GLUCOSE),,LAB-CHEMISTRY,655,1300,"March 10, 2026",adhoc,C;D;E;G;I;L;N;O;R;S;T;U;X
04360394,TSH CHEMI,,LAB-CHEMISTRY,1530,3200,"March 10, 2026",adhoc,C;E;H;I;M;S;T
04360395,URIC ACID OTHER BODY FLUIDS,,LAB-CHEMISTRY,550,1100,"March 10, 2026",adhoc,A;B;C;D;E;F;H;I;L;O;R;S;T;U;Y
04360396,URIC ACID SERUM,,LAB-CHEMISTRY,665,1300,"March 10, 2026",adhoc,A;C;D;E;I;M;R;S;U
04360397,URIC ACID URINE 24HRS,,LAB-CHEMISTRY,1180,2600,"March 10, 2026",adhoc,A;C;D;E;H;I;N;R;S;U;2;4
04360398,URIC ACID URINE RANDOM,,LAB-CHEMISTRY,1120,2500,"March 10, 2026",adhoc,A;C;D;E;I;M;N;O;R;U
04360399,URINE NEUTROPHIL GELATINASE ASSOCIATED LIPOCALIN,,LAB-CHEMISTRY,3610,6500,"March 10, 2026",adhoc,A;C;D;E;G;H;I;L;N;O;P;R;S;T;U
04360400,VALPROIC (DEPAKENE EPIVAL),,LAB-CHEMISTRY,2630,5300,"March 10, 2026",adhoc,A;C;D;E;I;K;L;N;O;P;R;V
04360401,VANCOMYCIN,,LAB-CHEMISTRY,4150,8500,"March 10, 2026",adhoc,A;C;I;M;N;O;V;Y
04360402,VIT B12,,LAB-CHEMISTRY,6150,12300,"March 10, 2026",adhoc,B;I;T;V;1;2
04360403,VITAMIN D (VIT D3-25-OH),,LAB-CHEMISTRY,3120,5900,"March 10, 2026",adhoc,A;D;H;I;M;N;O;T;V;2;3;5
04360581,24 HRS URINE SEROTONIN (5HIAA),,LAB-CLINICAL MICROSCOPY,10000,12500,"March 10, 2026",adhoc,A;E;H;I;N;O;R;S;T;U;2;4;5
04360582,APTS TEST,,LAB-CLINICAL MICROSCOPY,400,900,"March 10, 2026",adhoc,A;E;P;S;T
04360583,BENCE JONES PROTEIN,,LAB-CLINICAL MICROSCOPY,610,1200,"March 10, 2026",adhoc,B;C;E;I;J;N;O;P;R;S;T
04360584,BODY FLUIDS CELL COUNT,,LAB-CLINICAL MICROSCOPY,655,1300,"March 10, 2026",adhoc,B;C;D;E;F;I;L;N;O;S;T;U;Y
04360585,CLOSTRIDIUM DIFFICILE ANTIGEN,,LAB-CLINICAL MICROSCOPY,5700,10800,"March 10, 2026",adhoc,A;C;D;E;F;G;I;L;M;N;O;R;S;T;U
04360688,CLOSTRIDIUM DIFFICILE TOXIN A & B,,LAB-CLINICAL MICROSCOPY,3700,4700,"March 10, 2026",adhoc,A;B;C;D;E;F;I;L;M;N;O;R;S;T;U;X
04360586,CONCENTRATION METHOD,,LAB-CLINICAL MICROSCOPY,960,1900,"March 10, 2026",adhoc,A;C;D;E;H;I;M;N;O;R;T
04360587,ENTEROBIUS VERMICULARIS IDENTIFICATION SCOTCH TAPE METHOD,,LAB-CLINICAL MICROSCOPY,420,950,"March 10, 2026",adhoc,A;B;C;D;E;F;H;I;L;M;N;O;P;R;S;T;U;V
04360689,FECAL CALPROTECTIN,,LAB-CLINICAL MICROSCOPY,2730,3500,"March 10, 2026",adhoc,A;C;E;F;I;L;N;O;P;R;T
04361185,FECAL IMMUNOCHEMICAL TEST (FIT),,LAB-CLINICAL MICROSCOPY,2610,5300,"March 10, 2026",adhoc,A;C;E;F;H;I;L;M;N;O;S;T;U
04360588,H. PYLORI ANTIGEN STOOL,,LAB-CLINICAL MICROSCOPY,2630,3300,"March 10, 2026",adhoc,A;E;G;H;I;L;N;O;P;R;S;T;Y
04360589,HEMOGLOBIN URINE,,LAB-CLINICAL MICROSCOPY,685,1300,"March 10, 2026",adhoc,B;E;G;H;I;L;M;N;O;R;U
04360590,MICRAL TEST,,LAB-CLINICAL MICROSCOPY,610,1200,"March 10, 2026",adhoc,A;C;E;I;L;M;R;S;T
04360591,OCCULT BLOOD,,LAB-CLINICAL MICROSCOPY,890,1850,"March 10, 2026",adhoc,B;C;D;L;O;T;U
04360592,PH STOOL,,LAB-CLINICAL MICROSCOPY,445,950,"March 10, 2026",adhoc,H;L;O;P;S;T
04360593,PREGNANCY TEST,,LAB-CLINICAL MICROSCOPY,1010,2400,"March 10, 2026",adhoc,A;C;E;G;N;P;R;S;T;Y
04360594,RBC MORPHOLOGY URINE,,LAB-CLINICAL MICROSCOPY,1390,2800,"March 10, 2026",adhoc,B;C;E;G;H;I;L;M;N;O;P;R;U;Y
04360595,ROTAVIRUS ANTIGEN,,LAB-CLINICAL MICROSCOPY,1830,3700,"March 10, 2026",adhoc,A;E;G;I;N;O;R;S;T;U;V
04360596,SEMEN ANALYSIS,,LAB-CLINICAL MICROSCOPY,1010,2400,"March 10, 2026",adhoc,A;E;I;L;M;N;S;Y
04360597,SPECIFIC GRAVITY,,LAB-CLINICAL MICROSCOPY,380,900,"March 10, 2026",adhoc,A;C;E;F;G;I;P;R;S;T;V;Y
04360598,STOOL ROUTINE,,LAB-CLINICAL MICROSCOPY,390,900,"March 10, 2026",adhoc,E;I;L;N;O;R;S;T;U
04360599,SUDAN (STOOL FOR FATS),,LAB-CLINICAL MICROSCOPY,431,950,"March 10, 2026",adhoc,A;D;F;L;N;O;R;S;T;U
04360600,URIC ACID CRYSTAL (BODY FLUID),,LAB-CLINICAL MICROSCOPY,625,1200,"March 10, 2026",adhoc,A;B;C;D;F;I;L;O;R;S;T;U;Y
04360601,URINALYSIS ROUTINE,,LAB-CLINICAL MICROSCOPY,495,1000,"March 10, 2026",adhoc,A;E;I;L;N;O;R;S;T;U;Y
04360602,WET MOUNT METHOD,,LAB-CLINICAL MICROSCOPY,750,1400,"March 10, 2026",adhoc,D;E;H;M;N;O;T;U;W
4360690,ED CHEM 5,,LAB-ER,4200,5300,"March 10, 2026",adhoc,C;D;E;H;M;5
043605036,ER ALBUMIN OTHER BODY FLUIDS,,LAB-ER,950,1200,"March 10, 2026",adhoc,A;B;D;E;F;H;I;L;M;N;O;R;S;T;U;Y
043605035,ER ALBUMIN SERUM,,LAB-ER,930,1200,"March 10, 2026",adhoc,A;B;E;I;L;M;N;R;S;U
043605037,ER ALKALINE PHOSPHATASE SERUM,,LAB-ER,975,1300,"March 10, 2026",adhoc,A;E;H;I;K;L;M;N;O;P;R;S;T;U
043605038,ER AMMONIA BLOOD,,LAB-ER,2785,3500,"March 10, 2026",adhoc,A;B;D;E;I;L;M;N;O;R
043605039,ER AMYLASE SERUM,,LAB-ER,1420,1850,"March 10, 2026",adhoc,A;E;L;M;R;S;U;Y
043605041,ER ANTI HAV IGG (CMIA) HEPATITIS A,,LAB-ER,2365,3000,"March 10, 2026",adhoc,A;C;E;G;H;I;M;N;P;R;S;T;V
043605040,ER ANTI HAV IGM CHEMI HEPATITIS A,,LAB-ER,3150,4000,"March 10, 2026",adhoc,A;C;E;G;H;I;M;N;P;R;S;T;V
043605043,ER ANTI HBC IGM CHEMI,,LAB-ER,2765,3500,"March 10, 2026",adhoc,A;B;C;E;G;H;I;M;N;R;T
043605042,ER ANTI HBC TOTAL,,LAB-ER,2765,3500,"March 10, 2026",adhoc,A;B;C;E;H;I;L;N;O;R;T
043605044,ER ANTI HBE,,LAB-ER,2815,3600,"March 10, 2026",adhoc,A;B;E;H;I;N;R;T
043605045,ER ANTI HBS CHEMI,,LAB-ER,2765,3500,"March 10, 2026",adhoc,A;B;C;E;H;I;M;N;R;S;T
043605046,ER ANTI HCV CHEMI HEP C,,LAB-ER,2765,3500,"March 10, 2026",adhoc,A;C;E;H;I;M;N;P;R;T;V
043605048,ER BETA HCG CHEMI,,LAB-ER,5080,6400,"March 10, 2026",adhoc,A;B;C;E;G;H;I;M;R;T
043605061,ER BLEEDING TIME,,LAB-ER,685,900,"March 10, 2026",adhoc,B;D;E;G;I;L;M;N;R;T
043605049,ER BLOOD ALCOHOL LEVEL,,LAB-ER,2985,3800,"March 10, 2026",adhoc,A;B;C;D;E;H;L;O;R;V
043605051,ER BODY FLUIDS CELL COUNT,,LAB-ER,975,1300,"March 10, 2026",adhoc,B;C;D;E;F;I;L;N;O;R;S;T;U;Y
043605060,ER C REACTIVE PROTEIN HIGH SENSITIVITY,,LAB-ER,3205,4100,"March 10, 2026",adhoc,A;C;E;G;H;I;N;O;P;R;S;T;V;Y
043605097,ER CALCIUM SERUM,,LAB-ER,1395,1800,"March 10, 2026",adhoc,A;C;E;I;L;M;R;S;U
04360410,ER CBC (COMPLETE BLOOD COUNT),,LAB-ER,950,1250,"March 10, 2026",adhoc,B;C;D;E;L;M;N;O;P;R;T;U
4360691,ER CHEM 8,,LAB-ER,4750,6000,"March 10, 2026",adhoc,C;E;H;M;R;8
043605033,ER CHLORIDE,,LAB-ER,1360,1750,"March 10, 2026",adhoc,C;D;E;H;I;L;O;R
043605052,ER CHOLESTEROL OTHER BODY FLUIDS,,LAB-ER,1030,1300,"March 10, 2026",adhoc,B;C;D;E;F;H;I;L;O;R;S;T;U;Y
043605055,ER CLOTTING TIME,,LAB-ER,780,1050,"March 10, 2026",adhoc,C;E;G;I;L;M;N;O;R;T
043605098,ER CO2 CARBON DIOXIDE,,LAB-ER,1370,1800,"March 10, 2026",adhoc,A;B;C;D;E;I;N;O;R;X;2
043605064,ER COOMBS DIRECT,,LAB-ER,950,1200,"March 10, 2026",adhoc,B;C;D;E;I;M;O;R;S;T
04360698,ER COVID-19 IGM/IGG ANTIBODY (POCT),,LAB-ER,1990,2500,"March 10, 2026",adhoc,A;B;C;D;E;G;I;M;N;O;P;R;T;V;Y;1;9
04360699,ER COVID-19 RAPID ANTIGEN SCREENING TEST (POCT),,LAB-ER,1055,1400,"March 10, 2026",adhoc,A;C;D;E;G;I;N;O;P;R;S;T;V;1;9
043605053,ER CPK MB ISOENZYME,,LAB-ER,3025,3800,"March 10, 2026",adhoc,B;C;E;I;K;M;N;O;P;R;S;Y;Z
043605054,ER CPK/CK,,LAB-ER,1965,2500,"March 10, 2026",adhoc,C;E;K;P;R
4360692,ER CREATININE (SINGLE ANALYTE),,LAB-ER,2000,2500,"March 10, 2026",adhoc,A;C;E;G;I;L;N;R;S;T;Y
04360412,ER CREATININE OTHER BODY FLUIDS,,LAB-ER,1060,1400,"March 10, 2026",adhoc,A;B;C;D;E;F;H;I;L;N;O;R;S;T;U;Y
04360413,ER D DIMER (POCT),,LAB-ER,3600,4500,"March 10, 2026",adhoc,C;D;E;I;M;O;P;R;T
043605063,ER D-DIMER (MINI-VIDAS),,LAB-ER,7985,10000,"March 10, 2026",adhoc,A;D;E;I;M;N;R;S;V
04360414,ER DENGUE DUO IGG/IGM,,LAB-ER,3690,4700,"March 10, 2026",adhoc,D;E;G;I;M;N;O;R;U
04360415,ER DENGUE NS 1,,LAB-ER,4830,6100,"March 10, 2026",adhoc,D;E;G;N;R;S;U;1
043605102,ER DIRECT BILIRUBIN,,LAB-ER,1350,1750,"March 10, 2026",adhoc,B;C;D;E;I;L;N;R;T;U
043605070,ER ESR,,LAB-ER,950,1200,"March 10, 2026",adhoc,E;R;S
04360417,ER EYE PH,,LAB-ER,280,340,"October 20, 2023",adhoc,E;H;P;R;Y
043605074,ER FT3 CHEMI,,LAB-ER,3065,3900,"March 10, 2026",adhoc,C;E;F;H;I;M;R;T;3
043605075,ER FT4 CHEMI,,LAB-ER,3065,3900,"March 10, 2026",adhoc,C;E;F;H;I;M;R;T;4
043605079,ER FUNGAL SMEAR KOH ONLY,,LAB-ER,965,1300,"March 10, 2026",adhoc,A;E;F;G;H;K;L;M;N;O;R;S;U;Y
043605071,ER GLUCOSE (FBS/FPG),,LAB-ER,950,1200,"March 10, 2026",adhoc,B;C;E;F;G;L;O;P;R;S;U
04360418,ER GLUCOSE CAPILLARY (CBG) RANDOM,,LAB-ER,670,950,"March 10, 2026",adhoc,A;B;C;D;E;G;I;L;M;N;O;P;R;S;U;Y
043605110,ER GLUCOSE RANDOM (RBS) (RANDOM BLOOD SUGAR),,LAB-ER,645,900,"March 10, 2026",adhoc,A;B;C;D;E;G;L;M;N;O;R;S;U
043605109,ER GRAMS STAIN,,LAB-ER,2835,3600,"March 10, 2026",adhoc,A;E;G;I;M;N;R;S;T
043605076,ER HBsAG,,LAB-ER,2765,3500,"March 10, 2026",adhoc,A;B;E;G;H;R;S
043605077,ER HEPATITIS PROFILE,,LAB-ER,12815,16100,"March 10, 2026",adhoc,A;E;F;H;I;L;O;P;R;S;T
043605082,ER HEPATITIS PROFILE,,LAB-ER,1855,2400,"March 10, 2026",adhoc,A;E;F;H;I;L;O;P;R;S;T
04360419,ER INFLUENZA A/B RAPID,,LAB-ER,4400,5500,"March 10, 2026",adhoc,A;B;D;E;F;I;L;N;P;R;U;Z
043605034,ER IONIZED CALCIUM,,LAB-ER,4210,5300,"March 10, 2026",adhoc,A;C;D;E;I;L;M;N;O;R;U;Z
04360420,ER KETONES,,LAB-ER,870,1150,"March 10, 2026",adhoc,E;K;N;O;R;S;T
043605080,ER LACTATE,,LAB-ER,2075,2600,"March 10, 2026",adhoc,A;C;E;L;R;T
043605081,ER LDH SERUM,,LAB-ER,1855,2400,"March 10, 2026",adhoc,D;E;H;L;M;R;S;U
043605083,ER LEPTOSPIRA IGG/IGM,,LAB-ER,2405,3100,"March 10, 2026",adhoc,A;E;G;I;L;M;O;P;R;S;T
043605084,ER LIPASE,,LAB-ER,1435,1850,"March 10, 2026",adhoc,A;E;I;L;P;R;S
043605085,ER LITHIUM,,LAB-ER,1360,1750,"March 10, 2026",adhoc,E;H;I;L;M;R;T;U
043605086,ER LIVER FUNCTION TEST,,LAB-ER,12215,15300,"March 10, 2026",adhoc,C;E;F;I;L;N;O;R;S;T;U;V
043605087,ER MAGNESIUM SERUM,,LAB-ER,1915,2400,"March 10, 2026",adhoc,A;E;G;I;M;N;R;S;U
043605072,ER OCCULT BLOOD,,LAB-ER,1420,1850,"March 10, 2026",adhoc,B;C;D;E;L;O;R;T;U
043605047,ER PARTIAL THROMBOPLASTIN TIME CS,,LAB-ER,2105,2700,"March 10, 2026",adhoc,A;B;C;E;H;I;L;M;N;O;P;R;S;T
043605088,ER PERIPHERAL SMEAR,,LAB-ER,1945,2500,"March 10, 2026",adhoc,A;E;H;I;L;M;P;R;S
043605066,ER PHENOBARBITAL,,LAB-ER,4700,5900,"March 10, 2026",adhoc,A;B;E;H;I;L;N;O;P;R;T
043605089,ER PHOSPHOROUS SERUM,,LAB-ER,1510,1950,"March 10, 2026",adhoc,E;H;M;O;P;R;S;U
04360421,ER POCT PACKAGE (ECPKMB ERTROP EDIMER EPBNP),,LAB-ER,13850,16620,"October 20, 2023",adhoc,A;B;C;D;E;G;I;K;M;N;O;P;R;T
043605078,ER POTASSIUM OTHER BODY FLUID,,LAB-ER,1855,2400,"March 10, 2026",adhoc,A;B;D;E;F;H;I;L;M;O;P;R;S;T;U;Y
04360422,ER POTASSIUM SERUM,,LAB-ER,1510,1950,"March 10, 2026",adhoc,A;E;I;M;O;P;R;S;T;U
04360423,ER PREGNANCY TEST,,LAB-ER,875,1150,"March 10, 2026",adhoc,A;C;E;G;N;P;R;S;T;Y
04360424,ER PRO BNP (POCT),,LAB-ER,7485,9400,"March 10, 2026",adhoc,B;C;E;N;O;P;R;T
043605090,ER PROCALCITONIN,,LAB-ER,6795,8500,"March 10, 2026",adhoc,A;C;E;I;L;N;O;P;R;T
043605091,ER PROTHROMBIN TIME PROTIME CS,,LAB-ER,1420,1850,"March 10, 2026",adhoc,B;C;E;H;I;M;N;O;P;R;S;T
043605093,ER RBC MORPHOLOGY URINE,,LAB-ER,2235,2800,"March 10, 2026",adhoc,B;C;E;G;H;I;L;M;N;O;P;R;U;Y
043605094,ER RETICULOCYTE COUNT,,LAB-ER,1040,1300,"March 10, 2026",adhoc,C;E;I;L;N;O;R;T;U;Y
043605067,ER SALICYLATE,,LAB-ER,6735,8500,"March 10, 2026",adhoc,A;C;E;I;L;R;S;T;Y
043605095,ER SGOT AST,,LAB-ER,1865,2400,"March 10, 2026",adhoc,A;E;G;O;R;S;T
043605096,ER SGPT ALT,,LAB-ER,1865,2400,"March 10, 2026",adhoc,A;E;G;L;P;R;S;T
04360425,ER SODIUM SERUM,,LAB-ER,1510,1950,"March 10, 2026",adhoc,D;E;I;M;O;R;S;U
043605073,ER STOOL ROUTINE,,LAB-ER,655,900,"March 10, 2026",adhoc,E;I;L;N;O;R;S;T;U
043605101,ER TOTAL BILIRUBIN,,LAB-ER,1420,1850,"March 10, 2026",adhoc,A;B;E;I;L;N;O;R;T;U
043605103,ER TOTAL PROTEIN,,LAB-ER,950,1850,"March 10, 2026",adhoc,A;E;I;L;N;O;P;R;T
043605104,ER TRIGLY OTHER BODY FLUID,,LAB-ER,2075,2600,"March 10, 2026",adhoc,B;D;E;F;G;H;I;L;O;R;T;U;Y
043605105,ER TROPONIN I HIGH SENSITIVITY,,LAB-ER,6735,8500,"March 10, 2026",adhoc,E;G;H;I;N;O;P;R;S;T;V;Y
04360426,ER TROPONIN T (POCT),,LAB-ER,8100,10200,"March 10, 2026",adhoc,C;E;I;N;O;P;R;T
043605106,ER TSH CHEMI,,LAB-ER,2450,3100,"March 10, 2026",adhoc,C;E;H;I;M;R;S;T
043605050,ER TYPING ABO/RH ADULT,,LAB-ER,2885,3700,"March 10, 2026",adhoc,A;B;D;E;G;H;I;L;N;O;P;R;T;U;Y
043605107,ER URIC ACID SERUM,,LAB-ER,985,1300,"March 10, 2026",adhoc,A;C;D;E;I;M;R;S;U
043605108,ER URINALYSIS ROUTINE,,LAB-ER,760,1000,"March 10, 2026",adhoc,A;E;I;L;N;O;R;S;T;U;Y
043605068,ER VALPROIC (DEPAKENE EPIVAL),,LAB-ER,4210,5300,"March 10, 2026",adhoc,A;C;D;E;I;K;L;N;O;P;R;V
043605069,ER VANCOMYCIN,,LAB-ER,6785,8500,"March 10, 2026",adhoc,A;C;E;I;M;N;O;R;V;Y
043605065,ER WET SMEAR (VAGINAL DISCHARGE ONLY),,LAB-ER,1875,2400,"March 10, 2026",adhoc,A;C;D;E;G;H;I;L;M;N;O;R;S;T;V;W;Y
04360427,ANTI THROMBIN III CS,,LAB-HEMATOLOGY,5960,12200,"March 10, 2026",adhoc,A;B;C;H;I;M;N;O;R;S;T
04360428,BLEEDING TIME MACRO,,LAB-HEMATOLOGY,420,950,"March 10, 2026",adhoc,A;B;C;D;E;G;I;L;M;N;O;R;T
04360725,BLEEDING TIME MiCRO,,LAB-HEMATOLOGY,420,950,"March 10, 2026",adhoc,B;C;D;E;G;I;L;M;N;O;R;T
04360429,CBC (COMPLETE BLOOD COUNT),,LAB-HEMATOLOGY,630,1200,"March 10, 2026",adhoc,B;C;D;E;L;M;N;O;P;T;U
04360430,CLOT RETRACTION,,LAB-HEMATOLOGY,525,1050,"March 10, 2026",adhoc,A;C;E;I;L;N;O;R;T
04360431,CLOTTING TIME,,LAB-HEMATOLOGY,515,1050,"March 10, 2026",adhoc,C;E;G;I;L;M;N;O;T
04360432,D-DIMER (MINI-VIDAS),,LAB-HEMATOLOGY,5350,10000,"March 10, 2026",adhoc,A;D;E;I;M;N;R;S;V
04360433,DENGUE PANEL,,LAB-HEMATOLOGY,3400,6800,"March 10, 2026",adhoc,A;D;E;G;L;N;P;U
04360711,DIRECT FACTOR X,,LAB-HEMATOLOGY,3300,4200,"March 10, 2026",adhoc,A;C;D;E;F;I;O;R;T;X
04360434,ELLAGIC ACID CLOTTING TIME,,LAB-HEMATOLOGY,6700,8400,"March 10, 2026",adhoc,A;C;D;E;G;I;L;M;N;O;T
04360435,ESR,,LAB-HEMATOLOGY,630,1200,"March 10, 2026",adhoc,E;R;S
04360436,FACTOR 5 CS LEIDEN,,LAB-HEMATOLOGY,8910,17400,"March 10, 2026",adhoc,A;C;D;E;F;I;L;N;O;R;S;T;5
04360437,FACTOR SPECIFIC ASSAY IX CS,,LAB-HEMATOLOGY,5150,10700,"March 10, 2026",adhoc,A;C;E;F;I;O;P;R;S;T;X;Y
04360438,FACTOR SPECIFIC ASSAY V CS,,LAB-HEMATOLOGY,5020,10500,"March 10, 2026",adhoc,A;C;E;F;I;O;P;R;S;T;V;Y
04360439,FACTOR SPECIFIC ASSAY VIII CS,,LAB-HEMATOLOGY,5100,11000,"March 10, 2026",adhoc,A;C;E;F;I;O;P;R;S;T;V;Y
04360440,FIBRIN DEGRADATION PRODUCT,,LAB-HEMATOLOGY,5400,10100,"March 10, 2026",adhoc,A;B;C;D;E;F;G;I;N;O;P;R;T;U
04360441,FIBRINOGEN LEVEL CS,,LAB-HEMATOLOGY,2410,4400,"March 10, 2026",adhoc,B;C;E;F;G;I;L;N;O;R;S;V
04360442,HAMS TEST,,LAB-HEMATOLOGY,740,1400,"March 10, 2026",adhoc,A;E;H;M;S;T
04360443,HEMA COAG PANEL,,LAB-HEMATOLOGY,2600,3300,"March 10, 2026",adhoc,A;C;E;G;H;L;M;N;O;P
04360444,HEMA STAIN/SLIDE,,LAB-HEMATOLOGY,580,1150,"March 10, 2026",adhoc,A;D;E;H;I;L;M;N;S;T
04360445,HEPARIN TEST,,LAB-HEMATOLOGY,2230,4200,"March 10, 2026",adhoc,A;E;H;I;N;P;R;S;T
04360446,IMMATURE PLATELET FRACTION,,LAB-HEMATOLOGY,950,1900,"March 10, 2026",adhoc,A;C;E;F;I;L;M;N;O;P;R;T;U
04360447,LEPREP,,LAB-HEMATOLOGY,780,1400,"March 10, 2026",adhoc,E;L;P;R
04360448,LEUKOCYTE ALKALINE PHOS (LAP SCORE),,LAB-HEMATOLOGY,4900,9500,"March 10, 2026",adhoc,A;C;E;H;I;K;L;N;O;P;R;S;T;U;Y
04360449,LUPUS ANTI COAGULANT CS,,LAB-HEMATOLOGY,7100,13900,"March 10, 2026",adhoc,A;C;G;I;L;N;O;P;S;T;U
04360450,MALARIAL ANTIBODY,,LAB-HEMATOLOGY,1100,2500,"March 10, 2026",adhoc,A;B;D;I;L;M;N;O;R;T;Y
04360451,MALARIAL ANTIGEN,,LAB-HEMATOLOGY,960,1900,"March 10, 2026",adhoc,A;E;G;I;L;M;N;R;T
04360722,MALARIAL SMEAR,,LAB-HEMATOLOGY,1000,1300,"March 10, 2026",adhoc,A;E;I;L;M;R;S
04360452,MICROFILARIAL TEST,,LAB-HEMATOLOGY,980,1950,"March 10, 2026",adhoc,A;C;E;F;I;L;M;O;R;S;T
04360453,MYELOPEROXIDASE,,LAB-HEMATOLOGY,5850,10700,"March 10, 2026",adhoc,A;D;E;I;L;M;O;P;R;S;X;Y
04360464,NEONATAL PANEL PACKAGE,,LAB-HEMATOLOGY,1230,4600,"March 10, 2026",adhoc,A;C;E;G;K;L;N;O;P;T
04360454,NEWBORN SCREENING,,LAB-HEMATOLOGY,1910,1910,"March 10, 2026",adhoc,B;C;E;G;I;N;O;R;S;W
04360455,OSMOTIC FRAGILITY,,LAB-HEMATOLOGY,770,1450,"March 10, 2026",adhoc,A;C;F;G;I;L;M;O;R;S;T;Y
04360456,PARTIAL THROMBOPLASTIN TIME CS,,LAB-HEMATOLOGY,1260,2700,"March 10, 2026",adhoc,A;B;C;E;H;I;L;M;N;O;P;R;S;T
04360457,PERIPHERAL SMEAR,,LAB-HEMATOLOGY,1100,2450,"March 10, 2026",adhoc,A;E;H;I;L;M;P;R;S
04360458,PROTEIN C CS,,LAB-HEMATOLOGY,5750,36300,"March 10, 2026",adhoc,C;E;I;N;O;P;R;S;T
04360459,PROTEIN S CS,,LAB-HEMATOLOGY,9300,29200,"March 10, 2026",adhoc,C;E;I;N;O;P;R;S;T
04360460,PROTHROMBIN TIME PROTIME CS,,LAB-HEMATOLOGY,890,1850,"March 10, 2026",adhoc,B;C;E;H;I;M;N;O;P;R;S;T
04360461,PT MIXING STUDIES,,LAB-HEMATOLOGY,2850,5600,"March 10, 2026",adhoc,D;E;G;I;M;N;P;S;T;U;X
04360762,PTT MIXING STUDIES,,LAB-HEMATOLOGY,3070,5900,"March 10, 2026",adhoc,D;E;G;I;M;N;P;S;T;U;X
04360462,RETICULOCYTE COUNT,,LAB-HEMATOLOGY,720,1350,"March 10, 2026",adhoc,C;E;I;L;N;O;R;T;U;Y
04360463,SICKLE CELL THALASEMIA,,LAB-HEMATOLOGY,550,1100,"March 10, 2026",adhoc,A;C;E;H;I;K;L;M;S;T
043607148,SILICA CLOTTING TIME,,LAB-HEMATOLOGY,2500,3200,"March 10, 2026",adhoc,A;C;E;G;I;L;M;N;O;S;T
04360709,THROMBIN TIME,,LAB-HEMATOLOGY,1100,1400,"March 10, 2026",adhoc,B;E;H;I;M;N;O;R;T
04360674,VON WILLIBRAND FACTOR,,LAB-HEMATOLOGY,11400,14300,"March 10, 2026",adhoc,A;B;C;D;F;I;L;N;O;R;T;V;W
04360465,ACACIA LONGIFOLIA (t19),,LAB-IMMUNO & SERO,2120,4100,"March 10, 2026",adhoc,A;C;F;G;I;L;N;O;T;1;9
04360715,ALLERGENS,,LAB-IMMUNO & SERO,2630,3600,"March 10, 2026",adhoc,A;E;G;L;N;R;S
04360466,ALLERGENS ADDTL TEST AFTER PANEL 10 & 20,,LAB-IMMUNO & SERO,1360,2800,"March 10, 2026",adhoc,A;D;E;F;G;L;N;P;R;S;T;0;1;2
04360467,ALLERGENS PANEL 10,,LAB-IMMUNO & SERO,15150,24300,"March 10, 2026",adhoc,A;E;G;L;N;P;R;S;0;1
04360468,ALLERGENS PANEL 20,,LAB-IMMUNO & SERO,24700,36200,"March 10, 2026",adhoc,A;E;G;L;N;P;R;S;0;2
043608408,ALLERGY PANEL 2PH (INHALANT PANEL),,LAB-IMMUNO & SERO,11100,13900,"March 10, 2026",adhoc,A;E;G;H;I;L;N;P;R;T;Y;2
043608409,ALLERGY PANEL 3PH (FOOD PANEL),,LAB-IMMUNO & SERO,11100,13900,"March 10, 2026",adhoc,A;D;E;F;G;H;L;N;O;P;R;Y;3
04360469,ALMOND (f20),,LAB-IMMUNO & SERO,4060,8400,"March 10, 2026",adhoc,A;D;F;L;M;N;O;0;2
04360470,ALTERNARIA ALTERNATA (m6),,LAB-IMMUNO & SERO,2120,4100,"March 10, 2026",adhoc,A;E;I;L;M;N;R;T;6
04360471,AMA ANTI MICHONDRIAL ANTIBODY,,LAB-IMMUNO & SERO,4100,8500,"March 10, 2026",adhoc,A;B;C;D;H;I;L;M;N;O;R;T;Y
04360472,AMOXICILLIN (c6),,LAB-IMMUNO & SERO,3950,7000,"March 10, 2026",adhoc,A;C;I;L;M;N;O;X;6
04360473,ANA ANTI NUCLEAR ANTIBODY,,LAB-IMMUNO & SERO,2170,4200,"March 10, 2026",adhoc,A;B;C;D;E;I;L;N;O;R;T;U;Y
04360474,ANA PROFILE (LUPUS PANEL),,LAB-IMMUNO & SERO,11400,19600,"March 10, 2026",adhoc,A;E;F;I;L;N;O;P;R;S;U
04360693,ANTI BETA 2 GLYCOPROTEIN IGG,,LAB-IMMUNO & SERO,5350,6700,"March 10, 2026",adhoc,A;B;C;E;G;I;L;N;O;P;R;T;Y;2
04360694,ANTI BETA 2 GLYCOPROTEIN IGM,,LAB-IMMUNO & SERO,5350,6700,"March 10, 2026",adhoc,A;B;C;E;G;I;L;M;N;O;P;R;T;Y;2
04360475,ANTI CARDIOLIPIN IGG,,LAB-IMMUNO & SERO,7650,14900,"March 10, 2026",adhoc,A;C;D;G;I;L;N;O;P;R;T
04360476,ANTI CARDIOLIPIN IGM,,LAB-IMMUNO & SERO,7650,14900,"March 10, 2026",adhoc,A;C;D;G;I;L;M;N;O;P;R;T
04360477,ANTI JO 1,,LAB-IMMUNO & SERO,3710,6700,"March 10, 2026",adhoc,A;I;J;N;O;T;1
04360478,ANTI NDNA (DOUBLE STRANDED DNA),,LAB-IMMUNO & SERO,2800,5500,"March 10, 2026",adhoc,A;B;D;E;I;L;N;O;R;S;T;U
04360479,ANTI RNP,,LAB-IMMUNO & SERO,3710,6700,"March 10, 2026",adhoc,A;I;N;P;R;T
04360480,ANTI SCL 70,,LAB-IMMUNO & SERO,4300,8700,"March 10, 2026",adhoc,A;C;I;L;N;S;T;0;7
04360481,ANTI SM (ANTI SMITH),,LAB-IMMUNO & SERO,3710,6700,"March 10, 2026",adhoc,A;H;I;M;N;S;T
04360482,ANTI SSA/RO,,LAB-IMMUNO & SERO,3050,5800,"March 10, 2026",adhoc,A;I;N;O;R;S;T
04360483,ANTI SSB/LA,,LAB-IMMUNO & SERO,3710,6700,"March 10, 2026",adhoc,A;B;I;L;N;S;T
04360718,ANTI-CHLAMYDIA TRACHOMATIS (IGA),,LAB-IMMUNO & SERO,2850,3600,"March 10, 2026",adhoc,A;C;D;G;H;I;L;M;N;O;R;S;T;Y
04360484,ASMA ANTI SMOOTH MUSCLE ANTIBODY,,LAB-IMMUNO & SERO,5200,9800,"March 10, 2026",adhoc,A;B;C;D;E;H;I;L;M;N;O;S;T;U;Y
04360485,ASPERGILLIUS FUMIG (m3),,LAB-IMMUNO & SERO,2700,5400,"March 10, 2026",adhoc,A;E;F;G;I;L;M;P;R;S;U;3
04360486,AVOCADO (f26),,LAB-IMMUNO & SERO,2670,5400,"March 10, 2026",adhoc,A;C;D;F;O;V;2;6
04360487,BACTERIAL MENINGITIS ANTIGEN,,LAB-IMMUNO & SERO,2870,5600,"March 10, 2026",adhoc,A;B;C;E;G;I;L;M;N;R;S;T
04360488,BAMBOO SHOOT (f51),,LAB-IMMUNO & SERO,2700,5400,"March 10, 2026",adhoc,A;B;F;H;M;O;S;T;1;5
04360489,BANANA (f92),,LAB-IMMUNO & SERO,2700,5400,"March 10, 2026",adhoc,A;B;F;N;2;9
04360490,BEEF (f27),,LAB-IMMUNO & SERO,2760,5500,"March 10, 2026",adhoc,B;E;F;2;7
04360491,BERMUDA GRASS (g2),,LAB-IMMUNO & SERO,2760,5500,"March 10, 2026",adhoc,A;B;D;E;G;M;R;S;U;2
04360492,BLUE MUSSEL (f37),,LAB-IMMUNO & SERO,2700,5400,"March 10, 2026",adhoc,B;E;F;L;M;S;U;3;7
04360493,C ANCA,,LAB-IMMUNO & SERO,6050,12200,"March 10, 2026",adhoc,A;C;N
04360494,CABBAGE (f216),,LAB-IMMUNO & SERO,3950,7000,"March 10, 2026",adhoc,A;B;C;E;F;G;1;2;6
04360495,CACAO (f93),,LAB-IMMUNO & SERO,3950,7000,"March 10, 2026",adhoc,A;C;F;O;3;9
04360496,CALDOSPORIUM HERB (m2),,LAB-IMMUNO & SERO,2700,5400,"March 10, 2026",adhoc,A;B;C;D;E;H;I;L;M;O;P;R;S;U;2
04360497,CANDIDA ALBICANS (m5),,LAB-IMMUNO & SERO,2700,5400,"March 10, 2026",adhoc,A;B;C;D;I;L;M;N;S;5
04360498,CASHEW NUT (f202),,LAB-IMMUNO & SERO,3950,7000,"March 10, 2026",adhoc,A;C;E;F;H;N;S;T;U;W;0;2
04360499,CAT DANDER (e1),,LAB-IMMUNO & SERO,2770,5500,"March 10, 2026",adhoc,A;C;D;E;N;R;T;1
04360500,CHEDDAR CHEESE (f81),,LAB-IMMUNO & SERO,3950,7000,"March 10, 2026",adhoc,A;C;D;E;F;H;R;S;1;8
04360501,CHICKEN MEAT (f83),,LAB-IMMUNO & SERO,2760,5500,"March 10, 2026",adhoc,A;C;E;F;H;I;K;M;N;T;3;8
04360502,CHIKUNGUNYA IGM,,LAB-IMMUNO & SERO,2120,4000,"March 10, 2026",adhoc,A;C;G;H;I;K;M;N;U;Y
04360503,CHLAMYDIA ANTIGEN,,LAB-IMMUNO & SERO,1530,3200,"March 10, 2026",adhoc,A;C;D;E;G;H;I;L;M;N;T;Y
04360504,COCKROACH (15),,LAB-IMMUNO & SERO,4060,8400,"March 10, 2026",adhoc,A;C;H;K;O;R;1;5
04360505,COFFEE (f247),,LAB-IMMUNO & SERO,3950,7000,"March 10, 2026",adhoc,C;E;F;O;2;4;7
04360506,COLD AGGLUTININS,,LAB-IMMUNO & SERO,560,1100,"March 10, 2026",adhoc,A;C;D;G;I;L;N;O;S;T;U
04360507,COMMON RAGWEED (w1),,LAB-IMMUNO & SERO,2700,5400,"March 10, 2026",adhoc,A;C;D;E;G;M;N;O;R;W;1
04360508,CRAB (f23),,LAB-IMMUNO & SERO,3100,5700,"February 25, 2026",adhoc,A;B;C;F;R;2;3
04360509,CRYOGLOBULIN,,LAB-IMMUNO & SERO,780,1400,"March 10, 2026",adhoc,B;C;G;I;L;N;O;R;U;Y
04360510,CRYPTOCCOCCUS ANTIGEN/CALAS QUALI/QUANTI,,LAB-IMMUNO & SERO,1540,8800,"March 10, 2026",adhoc,A;C;E;G;I;L;N;O;P;Q;R;S;T;U;Y
04360511,D. FARINAE (d2),,LAB-IMMUNO & SERO,2760,5500,"March 10, 2026",adhoc,A;D;E;F;I;N;R;2
04360512,D. PTEROYSSINUS/HOUSE DUST (d1),,LAB-IMMUNO & SERO,2770,5500,"March 10, 2026",adhoc,D;E;H;I;N;O;P;R;S;T;U;Y;1
04360513,DENGUE DUO IGG/IGM,,LAB-IMMUNO & SERO,2250,4100,"March 10, 2026",adhoc,D;E;G;I;M;N;O;U
04360514,DENGUE NS 1,,LAB-IMMUNO & SERO,3250,6100,"March 10, 2026",adhoc,D;E;G;N;S;U;1
04360515,DOG DANDER (e2),,LAB-IMMUNO & SERO,2760,5500,"March 10, 2026",adhoc,A;D;E;G;N;O;R;2
04360516,EBV IGM/IGG,,LAB-IMMUNO & SERO,3050,6700,"March 10, 2026",adhoc,B;E;G;I;M;V
04360517,EGGWHITE (f1),,LAB-IMMUNO & SERO,2770,5500,"March 10, 2026",adhoc,E;F;G;H;I;T;W;1
04360518,EGGYOLK (f75),,LAB-IMMUNO & SERO,2760,5500,"March 10, 2026",adhoc,E;F;G;K;L;O;Y;5;7
04360519,ELECTROPHORESIS CSF W/ IMMUNOFIXA TEST OLIGOCLONAL BANDING,,LAB-IMMUNO & SERO,13900,24100,"March 10, 2026",adhoc,A;B;C;D;E;F;G;H;I;L;M;N;O;P;R;S;T;U;W;X
04360520,FEATHER MIX (ex73),,LAB-IMMUNO & SERO,4060,8400,"March 10, 2026",adhoc,A;E;F;H;I;M;R;T;X;3;7
04360521,FISH COD (f3),,LAB-IMMUNO & SERO,1830,3700,"March 10, 2026",adhoc,C;D;F;H;I;O;S;3
04360716,FOOD ALLERGEN,,LAB-IMMUNO & SERO,14600,29000,"March 10, 2026",adhoc,A;D;E;F;G;L;N;O;R
04360522,FX2 (SHRIMPS TUNA SALMON BLUE MUSSEL FISH CO),,LAB-IMMUNO & SERO,3950,7000,"March 10, 2026",adhoc,A;B;C;E;F;H;I;L;M;N;O;P;R;S;T;U;X;2
04360523,FX5 E (EGG WHITE MILK FISH WHEAT PEANUT SOYA),,LAB-IMMUNO & SERO,4650,9200,"March 10, 2026",adhoc,A;E;F;G;H;I;K;L;M;N;O;P;S;T;U;W;X;Y;5
04360524,G6PD ADULT,,LAB-IMMUNO & SERO,1880,3700,"March 10, 2026",adhoc,A;D;G;L;P;T;U;6
04360525,G6PD CONFIRMATORY PEDIA,,LAB-IMMUNO & SERO,445,445,"March 10, 2026",adhoc,A;C;D;E;F;G;I;M;N;O;P;R;T;Y;6
04360719,GROUP B STREP (GBS) SCREENING TEST,,LAB-IMMUNO & SERO,1800,2300,"March 10, 2026",adhoc,B;C;E;G;I;N;O;P;R;S;T;U
04360526,GUINEA PIG EPITH. (e6),,LAB-IMMUNO & SERO,2700,5400,"March 10, 2026",adhoc,A;E;G;H;I;N;P;T;U;6
04360527,HAZEL NUT (f17),,LAB-IMMUNO & SERO,3950,7000,"March 10, 2026",adhoc,A;E;F;H;L;N;T;U;Z;1;7
04360528,HELICOBACTER PYLORI IGG/IGM,,LAB-IMMUNO & SERO,2910,6400,"March 10, 2026",adhoc,A;B;C;E;G;H;I;L;M;O;P;R;T;Y
04360529,HEMOGLOBIN ELECTROPHORESIS,,LAB-IMMUNO & SERO,5400,10100,"March 10, 2026",adhoc,B;C;E;G;H;I;L;M;N;O;P;R;S;T
04360530,HERPES SIMPLEX I IGG/IGM,,LAB-IMMUNO & SERO,3500,6700,"March 10, 2026",adhoc,E;G;H;I;L;M;P;R;S;X
04360531,HERPES SIMPLEX II IGG/IGM,,LAB-IMMUNO & SERO,3500,6700,"March 10, 2026",adhoc,E;G;H;I;L;M;P;R;S;X
04360532,HOLLISTIER-STIER LABS (h2),,LAB-IMMUNO & SERO,2770,5500,"March 10, 2026",adhoc,A;B;E;H;I;L;O;R;S;T;2
04360533,IMMUNOFIXATION SERUM,,LAB-IMMUNO & SERO,11000,19100,"March 10, 2026",adhoc,A;E;F;I;M;N;O;R;S;T;U;X
04360534,INFECTIOUS MONO (HETEROPHILE) TEST,,LAB-IMMUNO & SERO,1300,2700,"March 10, 2026",adhoc,C;E;F;H;I;L;M;N;O;P;R;S;T;U
04360717,INHALANT ALLERGEN-10 ITEMS,,LAB-IMMUNO & SERO,17800,22300,"March 10, 2026",adhoc,A;E;G;H;I;L;M;N;R;S;T;0;1
04360535,JOHNSON GRASS (g10),,LAB-IMMUNO & SERO,2700,5400,"March 10, 2026",adhoc,A;G;H;J;N;O;R;S;0;1
04360536,KIWI (f84),,LAB-IMMUNO & SERO,2700,5400,"March 10, 2026",adhoc,F;I;K;W;4;8
04360537,LEPTOSPIRA IGG/IGM,,LAB-IMMUNO & SERO,1560,3100,"March 10, 2026",adhoc,A;E;G;I;L;M;O;P;R;S;T
04360538,LETTUCE (f215),,LAB-IMMUNO & SERO,3950,7000,"March 10, 2026",adhoc,C;E;F;L;T;U;1;2;5
04360539,LKM 1 (LIVER/KIDNEY MICROSOME) ANTIBODY TEST,,LAB-IMMUNO & SERO,5550,10300,"March 10, 2026",adhoc,A;B;C;D;E;I;K;L;M;N;O;R;S;T;V;Y;1
04360540,MANGO (f91),,LAB-IMMUNO & SERO,3950,7000,"March 10, 2026",adhoc,A;F;G;M;N;O;1;9
04360541,MILK (f2),,LAB-IMMUNO & SERO,2770,5500,"March 10, 2026",adhoc,F;I;K;L;M;2
04360542,MOSQUITO (171),,LAB-IMMUNO & SERO,3950,7000,"March 10, 2026",adhoc,I;M;O;Q;S;T;U;1;7
04360543,MOULD MIX (mx2),,LAB-IMMUNO & SERO,4060,8400,"March 10, 2026",adhoc,D;I;L;M;O;U;X;2
04360544,MOUSE EPITHELIEUM (ex70),,LAB-IMMUNO & SERO,3950,7000,"March 10, 2026",adhoc,E;H;I;L;M;O;P;S;T;U;X;0;7
04360545,MUMPS IGG/IGM,,LAB-IMMUNO & SERO,3500,8800,"March 10, 2026",adhoc,G;I;M;P;S;U
04360546,MYCOPLASMA PNEUMONIAE IGM,,LAB-IMMUNO & SERO,2450,4400,"March 10, 2026",adhoc,A;C;E;G;I;L;M;N;O;P;S;U;Y
04360547,NITROTYROSINE ASSAY OUP,,LAB-IMMUNO & SERO,3400,3400,"March 10, 2026",adhoc,A;E;I;N;O;P;R;S;T;U;Y
04360548,ORANGE (f33),,LAB-IMMUNO & SERO,2700,5400,"March 10, 2026",adhoc,A;E;F;G;N;O;R;3
04360549,OYSTER (f290),,LAB-IMMUNO & SERO,3950,7000,"March 10, 2026",adhoc,E;F;O;R;S;T;Y;0;2;9
04360550,P ANCA,,LAB-IMMUNO & SERO,6050,12200,"March 10, 2026",adhoc,A;C;N;P
04360551,PARROT FEATHERS (e213),,LAB-IMMUNO & SERO,3950,7000,"March 10, 2026",adhoc,A;E;F;H;O;P;R;S;T;1;2;3
04360552,PEANUT (f13),,LAB-IMMUNO & SERO,1830,3700,"March 10, 2026",adhoc,A;E;F;N;P;T;U;1;3
04360553,PHADIATOP,,LAB-IMMUNO & SERO,4400,8800,"March 10, 2026",adhoc,A;D;H;I;O;P;T
04360554,PORK (f26),,LAB-IMMUNO & SERO,1770,3600,"March 10, 2026",adhoc,F;K;O;P;R;2;6
04360555,PROTEIN ELECTROPHORESIS SERUM,,LAB-IMMUNO & SERO,6650,13000,"March 10, 2026",adhoc,C;E;H;I;L;M;N;O;P;R;S;T;U
04360687,QUANTIFERON INCUBATION,,LAB-IMMUNO & SERO,1580,2000,"March 10, 2026",adhoc,A;B;C;E;F;I;N;O;Q;R;T;U
04360556,RICE (f9),,LAB-IMMUNO & SERO,2700,5400,"March 10, 2026",adhoc,C;E;F;I;R;9
04360557,RPR QUALI/QUANTI,,LAB-IMMUNO & SERO,600,3100,"March 10, 2026",adhoc,A;I;L;N;P;Q;R;T;U
04360558,RUBEOLA IGG/IGM,,LAB-IMMUNO & SERO,6100,12300,"March 10, 2026",adhoc,A;B;E;G;I;L;M;O;R;U
04360559,SALMON (f41),,LAB-IMMUNO & SERO,2770,5500,"March 10, 2026",adhoc,A;F;L;M;N;O;S;1;4
04360560,SALMONELLA TYPHI IGG/IGM,,LAB-IMMUNO & SERO,2050,4000,"March 10, 2026",adhoc,A;E;G;H;I;L;M;N;O;P;S;T;Y
04360561,SERAMOEBA QUALI/QUANTI,,LAB-IMMUNO & SERO,1090,3200,"March 10, 2026",adhoc,A;B;E;I;L;M;N;O;Q;R;S;T;U
04360562,SESAME SEED (f10),,LAB-IMMUNO & SERO,2700,5400,"March 10, 2026",adhoc,A;D;E;F;M;S;0;1
04360563,SHRIMPS (F24),,LAB-IMMUNO & SERO,2770,5500,"March 10, 2026",adhoc,F;H;I;M;P;R;S;2;4
04360564,SOYA BEANS (f14),,LAB-IMMUNO & SERO,2770,5500,"March 10, 2026",adhoc,A;B;E;F;N;O;S;Y;1;4
04360565,SQUID (f58),,LAB-IMMUNO & SERO,2770,5500,"March 10, 2026",adhoc,D;F;I;Q;S;U;5;8
04360566,TB QUANTIFERON ELISA,,LAB-IMMUNO & SERO,7750,15000,"March 10, 2026",adhoc,A;B;E;F;I;L;N;O;Q;R;S;T;U
04360567,TOMATO (f25),,LAB-IMMUNO & SERO,1770,3600,"March 10, 2026",adhoc,A;F;M;O;T;2;5
04360568,TORCH,,LAB-IMMUNO & SERO,12600,21100,"March 10, 2026",adhoc,C;H;O;R;T
043608426,TORCH IGG,,LAB-IMMUNO & SERO,7000,8800,"March 10, 2026",adhoc,C;G;H;I;O;R;T
043608428,TORCH IGG/IGM/SERUM,,LAB-IMMUNO & SERO,22000,27500,"March 10, 2026",adhoc,C;E;G;H;I;M;O;R;S;T;U
043608427,TORCH IGM,,LAB-IMMUNO & SERO,7000,8800,"March 10, 2026",adhoc,C;G;H;I;M;O;R;T
04360569,TREPONEMA PALLIDUM AGGLUTINATION ASSAY QUALI/QUANTI,,LAB-IMMUNO & SERO,1705,9300,"March 10, 2026",adhoc,A;D;E;G;I;L;M;N;O;P;Q;R;S;T;U;Y
04360570,TUNA (f40),,LAB-IMMUNO & SERO,2770,5500,"March 10, 2026",adhoc,A;F;N;T;U;0;4
04360571,TYPHIDOT DUO (IGG & IGM) (LONG METHOD) - STAT,,LAB-IMMUNO & SERO,3605,4600,"March 10, 2026",adhoc,A;D;E;G;H;I;L;M;N;O;P;S;T;U;Y
04360572,TYPHOID PANEL,,LAB-IMMUNO & SERO,2270,2900,"March 10, 2026",adhoc,A;D;E;H;I;L;N;O;P;T;Y
04360573,URINE PROTEIN ELECTROPHORESIS,,LAB-IMMUNO & SERO,7200,13700,"March 10, 2026",adhoc,C;E;H;I;L;N;O;P;R;S;T;U
04360574,VARICELLA IGG/IGM,,LAB-IMMUNO & SERO,3050,6800,"March 10, 2026",adhoc,A;C;E;G;I;L;M;R;V
04360575,VDRL QUALI / QUANTI,,LAB-IMMUNO & SERO,720,3100,"March 10, 2026",adhoc,A;D;I;L;N;Q;R;T;U;V
04360576,WALNUT (f256),,LAB-IMMUNO & SERO,2700,5400,"March 10, 2026",adhoc,A;F;L;N;T;U;W;2;5;6
04360577,WEIL FELIX ONLY,,LAB-IMMUNO & SERO,1070,2400,"March 10, 2026",adhoc,E;F;I;L;N;O;W;X;Y
04360578,WHEAT (f4),,LAB-IMMUNO & SERO,2770,5500,"March 10, 2026",adhoc,A;E;F;H;T;W;4
04360579,WIDAL AND WEIL FELIX TEST,,LAB-IMMUNO & SERO,2560,5200,"March 10, 2026",adhoc,A;D;E;F;I;L;N;S;T;W;X
04360580,WIDAL ONLY,,LAB-IMMUNO & SERO,1490,3000,"March 10, 2026",adhoc,A;D;I;L;N;O;W;Y
043608424,TOTAL IGE - SPECIFIC IGE,,LAB-IMMUNO&SERO,3000,3800,"March 10, 2026",adhoc,A;C;E;F;G;I;L;O;P;S;T
04360603,AFB CONCENTRATION (ACID FAST),,LAB-MICROBIOLOGY,1090,2500,"March 10, 2026",adhoc,A;B;C;D;E;F;I;N;O;R;S;T
04360604,AFB SMEAR/DIRECT,,LAB-MICROBIOLOGY,1090,2500,"March 10, 2026",adhoc,A;B;C;D;E;F;I;M;R;S;T
04360605,BACTERIAL CHALLENGE OUP,,LAB-MICROBIOLOGY,1670,1670,"March 10, 2026",adhoc,A;B;C;E;G;H;I;L;N;O;P;R;T;U
04360695,BACTERIAL CULTURE AND SUSCEPTIBILITY,,LAB-MICROBIOLOGY,10900,13700,"March 10, 2026",adhoc,A;B;C;D;E;I;L;N;P;R;S;T;U;Y
04360606,BACTERIAL CULTURE PANEL,,LAB-MICROBIOLOGY,37300,46700,"March 10, 2026",adhoc,A;B;C;E;I;L;N;P;R;T;U
04360607,BACTERIAL ISOLATE OUP,,LAB-MICROBIOLOGY,610,610,"March 10, 2026",adhoc,A;B;C;E;I;L;O;P;R;S;T;U
04360608,BLOOD CS (AEROBIC AND ANAEROBIC),,LAB-MICROBIOLOGY,10800,13500,"March 10, 2026",adhoc,A;B;C;D;E;I;L;N;O;R;S
04360609,BLOOD CS PEDIATRIC,,LAB-MICROBIOLOGY,6600,8300,"March 10, 2026",adhoc,A;B;C;D;E;I;L;O;P;R;S;T
04360610,CARBAPENAMESE INACTIVATION METHOD,,LAB-MICROBIOLOGY,1210,1600,"March 10, 2026",adhoc,A;B;C;D;E;H;I;M;N;O;P;R;S;T;V
04360611,CRYPTOSPORIDIUM,,LAB-MICROBIOLOGY,1090,2500,"March 10, 2026",adhoc,C;D;I;M;O;P;R;S;T;U;Y
04360612,CS BODY FLUIDS (BAcT/ALERT BOTTLE),,LAB-MICROBIOLOGY,10800,13500,"March 10, 2026",adhoc,A;B;C;D;E;F;I;L;O;R;S;T;U;Y
04360613,CS OTHER SPECIMEN AEROBIC/ANAEROBIC,,LAB-MICROBIOLOGY,5100,9600,"March 10, 2026",adhoc,A;B;C;E;H;I;M;N;O;P;R;S;T
04360614,CS STOOL + ECOLI,,LAB-MICROBIOLOGY,3710,4700,"March 10, 2026",adhoc,C;E;I;L;O;S;T
04360615,CS URINE (URINE CULTURE),,LAB-MICROBIOLOGY,4850,6100,"March 10, 2026",adhoc,C;E;I;L;N;R;S;T;U
04360616,E-TEST (MIC),,LAB-MICROBIOLOGY,1830,2300,"March 10, 2026",adhoc,C;E;I;M;S;T
04360617,FUNGAL C/S,,LAB-MICROBIOLOGY,5650,7100,"March 10, 2026",adhoc,A;C;F;G;L;N;S;U
04360618,FUNGAL SMEAR KOH,,LAB-MICROBIOLOGY,645,1300,"March 10, 2026",adhoc,A;E;F;G;H;K;L;M;N;O;R;S;U
04360619,GASTRO PANEL 2,,LAB-MICROBIOLOGY,3600,4500,"March 10, 2026",adhoc,A;E;G;L;N;O;P;R;S;T;2
04360620,GRAMS STAIN,,LAB-MICROBIOLOGY,1780,3600,"March 10, 2026",adhoc,A;G;I;M;N;R;S;T
04360621,IDENTIFICATION OF FILAMENTOUS FUNGI,,LAB-MICROBIOLOGY,3710,4700,"March 10, 2026",adhoc,A;C;D;E;F;G;I;L;M;N;O;S;T;U
04360622,INDIA INK,,LAB-MICROBIOLOGY,780,1600,"October 20, 2025",adhoc,A;D;I;K;N
04360623,MILK CULTURE,,LAB-MICROBIOLOGY,1110,1400,"March 10, 2026",adhoc,C;E;I;K;L;M;R;T;U
04360624,MOTT SPECIATION,,LAB-MICROBIOLOGY,4050,5100,"March 10, 2026",adhoc,A;C;E;I;M;N;O;P;S;T
04361187,MTB HIGH CONCENTRATION DRUG SUSCEPTIBILITY,,LAB-MICROBIOLOGY,9800,12300,"March 10, 2026",adhoc,A;B;C;D;E;G;H;I;L;M;N;O;P;R;S;T;U;Y
04360625,MTB SENSITIVITY (2ND LINE DRUGS),,LAB-MICROBIOLOGY,5150,6500,"March 10, 2026",adhoc,B;D;E;G;I;L;M;N;R;S;T;U;V;Y;2
04361188,MYCOBACTERIAL CULTURE,,LAB-MICROBIOLOGY,8150,10200,"March 10, 2026",adhoc,A;B;C;E;I;L;M;O;R;T;U;Y
4360696,MYCOBACTERIAL SUSCEPTIBILITY,,LAB-MICROBIOLOGY,9000,11300,"March 10, 2026",adhoc,A;B;C;E;I;L;M;O;P;R;S;T;U;Y
4360698,POEA-KR II PACKAGE,,LAB-MICROBIOLOGY,1900,2400,"March 10, 2026",adhoc,A;C;E;G;I;K;O;P;R
4360699,POEA-KR PACKAGE,,LAB-MICROBIOLOGY,2800,3500,"March 10, 2026",adhoc,A;C;E;G;K;O;P;R
04360626,SENSITIVITY OF FILAMENTOUS FUNGI,,LAB-MICROBIOLOGY,5400,6800,"March 10, 2026",adhoc,A;E;F;G;I;L;M;N;O;S;T;U;V;Y
04360627,SENSITIVITY OF MOTT,,LAB-MICROBIOLOGY,4850,6100,"March 10, 2026",adhoc,E;F;I;M;N;O;S;T;V;Y
04360628,SENSITIVITY TO COLISTIN C/T CAZ/AVI,,LAB-MICROBIOLOGY,3950,5000,"March 10, 2026",adhoc,A;C;E;I;L;N;O;S;T;V;Y;Z
04361186,SPUTUM C/S,,LAB-MICROBIOLOGY,8150,10200,"March 10, 2026",adhoc,C;M;P;S;T;U
04360629,STERILE BODY FLUID PANEL,,LAB-MICROBIOLOGY,23000,28800,"March 10, 2026",adhoc,A;B;D;E;F;I;L;N;O;P;R;S;T;U;Y
04360630,TB CULTURE SENSITIVITY,,LAB-MICROBIOLOGY,3820,4800,"March 10, 2026",adhoc,B;C;E;I;L;N;R;S;T;U;V;Y
04360631,UROGENITAL CULTURE PANEL,,LAB-MICROBIOLOGY,15700,19700,"March 10, 2026",adhoc,A;C;E;G;I;L;N;O;P;R;T;U
04360632,WATER CULTURE OUP,,LAB-MICROBIOLOGY,1110,1400,"March 10, 2026",adhoc,A;C;E;L;O;P;R;T;U;W
04360633,WET SMEAR (VAGINAL DISCHARGE),,LAB-MICROBIOLOGY,1030,2400,"March 10, 2026",adhoc,A;C;D;E;G;H;I;L;M;N;R;S;T;V;W
04360697,YEAST SENSITIVITY,,LAB-MICROBIOLOGY,5350,6700,"March 10, 2026",adhoc,A;E;I;N;S;T;V;Y
04360634,ZERBAXA STUDY OUP,,LAB-MICROBIOLOGY,1650,1650,"March 10, 2026",adhoc,A;B;D;E;O;P;R;S;T;U;X;Y;Z
04360635,ALPHA GLOBIN GENOTYPING,,LAB-MOLECULAR,15900,25200,"March 10, 2026",adhoc,A;B;E;G;H;I;L;N;O;P;T;Y
04360636,ASTRAZENECA EGFR MUTATION OUP,,LAB-MOLECULAR,9150,9150,"August 25, 2021",adhoc,A;C;E;F;G;I;M;N;O;P;R;S;T;U;Z
04360637,BCR-ABL (QRT-PCR),,LAB-MOLECULAR,15800,19800,"March 10, 2026",adhoc,A;B;C;L;P;Q;R;T
04360638,BETA GLOBIN GENOTYPING,,LAB-MOLECULAR,14800,23800,"March 10, 2026",adhoc,A;B;E;G;I;L;N;O;P;T;Y
04360672,BLOOD CULTURE IDENTIFICATION PANEL,,LAB-MOLECULAR,29000,36300,"March 10, 2026",adhoc,A;B;C;D;E;F;I;L;N;O;P;R;T;U
04360667,C. DIFFICILE PCR,,LAB-MOLECULAR,8500,10700,"March 10, 2026",adhoc,C;D;E;F;I;L;P;R
04360668,CARBA R. PCR,,LAB-MOLECULAR,11300,14200,"March 10, 2026",adhoc,A;B;C;P;R
04360639,CHIKUNGUNYA VIRUS PCR,,LAB-MOLECULAR,12000,15000,"March 10, 2026",adhoc,A;C;G;H;I;K;N;P;R;S;U;V;Y
04360640,CHLAMYDIA TRACHOMATIS/NEISSERIA GONORRHOEAE (CT/NG) PCR,,LAB-MOLECULAR,7950,10000,"March 10, 2026",adhoc,A;C;D;E;G;H;I;L;M;N;O;P;R;S;T;Y
04360641,COVID 19 TEST,,LAB-MOLECULAR,3360,3360,"March 10, 2026",adhoc,C;D;E;I;O;S;T;V;1;9
04360690,CRC - RESPIRATORY PANEL,,LAB-MOLECULAR,10300,12900,"March 10, 2026",adhoc,A;C;E;I;L;N;O;P;R;S;T;Y
04360642,CYTOMEGALOVIRUS (CMV) QUANTITATIVE,,LAB-MOLECULAR,9900,19200,"March 10, 2026",adhoc,A;C;E;G;I;L;M;N;O;Q;R;S;T;U;V;Y
04360643,DENGUE RNA PCR (SCREENING),,LAB-MOLECULAR,11000,13800,"March 10, 2026",adhoc,A;C;D;E;G;I;N;P;R;S;U
04360645,EGFR MUTATION ANALYSIS,,LAB-MOLECULAR,40200,85900,"March 10, 2026",adhoc,A;E;F;G;I;L;M;N;O;R;S;T;U;Y
04360646,ENTEROVIRUS RNA-PCR,,LAB-MOLECULAR,12700,15900,"March 10, 2026",adhoc,A;C;E;I;N;O;P;R;S;T;U;V
04360669,FACTOR II AND V PCR,,LAB-MOLECULAR,12700,15900,"March 10, 2026",adhoc,A;C;D;F;I;N;O;P;R;T;V
04360647,GASTROINTESTINAL PANEL,,LAB-MOLECULAR,32130,40200,"March 10, 2026",adhoc,A;E;G;I;L;N;O;P;R;S;T
04360670,GBS PCR,,LAB-MOLECULAR,10300,12900,"March 10, 2026",adhoc,B;C;G;P;R;S
04360651,HACT VIRAL LOAD,,LAB-MOLECULAR,10400,13000,"March 10, 2026",adhoc,A;C;D;H;I;L;O;R;T;V
04360648,HAEMOCHROMATOSIS MUTATION ANALYSIS,,LAB-MOLECULAR,10800,18800,"March 10, 2026",adhoc,A;C;E;H;I;L;M;N;O;R;S;T;U;Y
04360710,HBV - DNA PCR,,LAB-MOLECULAR,6300,16500,"March 10, 2026",adhoc,A;B;C;D;H;N;P;R;V
04360649,HBV DNA REAL TIME PCR-TAQMAN HEPATITIS B VIRUS,,LAB-MOLECULAR,10000,71700,"March 10, 2026",adhoc,A;B;C;D;E;H;I;L;M;N;P;Q;R;S;T;U;V
04360650,HCV VIRAL LOAD,,LAB-MOLECULAR,13850,17400,"March 10, 2026",adhoc,A;C;D;H;I;L;O;R;V
04361288,HEPATITIS C VIRUS (HCV) DNA SINGLE-RUN,,LAB-MOLECULAR,12000,15000,"March 10, 2026",adhoc,A;C;D;E;G;H;I;L;N;P;R;S;T;U;V
04360653,HLA TISSUE TYPING (PCR),,LAB-MOLECULAR,25100,36700,"March 10, 2026",adhoc,A;C;E;G;H;I;L;N;P;R;S;T;U;Y
04360652,HLA-B27 (PCR),,LAB-MOLECULAR,12390,20800,"March 10, 2026",adhoc,A;B;C;H;L;P;R;2;7
04360713,HPV (BATCH RUN),,LAB-MOLECULAR,5550,7000,"March 10, 2026",adhoc,A;B;C;H;N;P;R;T;U;V
04360654,HPV GENOTYPING,,LAB-MOLECULAR,8750,11000,"March 10, 2026",adhoc,E;G;H;I;N;O;P;T;V;Y
04360655,HSV 1 & 2 DNA-PCR,,LAB-MOLECULAR,11600,14500,"March 10, 2026",adhoc,A;C;D;H;N;P;R;S;V;1;2
04360656,INFLUENZA A/B CONFIRMATORY,,LAB-MOLECULAR,17800,22300,"March 10, 2026",adhoc,A;B;C;E;F;I;L;M;N;O;R;T;U;Y;Z
04360657,JAK2 MUTATION PCR,,LAB-MOLECULAR,13600,17000,"March 10, 2026",adhoc,A;C;I;J;K;M;N;O;P;R;T;U;2
04360658,JAPANESE ENCEPHALITIS VIRUS RNA-PCR,,LAB-MOLECULAR,13700,17200,"March 10, 2026",adhoc,A;C;E;H;I;J;L;N;P;R;S;T;U;V
04361289,LINKSEQ HLA TISSUE TYPING,,LAB-MOLECULAR,107500,134400,"March 10, 2026",adhoc,A;E;G;H;I;K;L;N;P;Q;S;T;U;Y
04360659,MEASLES VIRUS RNA-PCR,,LAB-MOLECULAR,12200,15300,"March 10, 2026",adhoc,A;C;E;I;L;M;N;P;R;S;U;V
04360660,MENINGITIS PANEL,,LAB-MOLECULAR,40400,50500,"March 10, 2026",adhoc,A;E;G;I;L;M;N;P;S;T
04360661,METHICILLIN-RESISTANT STAPHYLOCOCCUS AUREUS (MRSA),,LAB-MOLECULAR,11400,14300,"March 10, 2026",adhoc,A;C;E;H;I;L;M;N;O;P;R;S;T;U;Y
04360663,MTB PCR GENE EXPERT,,LAB-MOLECULAR,10300,18200,"March 10, 2026",adhoc,B;C;E;G;M;N;P;R;T;X
04360644,OP COVID-19 PANEL,,LAB-MOLECULAR,25150,25150,"October 23, 2025",adhoc,A;C;D;E;I;L;N;O;P;V;1;9
04360664,PNEUMOCYSTIS CARINII (JIROVECI) DNA PCR,,LAB-MOLECULAR,12500,15700,"March 10, 2026",adhoc,A;C;D;E;I;J;M;N;O;P;R;S;T;U;V;Y
04360665,PNEUMONIA BUNDLE,,LAB-MOLECULAR,32600,40800,"March 10, 2026",adhoc,A;B;D;E;I;L;M;N;O;P;U
04360714,PNEUMONIA PANEL,,LAB-MOLECULAR,22100,27700,"March 10, 2026",adhoc,A;E;I;L;M;N;O;P;U
04360666,RESPIRATORY PANEL,,LAB-MOLECULAR,11900,14900,"March 10, 2026",adhoc,A;E;I;L;N;O;P;R;S;T;Y
4360700,TAQPATH: GAIHN-HAI,,LAB-MOLECULAR,2630,3300,"March 10, 2026",adhoc,A;G;H;I;N;P;Q;T
04361181,CP BUNDLE A - BASIC,,LAB-OUTPATIENT,6900,6900,"March 10, 2026",adhoc,A;B;C;D;E;I;L;N;P;S;U
04361182,CP BUNDLE B - BLEEDING,,LAB-OUTPATIENT,8700,8700,"March 10, 2026",adhoc,B;C;D;E;G;I;L;N;P;U
04361183,CP BUNDLE C - CARDIAC,,LAB-OUTPATIENT,16600,16600,"March 10, 2026",adhoc,A;B;C;D;E;I;L;N;P;R;U
04361184,CP BUNDLE D - DM,,LAB-OUTPATIENT,10400,10400,"March 10, 2026",adhoc,B;C;D;E;L;M;N;P;U
04360671,GLUCOSE CAPILLARY,,LAB-OUTPATIENT,350,700,"July 12, 2021",adhoc,A;C;E;G;I;L;O;P;R;S;U;Y
04360673,KETONES,,LAB-OUTPATIENT,560,680,"July 12, 2021",adhoc,E;K;N;O;S;T
04360682,OXYGEN SATURATION DETERMINATION,,LAB-OUTPATIENT,30,30,"October 20, 2023",adhoc,A;D;E;G;I;M;N;O;R;S;T;U;X;Y
04360675,SAFE KEEPING W/ PROCESSING,,LAB-OUTPATIENT,780,1050,"March 10, 2026",adhoc,A;C;E;F;G;I;K;N;O;P;R;S;W
04360676,SPECIMEN SAFE KEEPING,,LAB-OUTPATIENT,370,470,"March 10, 2026",adhoc,A;C;E;F;G;I;K;M;N;P;S
04360696,BLOOD EXTRACTION LAB OUP,,LAB-POCT,465,465,"March 10, 2026",adhoc,A;B;C;D;E;I;L;N;O;P;R;T;U;X
04360678,COVID-19 RAPID ANTIGEN SCREENING TEST (POCT),,LAB-POCT,660,660,"March 10, 2026",adhoc,A;C;D;E;G;I;N;O;P;R;S;T;V;1;9
04360679,CREATININE (POCT),,LAB-POCT,1050,1260,"July 12, 2021",adhoc,A;C;E;I;N;O;P;R;T
04360700,GLUCOSE CAPILLARY (CBG) RANDOM,,LAB-POCT,405,510,"March 10, 2026",adhoc,A;B;C;D;E;G;I;L;M;N;O;P;R;S;U;Y
04360680,INFLUENZA A AND B SCREENING (POCT),,LAB-POCT,2800,3500,"March 10, 2026",adhoc,A;B;C;D;E;F;G;I;L;N;O;P;R;S;T;U;Z
04360683,LABORATORY RAPID COVID CARE BUNDLE,,LAB-POCT,2200,2200,"March 10, 2026",adhoc,A;B;C;D;E;I;L;N;O;P;R;T;U;V;Y
04360677,PANBIO COVID-19/FLU A&B RAPID PANEL,,LAB-POCT,1050,1400,"March 10, 2026",adhoc,A;B;C;D;E;F;I;L;N;O;P;R;U;V;1;9
04360701,POCT - HIGH SENSITIVITY TROPONIN I,,LAB-POCT,6700,8400,"March 10, 2026",adhoc,C;E;G;H;I;N;O;P;R;S;T;V;Y
04360702,POCT - NA/K/RBS,,LAB-POCT,4300,5400,"March 10, 2026",adhoc,A;B;C;K;N;O;P;R;S;T
04360703,POCT - NA/RBS,,LAB-POCT,2500,3200,"March 10, 2026",adhoc,A;B;C;N;O;P;R;S;T
04360681,TB LAM ANTIGEN TEST,,LAB-POCT,2200,2700,"February 20, 2026",adhoc,A;B;E;G;I;L;M;N;S;T
04530001,BREAST FEEDING COUNSELLING (MMC ABOVE 1 MONTH OLD) OUP,,LACTATION HUMAN MILK BANK,860,1170,"July 13, 2021",adhoc,A;B;C;D;E;F;G;H;I;L;M;N;O;P;R;S;T;U;V;1
04530002,PASTEURIZED MILK,,LACTATION HUMAN MILK BANK,530,680,"October 27, 2025",adhoc,A;D;E;I;K;L;M;P;R;S;T;U;Z
08030001,ISSUANCE OF CERTIFICATE OF CONFINEMENT,,MEDICAL RECORDS,115,140,"July 14, 2021",adhoc,A;C;E;F;I;M;N;O;R;S;T;U
08030002,ISSUANCE OF DIAGNOSTIC RESULTS (ADDITIONAL COPY),,MEDICAL RECORDS,11,14,"July 14, 2021",adhoc,A;C;D;E;F;G;I;L;N;O;P;R;S;T;U;Y
08030003,ISSUANCE OF DISCHARGE DATA SHEET,,MEDICAL RECORDS,110,110,"August 25, 2021",adhoc,A;C;D;E;F;G;H;I;N;O;R;S;T;U
08030004,ISSUANCE OF MEDICAL ABSTRACT/DISCHARGE SUMMARY (ADDITIONAL COPY),,MEDICAL RECORDS,110,110,"August 25, 2021",adhoc,A;B;C;D;E;F;G;H;I;L;M;N;O;P;R;S;T;U;Y
08030005,ISSUANCE OF MEDICAL CERTIFICATE,,MEDICAL RECORDS,115,140,"July 14, 2021",adhoc,A;C;D;E;F;I;L;M;N;O;R;S;T;U
08030006,ISSUANCE OF MEDICO-LEGAL CERTIFICATE,,MEDICAL RECORDS,115,200,"July 14, 2021",adhoc,A;C;D;E;F;G;I;L;M;N;O;R;S;T;U
08030007,ISSUANCE OF OR TECH (ADDITIONAL COPY),,MEDICAL RECORDS,110,110,"August 25, 2021",adhoc,A;C;D;E;F;H;I;L;N;O;P;R;S;T;U;Y
08030008,MEDICO-LEGAL PROCESSING FEE,,MEDICAL RECORDS,170,6300,"July 14, 2021",adhoc,A;C;D;E;F;G;I;L;M;N;O;P;R;S
06000017,0.9% SODIUM CHLORIDE 1000ML (BB) FOR K.U,,MEDICAL SUPPLIES,115,115,"July 30, 2026",adhoc,B;C;D;E;F;H;I;K;L;M;O;R;S;U;0;1;9
06000018,12 WELL MULTIWELL W LID FLAT 50S 3043,,MEDICAL SUPPLIES,9663,9663,"July 30, 2026",adhoc,A;D;E;F;I;L;M;S;T;U;W;0;1;2;3;4;5
06000019,3MAX REPERFUSION CATHETER 3MAXC,,MEDICAL SUPPLIES,155414,155414,"July 30, 2026",adhoc,A;C;E;F;H;I;M;N;O;P;R;S;T;U;X;3
06000020,5.0MM V-LOX SUTURE ANC. W/ HMWPE,,MEDICAL SUPPLIES,51200,51200,"July 30, 2026",adhoc,A;C;E;H;L;M;N;O;P;R;S;T;U;V;W;X;0;5
06000021,6 WELL MULTIPLATE; D-LYSINE COAT 5S 4413,,MEDICAL SUPPLIES,4188,4188,"July 30, 2026",adhoc,A;C;D;E;I;L;M;N;O;P;S;T;U;W;Y;1;3;4;5;6
06000022,6 WELL MULTIWELL PLATE W/ LID FLAT 3046,,MEDICAL SUPPLIES,8012,8012,"July 30, 2026",adhoc,A;D;E;F;I;L;M;P;T;U;W;0;3;4;6
06000023,8 TUBE STRIPS 0.2ML NATURAL TLS-0801,,MEDICAL SUPPLIES,25847,25847,"July 30, 2026",adhoc,A;B;E;I;L;M;N;P;R;S;T;U;0;1;2;8
06000585,8MM CANNULA LONG DA VINCI,,MEDICAL SUPPLIES,108749,108749,"September 12, 2025",adhoc,A;C;D;G;I;L;M;N;O;U;V;8
06000024,96 WELL CELLCULTURE PLATE; FLAT 50S 3072,,MEDICAL SUPPLIES,174,174,"July 30, 2026",adhoc,A;C;E;F;L;P;R;S;T;U;W;0;2;3;5;6;7;9
06000025,96 WELL MULTIPLATE; LOW PROFILE 25S,,MEDICAL SUPPLIES,29794,29794,"July 30, 2026",adhoc,A;E;F;I;L;M;O;P;R;S;T;U;W;2;5;6;9
06000026,A.S.A.P ASPIRATION CATHETER KIT MERIT,,MEDICAL SUPPLIES,70823,70823,"July 30, 2026",adhoc,A;C;E;H;I;K;M;N;O;P;R;S;T
06000027,A/V DIALOG MIT TP PRIMING SET,,MEDICAL SUPPLIES,562,562,"July 30, 2026",adhoc,A;D;E;G;I;L;M;N;O;P;R;S;T;V
06000028,ABG SYRINGE,,MEDICAL SUPPLIES,124,124,"July 30, 2026",adhoc,A;B;E;G;I;N;R;S;Y
06000586,ABL90 FLEX PLUS; RADIOMETER,,MEDICAL SUPPLIES,751595,751595,"September 10, 2025",adhoc,A;B;D;E;F;I;L;M;O;P;R;S;T;U;X;0;9
06000029,ACAPELLA; DUET VIBRATORY PEP THERAPY SYSTEM PORTEX,,MEDICAL SUPPLIES,8848,8848,"July 30, 2026",adhoc,A;B;C;D;E;H;I;L;M;O;P;R;S;T;U;V;X;Y
06000587,ACCESS PORT,,MEDICAL SUPPLIES,16399,36900,"September 10, 2025",adhoc,A;C;E;O;P;R;S;T
06000589,ACCESSORY; MCS TIP COVER DA VINCI,,MEDICAL SUPPLIES,3339,3339,"October 15, 2025",adhoc,A;C;D;E;I;M;N;O;P;R;S;T;V;Y
06000031,ACCU-CHECK-; SAFE T-PRO UNO 28G,,MEDICAL SUPPLIES,1616,1616,"July 30, 2026",adhoc,A;C;E;F;G;H;K;N;O;P;R;S;T;U;2;8
06000032,ACCUFORCE DILATATION CATHETER -ALL SIZES,,MEDICAL SUPPLIES,28800,28800,"July 30, 2026",adhoc,A;C;D;E;F;H;I;L;N;O;R;S;T;U;Z
06000033,ACE REPERFUSION CATH 5MAXACE068KIT,,MEDICAL SUPPLIES,313763,313763,"July 30, 2026",adhoc,A;C;E;F;H;I;K;M;N;O;P;R;S;T;U;X;0;5;6;8
06000034,ACIDIC HD CONC NKFS 02,,MEDICAL SUPPLIES,599,599,"July 30, 2026",adhoc,A;C;D;F;H;I;K;N;O;S;0;2
06000035,ACROMIOBLASTER BURR,,MEDICAL SUPPLIES,3938,19922,"July 30, 2026",adhoc,A;B;C;E;I;L;M;O;R;S;T;U
06000036,ACROMIONIZER,,MEDICAL SUPPLIES,15995,15995,"July 30, 2026",adhoc,A;C;E;I;M;N;O;R;Z
06000037,ADAPTER; AIRWAY,,MEDICAL SUPPLIES,1126,4136,"July 30, 2026",adhoc,A;D;E;I;P;R;T;W;Y
06000590,ADAPTOR,,MEDICAL SUPPLIES,43,3651,"October 17, 2025",adhoc,A;D;O;P;R;T
06000591,ADHESIVE,,MEDICAL SUPPLIES,12658,125723,"September 10, 2025",adhoc,A;D;E;H;I;S;V
06000044,ADMIRAL XTREME PTA BALLOON CATHETER,,MEDICAL SUPPLIES,17825,17825,"July 30, 2026",adhoc,A;B;C;D;E;H;I;L;M;N;O;P;R;T;X
06000045,ADULT VENTILATOR,,MEDICAL SUPPLIES,1557,1970,"July 30, 2026",adhoc,A;D;E;I;L;N;O;R;T;U;V
06000046,ADVANIX BILLIARY STENT 10F (3.3MM) x 7CM,,MEDICAL SUPPLIES,1994,1994,"July 30, 2026",adhoc,A;B;C;D;E;F;I;L;M;N;R;S;T;V;X;Y;0;1;3;7
06000047,ADVINCULA ARCH TIP,,MEDICAL SUPPLIES,13023,13023,"July 30, 2026",adhoc,A;C;D;H;I;L;N;P;R;T;U;V
06000048,ADVISA DR MRI A3DR01(DEVICE PACKAGE),,MEDICAL SUPPLIES,454615,454615,"July 30, 2026",adhoc,A;C;D;E;G;I;K;M;P;R;S;V;0;1;3
06000049,AGAR PLATE,,MEDICAL SUPPLIES,33,94,"July 30, 2026",adhoc,A;E;G;L;P;R;T
06000050,AGENT DRUG ELUTING BALLOON-ALL SIZES,,MEDICAL SUPPLIES,70823,70823,"July 30, 2026",adhoc,A;B;D;E;G;I;L;N;O;R;S;T;U;Z
06000592,AIR FILTER,,MEDICAL SUPPLIES,1163,9300,"September 10, 2025",adhoc,A;E;F;I;L;R;T
06000051,AIR WAY; CPAP NASAL,,MEDICAL SUPPLIES,3243,3680,"September 10, 2025",adhoc,A;C;I;L;N;P;R;S;W;Y
06000052,AIR WAY; HSINER GUEDEL,,MEDICAL SUPPLIES,105,115,"September 10, 2025",adhoc,A;D;E;G;H;I;L;N;R;S;U;W;Y
06000053,AIR WAY; NASO-PHARYNGEAL COVIDIEN / RUSCH,,MEDICAL SUPPLIES,576,969,"October 17, 2025",adhoc,A;C;D;E;G;H;I;L;N;O;P;R;S;U;V;W;Y
06000054,AIR WAY; ORAL PLASTIC NO,,MEDICAL SUPPLIES,132,151,"September 10, 2025",adhoc,A;C;I;L;N;O;P;R;S;T;W;Y
06000055,AIR WAY; SEDASENZ GUEDEL,,MEDICAL SUPPLIES,128,254,"September 10, 2025",adhoc,A;D;E;G;I;L;N;R;S;U;W;Y;Z
06000593,AIRWAY; NASO W/ ADJ. FLANGE,,MEDICAL SUPPLIES,830,830,"September 10, 2025",adhoc,A;D;E;F;G;I;J;L;N;O;R;S;W;Y
06000594,AIRWAY; NASOPHARYNGEAL PORTEX / RESPISENZ,,MEDICAL SUPPLIES,444,2034,"October 17, 2025",adhoc,A;E;G;H;I;L;N;O;P;R;S;T;W;X;Y;Z
06000940,AIRWAY; TRACH CUFF 8.0MM 80XLTCD MEDT.,,MEDICAL SUPPLIES,16699,16699,"October 15, 2025",adhoc,A;C;D;E;F;H;I;L;M;R;T;U;W;X;Y;0;8
06000056,ALCOHOL; 70% ISOPROPYL,,MEDICAL SUPPLIES,39,45,"October 15, 2025",adhoc,A;C;H;I;L;O;P;R;S;Y;0;7
06000010,ALCOHOL; 70% ISOPROPYL ALCOHOL DR J,,MEDICAL SUPPLIES,30,93,"July 30, 2026",adhoc,A;C;D;H;I;J;L;O;P;R;S;Y;0;7
06000057,ALCOHOL; ETHYL 60ML CLEENE,,MEDICAL SUPPLIES,34,34,"October 15, 2025",adhoc,A;C;E;H;L;M;N;O;T;Y;0;6
06000011,ALCOHOL; ETHYL 70% 500ML,,MEDICAL SUPPLIES,137,161,"July 30, 2026",adhoc,A;C;E;H;L;M;O;T;Y;0;5;7
06000058,ALCOHOL; ETHYL 95%,,MEDICAL SUPPLIES,4329,4329,"September 10, 2025",adhoc,A;C;E;H;L;O;T;Y;5;9
06000059,ALLIANCE II INTEGRATED INFLATION DEVICE,,MEDICAL SUPPLIES,10867,10867,"July 30, 2026",adhoc,A;C;D;E;F;G;I;L;N;O;R;T;V
06000060,AMBU MONOPOLAR NEEDLE,,MEDICAL SUPPLIES,560,620,"July 30, 2026",adhoc,A;B;D;E;L;M;N;O;P;R;U
06000061,AMI PRINTOUT THERMAL PAPER,,MEDICAL SUPPLIES,8221,8221,"July 30, 2026",adhoc,A;E;H;I;L;M;N;O;P;R;T;U
06000063,AMPLIA MRI QUAD CRTD,,MEDICAL SUPPLIES,1723480,1723490,"July 30, 2026",adhoc,A;C;D;I;L;M;P;Q;R;T;U
06000064,ANESTHESIA GAS SAMPLING LINE,,MEDICAL SUPPLIES,1126,1126,"July 30, 2026",adhoc,A;E;G;H;I;L;M;N;P;S;T
06000065,ANEURYSM CLIP,,MEDICAL SUPPLIES,18400,31200,"July 30, 2026",adhoc,A;C;E;I;L;M;N;P;R;S;U;Y
06000067,AORTIC CANNULAE; DLP G16 10016,,MEDICAL SUPPLIES,2880,2880,"September 10, 2025",adhoc,A;C;D;E;G;I;L;N;O;P;R;T;U;0;1;6
06000595,AORTIC PUNCH,,MEDICAL SUPPLIES,5720,6297,"September 10, 2025",adhoc,A;C;H;I;N;O;P;R;T;U
06000068,APC APPLICATOR; W/FILTER,,MEDICAL SUPPLIES,26915,29202,"July 30, 2026",adhoc,A;C;E;F;I;L;O;P;R;T;W
06000069,APOLLO RF PROBE 90 DEGREES,,MEDICAL SUPPLIES,22271,22271,"September 10, 2025",adhoc,A;B;D;E;F;G;L;O;P;R;S;0;9
06000596,APPLICATION DEVICE,,MEDICAL SUPPLIES,32312,32312,"September 10, 2025",adhoc,A;C;D;E;I;L;N;O;P;T;V
06000597,APPLICATOR; SURGICEL ENDOSCOPIC J&J,,MEDICAL SUPPLIES,3417,3417,"September 10, 2025",adhoc,A;C;D;E;G;I;J;L;N;O;P;R;S;T;U
06000070,APPLICATOR;ARISTA AH FLEXTIP,,MEDICAL SUPPLIES,9570,9570,"September 10, 2025",adhoc,A;C;E;F;H;I;L;O;P;R;S;T;X
06000071,APRON; DISPOSABLE,,MEDICAL SUPPLIES,138,1137,"September 10, 2025",adhoc,A;B;D;E;I;L;N;O;P;R;S
06000072,ARGON CLEANER XT,,MEDICAL SUPPLIES,70823,70823,"September 10, 2025",adhoc,A;C;E;G;L;N;O;R;T;X
06000939,ARGON FLASK TYPE-CONTENT,,MEDICAL SUPPLIES,1325,1325,"October 15, 2025",adhoc,A;C;E;F;G;K;L;N;O;P;R;S;T;Y
06000073,ARGON RETRIEVAL KIT,,MEDICAL SUPPLIES,62660,62660,"September 10, 2025",adhoc,A;E;G;I;K;L;N;O;R;T;V
06000074,ARROW KONTRON CATH. EXTENDER DATA SCOPE,,MEDICAL SUPPLIES,1695,1695,"September 10, 2025",adhoc,A;C;D;E;H;K;N;O;P;R;S;T;W;X
06000937,ARTERIAL CANNULA; SELECT3D FR22 45DEG ME,,MEDICAL SUPPLIES,12604,12604,"October 15, 2025",adhoc,A;C;D;E;F;G;I;L;M;N;R;S;T;U;2;3;4;5
06000075,ARTHREX DUAL ACP SYSTEM,,MEDICAL SUPPLIES,25780,25780,"September 10, 2025",adhoc,A;C;D;E;H;L;M;P;R;S;T;U;X;Y
06000938,ARTICULATING PAPER; HORSE SHOE RED/BLUE,,MEDICAL SUPPLIES,1426,1426,"October 15, 2025",adhoc,A;B;C;D;E;G;H;I;L;N;O;P;R;S;T;U
06000076,ASAHI CARAVEL 135/150,,MEDICAL SUPPLIES,42636,48128,"September 10, 2025",adhoc,A;C;E;H;I;L;R;S;V;0;1;3;5
06000598,ASPIRATION CATHETER; FR7 (ELIMINATE),,MEDICAL SUPPLIES,39225,39225,"September 10, 2025",adhoc,A;C;E;F;H;I;L;M;N;O;P;R;S;T;7
06000077,ASPIRATOR; RUBBER NASAL 1OZ STERILE,,MEDICAL SUPPLIES,83,83,"October 15, 2025",adhoc,A;B;E;I;L;N;O;P;R;S;T;U;Z;1
06000078,ASTRA SUMP SU-29602 CALMED,,MEDICAL SUPPLIES,3584,3584,"September 10, 2025",adhoc,A;C;D;E;L;M;P;R;S;T;U;0;2;6;9
06000079,ATOMIZER DEVICE; LMA LARYNGO MAD600,,MEDICAL SUPPLIES,1140,1140,"September 10, 2025",adhoc,A;C;D;E;G;I;L;M;N;O;R;T;V;Y;Z;0;6
06000080,ATOMIZER; LUNG VENTILATION ACCESSORIES,,MEDICAL SUPPLIES,8913,8913,"September 10, 2025",adhoc,A;C;E;G;I;L;M;N;O;R;S;T;U;V;Z
06000081,AUTOPULSE CHEST COMPRESSION BAND,,MEDICAL SUPPLIES,77872,77872,"September 10, 2025",adhoc,A;B;C;D;E;H;I;L;M;N;O;P;R;S;T;U
06000082,AXIUM COILS (ALL SIZES) -SPRING SUN,,MEDICAL SUPPLIES,73956,73956,"September 10, 2025",adhoc,A;C;E;G;I;L;M;N;O;P;R;S;U;X;Z
06000083,AZURE XT DR MRI WL OUS W2DR01,,MEDICAL SUPPLIES,504500,504500,"September 10, 2025",adhoc,A;D;E;I;L;M;O;R;S;T;U;W;X;Z;0;1;2
06000084,AZURE XT SR MRI PULSE GEN W2SR01,,MEDICAL SUPPLIES,271250,271250,"September 10, 2025",adhoc,A;E;G;I;L;M;N;P;R;S;T;U;W;X;Z;0;1;2
06000085,BABY CLOTH,,MEDICAL SUPPLIES,65,108,"September 20, 2025",adhoc,A;B;C;H;L;O;T;Y
06000086,BABY LAP,,MEDICAL SUPPLIES,19,19,"September 20, 2025",adhoc,A;B;L;P;Y
06000087,BABY WASH; TRISOPURE 170ML,,MEDICAL SUPPLIES,238,238,"September 20, 2025",adhoc,A;B;E;H;I;L;M;O;P;R;S;T;U;W;Y;0;1;7
06000599,BACKFLUSH; SOFT TIP G.27+ 337.88 ALCON,,MEDICAL SUPPLIES,9626,9626,"September 20, 2025",adhoc,A;B;C;F;G;H;I;K;L;N;O;P;S;T;U;2;3;7;8
06000089,BAG; ADMISSION,,MEDICAL SUPPLIES,111,319,"September 20, 2025",adhoc,A;B;D;G;I;M;N;O;S
06000090,BAG; APPLIX HYDROBAG,,MEDICAL SUPPLIES,599,599,"September 20, 2025",adhoc,A;B;D;G;H;I;L;O;P;R;X;Y
06000091,BAG; BREAST MILK,,MEDICAL SUPPLIES,27,705,"September 20, 2025",adhoc,A;B;E;G;I;K;L;M;R;S;T
06000092,BAG; CADAVER,,MEDICAL SUPPLIES,179,2012,"September 20, 2025",adhoc,A;B;C;D;E;G;R;V
06000093,BAG; CELL DIFF MACS GMP 170-076-400,,MEDICAL SUPPLIES,12231,12231,"September 20, 2025",adhoc,A;B;C;D;E;F;G;I;L;M;P;S;0;1;4;6;7
06000094,BAG; CELL EXPANSION MACS GMP 170-076-400,,MEDICAL SUPPLIES,116730,116730,"September 20, 2025",adhoc,A;B;C;E;G;I;L;M;N;O;P;S;X;0;1;4;6;7
06000095,BAG; CLOTH PRINTED NURSERY,,MEDICAL SUPPLIES,80,80,"September 20, 2025",adhoc,A;B;C;D;E;G;H;I;L;N;O;P;R;S;T;U;Y
06000096,BAG; DRAINABLE,,MEDICAL SUPPLIES,243,342,"September 20, 2025",adhoc,A;B;D;E;G;I;L;N;R
06000600,BAG; DRAINAGE 600ML ARGON,,MEDICAL SUPPLIES,2407,2407,"September 20, 2025",adhoc,A;B;D;E;G;I;L;M;N;O;R;0;6
06000097,BAG; ENDOPOUCH SPECIMEN RETRIEVER 10MM,,MEDICAL SUPPLIES,12403,12403,"September 20, 2025",adhoc,A;B;C;D;E;G;H;I;M;N;O;P;R;S;T;U;V;0;1
06000601,BAG; ENHANCE ADMISSION BABY W/ MMC LOGO,,MEDICAL SUPPLIES,673,673,"September 20, 2025",adhoc,A;B;C;D;E;G;H;I;L;M;N;O;S;W;Y
06000098,BAG; OSTEU. FEEDING DISP. 1200ML PLASTIC,,MEDICAL SUPPLIES,471,471,"September 20, 2025",adhoc,A;B;C;D;E;F;G;I;L;M;N;O;P;S;T;U;0;1;2
06000099,BAG; OSTOMY,,MEDICAL SUPPLIES,161,759,"October 15, 2025",adhoc,A;B;G;M;O;S;T;Y
06000602,BAG; PD 3L EMPTY BAG SYSTEM BAXTER,,MEDICAL SUPPLIES,331,331,"September 20, 2025",adhoc,A;B;D;E;G;L;M;P;R;S;T;X;Y;3
06000100,BAG; PEDIATRIC URINE,,MEDICAL SUPPLIES,8,41,"September 20, 2025",adhoc,A;B;C;D;E;G;I;N;P;R;T;U
06000101,BAG; PLASTIC,,MEDICAL SUPPLIES,6,8,"September 20, 2025",adhoc,A;B;C;G;I;L;P;S;T
06000102,BAG; URINARY LEG 800ML,,MEDICAL SUPPLIES,104,104,"September 20, 2025",adhoc,A;B;E;G;I;L;M;N;R;U;Y;0;8
06000103,BAG; URINE METER,,MEDICAL SUPPLIES,2189,2466,"September 20, 2025",adhoc,A;B;E;G;I;M;N;R;T;U
06000104,BAG; URINE W/ HOOK 2000ML,,MEDICAL SUPPLIES,64,64,"September 20, 2025",adhoc,A;B;E;G;H;I;K;L;M;N;O;R;U;W;0;2
06000105,BAG; UROSTOMY 50MM PROCARE,,MEDICAL SUPPLIES,301,301,"September 20, 2025",adhoc,A;B;C;E;G;M;O;P;R;S;T;U;Y;0;5
06000106,BAG; WOUND DRAINABLE BILE BAG,,MEDICAL SUPPLIES,378,378,"September 20, 2025",adhoc,A;B;D;E;G;I;L;N;O;R;U;W
06000604,BALL 10CM/ 14CM/ 7CM,,MEDICAL SUPPLIES,16934,16934,"September 20, 2025",adhoc,A;B;C;L;M;0;1;4;7
06000603,BALL DIAMOND,,MEDICAL SUPPLIES,16934,16934,"September 20, 2025",adhoc,A;B;D;I;L;M;N;O
06000107,BALLOON FG,,MEDICAL SUPPLIES,28537,69750,"October 17, 2025",adhoc,A;B;F;G;L;N;O
06000110,BALLOON OTHER TYPES (XXL/DT) - BOSTON,,MEDICAL SUPPLIES,24265,24265,"September 20, 2025",adhoc,A;B;D;E;H;L;N;O;P;R;S;T;X;Y
06000111,BALLOON; DT/4/5/75,,MEDICAL SUPPLIES,24437,24437,"September 20, 2025",adhoc,A;B;D;L;N;O;T;4;5;7
06000605,BALLOON; EBUS MAJ OLYMPUS,,MEDICAL SUPPLIES,3885,5121,"September 20, 2025",adhoc,A;B;E;J;L;M;N;O;P;S;U;Y
06000112,BALLOON; EXPRESS VASCULAR SD BOSTON SCIE,,MEDICAL SUPPLIES,72105,72105,"September 20, 2025",adhoc,A;B;C;D;E;I;L;N;O;P;R;S;T;U;V;X
06000113,BALLOON; FOXTROT NC PTCA CORONARY,,MEDICAL SUPPLIES,39493,39493,"September 20, 2025",adhoc,A;B;C;F;L;N;O;P;R;T;X;Y
06000114,BALLOON; MINI TREK ABBOTT VASCULAR,,MEDICAL SUPPLIES,23828,23828,"September 20, 2025",adhoc,A;B;C;E;I;K;L;M;N;O;R;S;T;U;V
06000115,BALLOON; MUSTANG,,MEDICAL SUPPLIES,15995,15995,"September 20, 2025",adhoc,A;B;G;L;M;N;O;S;T;U
06000116,BALLOON; NC QUANTUM,,MEDICAL SUPPLIES,45368,46000,"September 20, 2025",adhoc,A;B;C;L;M;N;O;Q;T;U
06000117,BALLOON; PTCA,,MEDICAL SUPPLIES,39493,57120,"September 20, 2025",adhoc,A;B;C;L;N;O;P;T
06000118,BALLOON; SAPPHIRE NC 3.5MMX15MM,,MEDICAL SUPPLIES,47325,47325,"September 20, 2025",adhoc,A;B;C;E;H;I;L;M;N;O;P;R;S;X;1;3;5
06000119,BALLOON; SEQUENT PLEASE,,MEDICAL SUPPLIES,107981,139749,"September 20, 2025",adhoc,A;B;E;L;N;O;P;Q;S;T;U
06000120,BALLOON; SIZING ASD,,MEDICAL SUPPLIES,47335,47335,"September 20, 2025",adhoc,A;B;D;G;I;L;N;O;S;Z
06000121,BALLOON; TREK,,MEDICAL SUPPLIES,23828,23828,"September 20, 2025",adhoc,A;B;E;K;L;N;O;R;T
06000122,BALLOONNC QUANTUM MAVERICK ALL SIZES,,MEDICAL SUPPLIES,45368,45368,"September 20, 2025",adhoc,A;B;C;E;I;K;L;M;N;O;Q;R;S;T;U;V;Z
06000123,BAND; TRANSRADIAL TERUMO,,MEDICAL SUPPLIES,1773,1773,"September 20, 2025",adhoc,A;B;D;E;I;L;M;N;O;R;S;T;U
06000125,BANDAGE; ADHESIVE W/ HEMO PAD STEPTY P,,MEDICAL SUPPLIES,150,150,"September 20, 2025",adhoc,A;B;D;E;G;H;I;M;N;O;P;S;T;V;W;Y
06000126,BANDAGE; CONFORMING,,MEDICAL SUPPLIES,176,940,"September 20, 2025",adhoc,A;B;C;D;E;F;G;I;M;N;O;R
06000127,BANDAGE; ELASTIC,,MEDICAL SUPPLIES,91,207,"September 20, 2025",adhoc,A;B;C;D;E;G;I;L;N;S;T
06000124,BANDAGE; FINE LONG STRECH PERFEKTA,,MEDICAL SUPPLIES,1074,1171,"September 20, 2025",adhoc,A;B;C;D;E;F;G;H;I;K;L;N;O;P;R;S;T
06000128,BANDAGE; FINGER,,MEDICAL SUPPLIES,412,781,"September 20, 2025",adhoc,A;B;D;E;F;G;I;N;R
06000129,BANDAGE; PRESSURE W/ HEMO PAD 80A STEPT,,MEDICAL SUPPLIES,36,36,"September 20, 2025",adhoc,A;B;D;E;G;H;M;N;O;P;R;S;T;U;W;0;8
06000606,BANDAGE; S. 25M(UNIMEX),,MEDICAL SUPPLIES,1819,2073,"September 20, 2025",adhoc,A;B;D;E;G;I;M;N;S;U;X;2;5
06000130,BANDAGE; SHORT STRETCH,,MEDICAL SUPPLIES,491,2093,"October 17, 2025",adhoc,A;B;C;D;E;G;H;N;O;R;S;T
06000131,BANDAGE; SOFT CONTACT LENS,,MEDICAL SUPPLIES,497,497,"September 20, 2025",adhoc,A;B;C;D;E;F;G;L;N;O;S;T
06000132,BANDAGE; SOFT FOAM 10CMX0.3CM ROSIDAL K,,MEDICAL SUPPLIES,1300,1300,"September 20, 2025",adhoc,A;B;C;D;E;F;G;I;K;L;M;N;O;R;S;T;X;0;1;3
06000607,BANDAGE; TG FIX A 4M ROLL L&R,,MEDICAL SUPPLIES,475,892,"September 20, 2025",adhoc,A;B;D;E;F;G;I;L;M;N;O;R;T;X;4
06000133,BANDAGE; TUBULAR ORTHO STOCKINETTE,,MEDICAL SUPPLIES,93,136,"September 20, 2025",adhoc,A;B;C;D;E;G;H;I;K;L;N;O;R;S;T;U
06000608,"BANDAGE; TUBULAR STOCKINETTE 3"" SSUPPORT",,MEDICAL SUPPLIES,61,61,"October 15, 2025",adhoc,A;B;C;D;E;G;I;K;L;N;O;P;R;S;T;U;3
06000134,BARIUM SULFATE; MICROBAR HD 3YM,,MEDICAL SUPPLIES,894,894,"September 20, 2025",adhoc,A;B;C;D;E;F;H;I;L;M;O;R;S;T;U;Y;3
06000135,BASIN,,MEDICAL SUPPLIES,30,113,"September 20, 2025",adhoc,A;B;I;N;S
06000136,BASIX CUSTOM KIT,,MEDICAL SUPPLIES,4857,4857,"September 20, 2025",adhoc,A;B;C;I;K;M;O;S;T;U;X
06000137,BASKET; MAJ OLYMPUS,,MEDICAL SUPPLIES,22585,50240,"October 17, 2025",adhoc,A;B;E;J;K;L;M;O;P;S;T;U;Y
06000139,BASKET; RETRIEVAL 4 WIRE US ENDO,,MEDICAL SUPPLIES,8031,8031,"September 20, 2025",adhoc,A;B;D;E;I;K;L;N;O;R;S;T;U;V;W;4
06000610,BASKET; TRAPEZOID,,MEDICAL SUPPLIES,26962,26962,"October 17, 2025",adhoc,A;B;D;E;I;K;O;P;R;S;T;Z
06000611,BASKET; VERIFY UTRASONIC 5S STERIS,,MEDICAL SUPPLIES,74952,74952,"September 20, 2025",adhoc,A;B;C;E;F;I;K;N;O;R;S;T;U;V;Y;5
06000140,BAUMANOMETER - CUFFS,,MEDICAL SUPPLIES,831,831,"September 20, 2025",adhoc,A;B;C;E;F;M;N;O;R;S;T;U
06000141,BC2425-20 NASAL CANNULA PREMATURE,,MEDICAL SUPPLIES,1165,1165,"September 20, 2025",adhoc,A;B;C;E;L;M;N;P;R;S;T;U;0;2;4;5
06000142,BC2435-20 NASAL CANNULA NEONATE,,MEDICAL SUPPLIES,1175,1175,"September 20, 2025",adhoc,A;B;C;E;L;N;O;S;T;U;0;2;3;4;5
06000143,BC3780-20 NASAL CANNULA PEDIATRIC,,MEDICAL SUPPLIES,1175,1175,"September 20, 2025",adhoc,A;B;C;D;E;I;L;N;P;R;S;T;U;0;2;3;7;8
06000144,BD PHASEAL,,MEDICAL SUPPLIES,156,213,"September 20, 2025",adhoc,A;B;D;E;H;L;P;S
06000145,BEAKER,,MEDICAL SUPPLIES,290,13388,"October 17, 2025",adhoc,A;B;E;K;R
06000612,BED MAT; MOLICARE PREMIUM?,,MEDICAL SUPPLIES,70,70,"September 20, 2025",adhoc,A;B;C;D;E;I;L;M;O;P;R;T;U
06000147,BEDPAN; PLASTIC,,MEDICAL SUPPLIES,204,1229,"September 20, 2025",adhoc,A;B;C;D;E;I;L;N;P;S;T
06000148,BELL; KEYYLE 6LBS BIGGEST LOSER,,MEDICAL SUPPLIES,568,568,"September 20, 2025",adhoc,B;E;G;I;K;L;O;R;S;T;Y;6
06000941,BELT; XACTTRACE REUS. NATUS,,MEDICAL SUPPLIES,81995,103385,"October 15, 2025",adhoc,A;B;C;E;L;N;R;S;T;U;X
06000149,BEVELED TIP-YELLOW; 200ul,,MEDICAL SUPPLIES,1140,1140,"September 20, 2025",adhoc,B;D;E;I;L;O;P;T;U;V;W;Y;0;2
06000150,BIB; DISPOSABLE ASSORTED DENTAL,,MEDICAL SUPPLIES,6,6,"September 20, 2025",adhoc,A;B;D;E;I;L;N;O;P;R;S;T
06000613,BILIARY STENT DRAINAGE; FR07X5CM BOSTON,,MEDICAL SUPPLIES,2197,2197,"September 20, 2025",adhoc,A;B;C;D;E;F;G;I;L;M;N;O;R;S;T;X;Y;0;5;7
06000151,BINDER; ABDOMINAL,,MEDICAL SUPPLIES,266,2784,"September 20, 2025",adhoc,A;B;D;E;I;L;M;N;O;R
06000614,BIOLINE HIV 1/2 AB 30T / BOX,,MEDICAL SUPPLIES,5990,5990,"September 20, 2025",adhoc,A;B;E;H;I;L;N;O;T;V;X;0;1;2;3
06000152,BIOLOGICS - GOLDMED,,MEDICAL SUPPLIES,32800,77883,"September 20, 2025",adhoc,B;C;D;E;G;I;L;M;O;S
06000153,BIOMIME STENT,,MEDICAL SUPPLIES,70823,70823,"September 20, 2025",adhoc,B;E;I;M;N;O;S;T
06000154,BIOPSY VALVE - OLYMPUS,,MEDICAL SUPPLIES,497,497,"September 20, 2025",adhoc,A;B;E;I;L;M;O;P;S;U;V;Y
06000942,BIPAP; FACE MASK AF01 (L)(M),,MEDICAL SUPPLIES,9359,9359,"October 15, 2025",adhoc,A;B;C;E;F;I;K;L;M;P;S;0;1
06000155,BIPOLAR BRUSH G.18 W/ CORD,,MEDICAL SUPPLIES,1457,1457,"September 20, 2025",adhoc,A;B;C;D;G;H;I;L;O;P;R;S;U;W;1;8
06000156,BIPOLAR CABLE; MINOR SURG. ELLMAN IEC-BC,,MEDICAL SUPPLIES,1773,1773,"September 20, 2025",adhoc,A;B;C;E;G;I;L;M;N;O;P;R;S;U
06000157,BIPOLAR CORD; 3.6M FOOTSWITCH E0512,,MEDICAL SUPPLIES,2407,2407,"September 20, 2025",adhoc,A;B;C;D;E;F;H;I;L;M;O;P;R;S;T;W;0;1;2;3;5;6
06000158,BIPOLAR FORCEPS,,MEDICAL SUPPLIES,50655,62208,"July 30, 2026",adhoc,A;B;C;E;F;I;L;O;P;R;S
06000159,BIPOLAR FORCEPS; CUSHING E4054CT,,MEDICAL SUPPLIES,62208,62208,"September 20, 2025",adhoc,A;B;C;E;F;G;H;I;L;N;O;P;R;S;T;U;0;4;5
06000160,BIPOLAR LOOP 24CH 27040GP KARL STORZ,,MEDICAL SUPPLIES,21280,21280,"September 20, 2025",adhoc,A;B;C;G;H;I;K;L;O;P;R;S;T;Z;0;2;4;7
06000943,BIPOLAR SEALER;AQUAMANTYS 9.5XL 23-313-1,,MEDICAL SUPPLIES,23957,23957,"October 15, 2025",adhoc,A;B;E;I;L;M;N;O;P;Q;R;S;T;U;X;Y;1;2;3;5;9
06000161,BIT; DRILL MICRO SPEED HILINES XS GE635R,,MEDICAL SUPPLIES,20270,20270,"September 20, 2025",adhoc,B;C;D;E;G;H;I;L;M;N;O;P;R;S;T;X;3;5;6
06000162,BLADE MINI SHAVER,,MEDICAL SUPPLIES,16005,16005,"September 20, 2025",adhoc,A;B;D;E;H;I;L;M;N;R;S;V
06000163,BLADE; 3.5MM FULL RADIUS RESECTOR 9248,,MEDICAL SUPPLIES,12410,12410,"September 20, 2025",adhoc,A;B;C;D;E;F;I;L;M;O;R;S;T;U;2;3;4;5;8;9
06000164,BLADE; 3.5MM GREAT WHITE 9399,,MEDICAL SUPPLIES,13280,13280,"September 20, 2025",adhoc,A;B;D;E;G;H;I;L;M;R;T;W;3;5;9
06000165,BLADE; 3.5MM INCISOR,,MEDICAL SUPPLIES,19922,19922,"September 20, 2025",adhoc,A;B;C;D;E;I;L;M;N;O;R;S;3;5
06000166,BLADE; 4.2MM FULL RADIUS RESECTOR 9247,,MEDICAL SUPPLIES,13555,13555,"September 20, 2025",adhoc,A;B;C;D;E;F;I;L;M;O;R;S;T;U;2;4;7;9
06000167,BLADE; 4.2MM STER SLOTTED WHISKER 9274,,MEDICAL SUPPLIES,13358,13358,"September 20, 2025",adhoc,A;B;D;E;H;I;K;L;M;O;R;S;T;W;2;4;7;9
06000168,BLADE; 4.2MM STER ULTRACUT 9405,,MEDICAL SUPPLIES,13401,13401,"September 20, 2025",adhoc,A;B;C;D;E;L;M;R;S;T;U;0;2;4;5;9
06000169,BLADE; 4.2MM STERLING GREAT WHITE 9299,,MEDICAL SUPPLIES,13763,13763,"September 20, 2025",adhoc,A;B;D;E;G;H;I;L;M;N;R;S;T;W;2;4;9
06000170,BLADE; 4.5 FULL RADIUS LONG,,MEDICAL SUPPLIES,17562,17562,"September 20, 2025",adhoc,A;B;D;E;F;G;I;L;N;O;R;S;U;4;5
06000171,BLADE; 4.5MM INCISOR,,MEDICAL SUPPLIES,19922,19922,"September 20, 2025",adhoc,A;B;C;D;E;I;L;M;N;O;R;S;4;5
06000172,BLADE; 4.5MM STER CYCL FLUTE SPHER 9118,,MEDICAL SUPPLIES,16077,16077,"September 20, 2025",adhoc,A;B;C;D;E;F;H;L;M;P;R;S;T;U;Y;1;4;5;8;9
06000173,BLADE; 4.5MM STER SPHER H.SPEED 9111,,MEDICAL SUPPLIES,17174,17174,"September 20, 2025",adhoc,A;B;D;E;H;L;M;P;R;S;T;1;4;5;9
06000174,BLADE; 4.5MM STER VORT HOODED 9131,,MEDICAL SUPPLIES,18709,18709,"September 20, 2025",adhoc,A;B;D;E;H;L;M;O;R;S;T;V;1;3;4;5;9
06000175,BLADE; 5.0MM STER OVAL BURR 9103RH,,MEDICAL SUPPLIES,24016,24016,"September 20, 2025",adhoc,A;B;D;E;H;L;M;O;R;S;T;U;V;0;1;3;5;9
06000176,BLADE; 5.5MM GREAT WHITE BLADE 9599,,MEDICAL SUPPLIES,12612,12612,"September 20, 2025",adhoc,A;B;D;E;G;H;I;L;M;R;T;W;5;9
06000177,BLADE; ABRADER,,MEDICAL SUPPLIES,15995,20000,"September 20, 2025",adhoc,A;B;D;E;L;R
06000178,BLADE; ACROMIOBLAS 4.0MM 7205668 DYONICS,,MEDICAL SUPPLIES,20000,20000,"September 20, 2025",adhoc,A;B;C;D;E;I;L;M;N;O;R;S;Y;0;2;4;5;6;7;8
06000179,BLADE; BLADE ACRAMED,,MEDICAL SUPPLIES,5302,5302,"September 20, 2025",adhoc,A;B;C;D;E;L;M;R
06000180,BLADE; CONCAVE INCISOR,,MEDICAL SUPPLIES,25404,25404,"September 20, 2025",adhoc,A;B;C;D;E;I;L;N;O;R;S;V
06000181,BLADE; CRANIOTOME,,MEDICAL SUPPLIES,15972,23101,"September 20, 2025",adhoc,A;B;C;D;E;I;L;M;N;O;R;T
06000182,BLADE; DISPOSABLE SURGICAL,,MEDICAL SUPPLIES,14,51,"September 20, 2025",adhoc,A;B;C;D;E;G;I;L;O;P;R;S;U
06000183,BLADE; FULL RADIUS,,MEDICAL SUPPLIES,19922,20000,"September 20, 2025",adhoc,A;B;D;E;F;I;L;R;S;U
06000184,BLADE; GATOR 2.0MM C9960A,,MEDICAL SUPPLIES,13303,13303,"September 20, 2025",adhoc,A;B;C;D;E;G;L;M;O;R;T;0;2;6;9
06000185,BLADE; HIGH SPEED R.BURR 3.2MM 1883262HS,,MEDICAL SUPPLIES,34928,34928,"September 20, 2025",adhoc,A;B;D;E;G;H;I;L;M;P;R;S;U;1;2;3;6;8
06000186,BLADE; I.PL 90 3H,,MEDICAL SUPPLIES,18408,18408,"September 20, 2025",adhoc,A;B;D;E;H;I;L;P;0;3;9
06000187,BLADE; INCISOR,,MEDICAL SUPPLIES,15995,21218,"September 20, 2025",adhoc,A;B;C;D;E;I;L;N;O;R;S
06000188,BLADE; INSULATED COATED,,MEDICAL SUPPLIES,837,1626,"October 15, 2025",adhoc,A;B;C;D;E;I;L;N;O;S;T;U
06000190,BLADE; LAB KNIFE SHANDON 12S-531,,MEDICAL SUPPLIES,755,755,"September 20, 2025",adhoc,A;B;D;E;F;H;I;K;L;N;O;S;1;2;3;5
06000615,BLADE; LONG ABRADER 5.5 LONG,,MEDICAL SUPPLIES,15995,15995,"September 20, 2025",adhoc,A;B;D;E;G;L;N;O;R;5
06000191,BLADE; MICRO BINDER,,MEDICAL SUPPLIES,25342,26344,"September 20, 2025",adhoc,A;B;C;D;E;I;L;M;N;O;R
06000192,BLADE; MICRO-DEBRIBER 4MM 40 BLADE,,MEDICAL SUPPLIES,29315,29315,"September 20, 2025",adhoc,A;B;C;D;E;I;L;M;O;R;0;4
06000616,BLADE; MORCELLATOR W/ HANDLE,,MEDICAL SUPPLIES,44573,44573,"September 20, 2025",adhoc,A;B;C;D;E;H;L;M;N;O;R;T;W
06000193,BLADE; MULTI-BLADE KNIFE SHANDON 12S-530,,MEDICAL SUPPLIES,2145,2145,"September 20, 2025",adhoc,A;B;D;E;F;H;I;K;L;M;N;O;S;T;U;0;1;2;3;5
06000194,BLADE; NOTCHBLASTER,,MEDICAL SUPPLIES,15995,20000,"September 20, 2025",adhoc,A;B;C;D;E;H;L;N;O;R;S;T
06000617,BLADE; OVAL BURR 8 FLUTE 4.0MM X 13CM,,MEDICAL SUPPLIES,11509,11509,"September 20, 2025",adhoc,A;B;C;D;E;F;L;M;O;R;T;U;V;X;0;1;3;4;8
06000195,BLADE; QUADCUT 11CM / 13CM,,MEDICAL SUPPLIES,20535,27692,"October 17, 2025",adhoc,A;B;C;D;E;L;M;Q;T;U;1;3
06000618,BLADE; RAD40 4MM 1884006HR MEDTRONIC,,MEDICAL SUPPLIES,14973,14973,"September 20, 2025",adhoc,A;B;C;D;E;H;I;L;M;N;O;R;T;0;1;4;6;8
06000196,BLADE; SINUS TRICUT 5PK 4MM ROTATABLE,,MEDICAL SUPPLIES,25332,25332,"September 20, 2025",adhoc,A;B;C;D;E;I;K;L;M;N;O;P;R;S;T;U;4;5
06000197,BLADE; SPHERICAL,,MEDICAL SUPPLIES,14191,20164,"September 20, 2025",adhoc,A;B;C;D;E;H;I;L;P;R;S
06000198,BLADE; SPIRAL DIS. FEMUR II 40-90MM,,MEDICAL SUPPLIES,15995,15995,"September 20, 2025",adhoc,A;B;D;E;F;I;L;M;P;R;S;U;0;4;9
06000619,BLADE; STANDARD PREP BLADE CARDINAL HEA.,,MEDICAL SUPPLIES,647,647,"September 20, 2025",adhoc,A;B;C;D;E;H;I;L;N;P;R;S;T
06000199,BLADE; SUPER SHARP 5MM DEPTH REF 7515,,MEDICAL SUPPLIES,1487,1487,"September 20, 2025",adhoc,A;B;D;E;F;H;L;M;P;R;S;T;U;1;5;7
06000200,BLADE; SURGICAL BEAVER,,MEDICAL SUPPLIES,699,2485,"September 20, 2025",adhoc,A;B;C;D;E;G;I;L;R;S;U;V
06000201,BLADE; TRICUT,,MEDICAL SUPPLIES,23045,26445,"September 20, 2025",adhoc,A;B;C;D;E;I;L;R;T;U
06000202,BLADE; TURBOWHISKER,,MEDICAL SUPPLIES,19922,20434,"September 20, 2025",adhoc,A;B;D;E;H;I;K;L;O;R;S;T;U;W
06000620,BLADE; ULTRACUT 5.5MM C9415,,MEDICAL SUPPLIES,13895,13895,"September 20, 2025",adhoc,A;B;C;D;E;L;M;R;T;U;1;4;5;9
06000203,BLANKET,,MEDICAL SUPPLIES,1171,1805,"September 20, 2025",adhoc,A;B;E;K;L;N;T
06000204,BLOCKER; E.BRONCHIAL BLOCKER FR7,,MEDICAL SUPPLIES,36410,36410,"September 20, 2025",adhoc,A;B;C;E;F;H;I;K;L;N;O;R;7
06000205,BLOODSTOR 100 -50ML,,MEDICAL SUPPLIES,12095,12095,"September 20, 2025",adhoc,B;D;L;M;O;R;S;T;0;1;5
06000206,BLOWER MISTER,,MEDICAL SUPPLIES,6369,15510,"September 20, 2025",adhoc,B;E;I;L;M;O;R;S;T;W
06000207,BONDING SUPREME 5ML,,MEDICAL SUPPLIES,1363,1363,"September 20, 2025",adhoc,B;D;E;G;I;L;M;N;O;P;R;S;U;5
06000208,BONE CEMENT,,MEDICAL SUPPLIES,7216,18108,"September 20, 2025",adhoc,B;C;E;M;N;O;T
06000209,BONE GRAFT,,MEDICAL SUPPLIES,9429,47433,"September 20, 2025",adhoc,A;B;E;F;G;N;O;R;T
06000210,BONE SHAVER,,MEDICAL SUPPLIES,10915,11228,"September 20, 2025",adhoc,A;B;E;H;N;O;R;S;V
06000211,BONEWAX,,MEDICAL SUPPLIES,302,390,"October 15, 2025",adhoc,A;B;E;N;O;W;X
06000212,BOOK; PEDIA W/ POCKET 6X7.5,,MEDICAL SUPPLIES,326,326,"September 20, 2025",adhoc,A;B;C;D;E;I;K;O;P;T;W;X;5;6;7
06000213,BOTTLE; DIETARY,,MEDICAL SUPPLIES,39,54,"September 20, 2025",adhoc,A;B;D;E;I;L;O;R;T;Y
06000214,BOTTLE; DISPOSABLE,,MEDICAL SUPPLIES,50,160,"September 20, 2025",adhoc,A;B;D;E;I;L;O;P;S;T
06000621,BOTTLE; FEEDING 600ML W/ CON.TUBE PAHSCO,,MEDICAL SUPPLIES,1529,1529,"September 20, 2025",adhoc,A;B;C;D;E;F;G;H;I;L;M;N;O;P;S;T;U;W;0;6
06000622,BOTTLE; PLASTIC 1000ML FLEXITAINER,,MEDICAL SUPPLIES,222,222,"September 20, 2025",adhoc,A;B;C;E;F;I;L;M;N;O;P;R;S;T;X;0;1
06000623,BOTTLE; SUCTION FOR VACMAXI-1750ML,,MEDICAL SUPPLIES,892,892,"September 20, 2025",adhoc,A;B;C;E;F;I;L;M;N;O;R;S;T;U;V;X;0;1;5;7
06000215,BOWIE AND DICK TEST,,MEDICAL SUPPLIES,52025,52025,"September 20, 2025",adhoc,A;B;C;D;E;I;K;N;O;S;T;W
06000216,BOWL; PLASTIC DISPOSABLE TRANSPARENT,,MEDICAL SUPPLIES,11,11,"September 20, 2025",adhoc,A;B;C;D;E;I;L;N;O;P;R;S;T;W
06000217,BP CUFF,,MEDICAL SUPPLIES,692,5425,"September 20, 2025",adhoc,B;C;F;P;U
06000218,BP MONITORING; SQUARELOCK AMBULATORY BPRO,,MEDICAL SUPPLIES,471,471,"September 20, 2025",adhoc,A;B;C;E;G;I;K;L;M;N;O;P;Q;R;S;T;U;Y
06000624,BRACE; ELBOW SILISTAB EPI SIZE 1-6 THUASNE,,MEDICAL SUPPLIES,3120,3120,"September 20, 2025",adhoc,A;B;C;E;H;I;L;N;O;P;R;S;T;U;W;Z;1;6
06000625,BRACE; KNIGHT TAYLOR XL,,MEDICAL SUPPLIES,37144,37144,"September 20, 2025",adhoc,A;B;C;E;G;H;I;K;L;N;O;R;T;X;Y
06000626,BRACE; LUMBAR MIAMI J,,MEDICAL SUPPLIES,21504,21504,"September 20, 2025",adhoc,A;B;C;E;I;J;L;M;R;U
06000627,BRACE; RCAI HYPEREXTENSION ORTHOSIS,,MEDICAL SUPPLIES,20925,20925,"September 20, 2025",adhoc,A;B;C;E;H;I;N;O;P;R;S;T;X;Y
06000220,BREAST NIPPLE SHIELD - PIGEON,,MEDICAL SUPPLIES,902,902,"September 20, 2025",adhoc,A;B;D;E;G;H;I;L;N;O;P;R;S;T
06000221,BREAST PUMP; MANUAL GLASS LACTATION,,MEDICAL SUPPLIES,854,854,"September 20, 2025",adhoc,A;B;C;E;G;I;L;M;N;O;P;R;S;T;U
06000222,BREATHING CIRCUIT WITH HEATED WIRE,,MEDICAL SUPPLIES,3840,3840,"September 20, 2025",adhoc,A;B;C;D;E;G;H;I;N;R;T;U;W
06000628,BREATHING SET; ADULT / INFANT HAMILTON,,MEDICAL SUPPLIES,12282,12292,"September 20, 2025",adhoc,A;B;D;E;F;G;H;I;L;M;N;O;R;S;T;U
06000223,BRUSH; 2 HEADER CHANNEL & CTRL HEADER US,,MEDICAL SUPPLIES,560,560,"September 20, 2025",adhoc,A;B;C;D;E;H;L;N;R;S;T;U;2
06000224,BRUSH; CLEANING,,MEDICAL SUPPLIES,660,1464,"September 20, 2025",adhoc,A;B;C;E;G;H;I;L;N;R;S;U
06000225,BRUSH; CYTOLOGY,,MEDICAL SUPPLIES,3884,5616,"September 20, 2025",adhoc,B;C;G;H;L;O;R;S;T;U;Y
06000226,BRUSH; DISPOSABLE,,MEDICAL SUPPLIES,66,42212,"September 20, 2025",adhoc,A;B;D;E;H;I;L;O;P;R;S;U
06000629,BRUSH; FLEXIBLE,,MEDICAL SUPPLIES,7871,7871,"September 20, 2025",adhoc,B;E;F;H;I;L;R;S;U;X
06000630,BRUSH; G-FLEX 3-4MM 610-50SP LTA,,MEDICAL SUPPLIES,14309,14309,"September 20, 2025",adhoc,A;B;E;F;G;H;L;M;P;R;S;T;U;X;0;1;3;4;5;6
06000227,BRUSH; INSTRUMENT BRASS NYLON,,MEDICAL SUPPLIES,343,343,"September 20, 2025",adhoc,A;B;E;H;I;L;M;N;O;R;S;T;U;Y
06000228,BRUSH; NATIONAL SCRUB 0-GE NTLSSH,,MEDICAL SUPPLIES,315,315,"September 20, 2025",adhoc,A;B;C;E;G;H;I;L;N;O;R;S;T;U;0
06000631,BRUSH; PRECISION SHORT FIBER,,MEDICAL SUPPLIES,6082,15562,"September 20, 2025",adhoc,B;C;E;F;H;I;N;O;P;R;S;T;U
06000229,BRUSH; PROPHY BRUSH,,MEDICAL SUPPLIES,1773,1773,"September 20, 2025",adhoc,B;H;O;P;R;S;U;Y
06000632,BRUSH; RASP LONG FIBER 550 LTA,,MEDICAL SUPPLIES,10911,10911,"September 20, 2025",adhoc,A;B;E;F;G;H;I;L;N;O;P;R;S;T;U;0;5
06000633,BRUSH; RX CYTOLOGY W.GUIDE F8 2.1MM BOST,,MEDICAL SUPPLIES,15696,15696,"September 20, 2025",adhoc,B;C;D;E;F;G;H;I;L;M;O;R;S;T;U;W;X;Y;1;2;8
06000230,BRUSH; SCRUB,,MEDICAL SUPPLIES,74,158,"September 20, 2025",adhoc,B;C;H;R;S;U
06000634,BRUSH; SHAVER 565 LTA,,MEDICAL SUPPLIES,9481,9481,"September 20, 2025",adhoc,A;B;E;H;L;R;S;T;U;V;5;6
06000231,BULB; LARYNGOSCOPE FIBER OPTIC,,MEDICAL SUPPLIES,1616,2180,"September 20, 2025",adhoc,A;B;C;E;F;G;I;L;N;O;P;R;S;T;U;Y
06000232,BUNNY SUIT; ANTI-STATIC 5MM SM-3XL WHITE,,MEDICAL SUPPLIES,2407,2407,"September 20, 2025",adhoc,A;B;C;E;H;I;L;M;N;S;T;U;W;X;Y;3;5
06000233,BURR; CRANIAL STRAIGHT 15MM 1100384-001,,MEDICAL SUPPLIES,18338,18338,"September 20, 2025",adhoc,A;B;C;G;H;I;L;M;N;R;S;T;U;0;1;3;4;5;8
06000234,BURR; DIAMOND,,MEDICAL SUPPLIES,16779,18338,"September 20, 2025",adhoc,A;B;D;I;M;N;O;R;U
06000235,BURR; DISSECTIVE TOLL 9MM MEDTRONIC,,MEDICAL SUPPLIES,16190,16190,"September 20, 2025",adhoc,B;C;D;E;I;L;M;N;O;R;S;T;U;V;9
06000236,BURR; GUARDED OVAL D4MM WL 350MM,,MEDICAL SUPPLIES,94459,94459,"September 20, 2025",adhoc,A;B;D;E;G;L;M;O;R;U;V;W;0;3;4;5
06000237,BURR; HI-LINE,,MEDICAL SUPPLIES,18565,24000,"September 20, 2025",adhoc,B;E;H;I;L;N;R;U
06000238,BURR; OFF CENTER OVAL 5.5MM WL 290MM VIO,,MEDICAL SUPPLIES,135688,135688,"September 20, 2025",adhoc,A;B;C;E;F;I;L;M;N;O;R;T;U;V;W;0;2;5;9
06000239,BURR; OVAL,,MEDICAL SUPPLIES,99105,135688,"September 20, 2025",adhoc,A;B;L;O;R;U;V
06000240,BURR; ROUND,,MEDICAL SUPPLIES,13713,135688,"September 20, 2025",adhoc,B;D;N;O;R;U
06000241,BURR; UNHOODED,,MEDICAL SUPPLIES,94459,95768,"September 20, 2025",adhoc,B;D;E;H;N;O;R;U
06000242,BURR;D.ROUND 5.5MM WL 290MM L. TURQUOISE,,MEDICAL SUPPLIES,144464,144464,"September 20, 2025",adhoc,B;D;E;I;L;M;N;O;Q;R;S;T;U;W;0;2;5;9
06000944,BURRHOLE SHUNT; H.PRESSURE 16MM MEDTRON.,,MEDICAL SUPPLIES,29946,29946,"October 15, 2025",adhoc,B;D;E;H;L;M;N;O;P;R;S;T;U;1;6
06000243,BURRS; CUTTING,,MEDICAL SUPPLIES,4423,5635,"September 20, 2025",adhoc,B;C;G;I;N;R;S;T;U
06000244,BURRS; DIAMOND DUST POLISHING,,MEDICAL SUPPLIES,5013,10049,"September 20, 2025",adhoc,A;B;D;G;H;I;L;M;N;O;P;R;S;T;U
06000245,BURRS; LINDEMANN CUTTING,,MEDICAL SUPPLIES,3604,8879,"September 20, 2025",adhoc,A;B;C;D;E;G;I;L;M;N;R;S;T;U
06000246,BURRS; POLISHINGS,,MEDICAL SUPPLIES,1623,3811,"September 20, 2025",adhoc,B;G;H;I;L;N;O;P;R;S;U
06000247,BURRS; ROSEN,,MEDICAL SUPPLIES,1325,3404,"September 20, 2025",adhoc,B;E;N;O;R;S;U
06000248,BURRS; TUNGSTEN CARBIDE,,MEDICAL SUPPLIES,2533,9842,"September 20, 2025",adhoc,A;B;C;D;E;G;I;N;R;S;T;U
06000249,BURS; DIAMONDROUND (INVERTED STRAIGHT),,MEDICAL SUPPLIES,86,86,"September 20, 2025",adhoc,A;B;D;E;G;H;I;M;N;O;R;S;T;U;V
06000250,BURS; DIASWISS,,MEDICAL SUPPLIES,412,412,"September 20, 2025",adhoc,A;B;D;I;R;S;U;W
06000251,C3F8 ACCESSORIES; FILTRATION & INJECTION,,MEDICAL SUPPLIES,824,824,"September 20, 2025",adhoc,A;C;E;F;I;J;L;N;O;R;S;T;3;8
06000252,CABLE,,MEDICAL SUPPLIES,15995,166301,"October 17, 2025",adhoc,A;B;C;E;L
06000254,CADD ADMINISTRATION SET,,MEDICAL SUPPLIES,1412,1412,"September 20, 2025",adhoc,A;C;D;E;I;M;N;O;R;S;T
06000255,CAL; CRP,,MEDICAL SUPPLIES,15682,56760,"September 20, 2025",adhoc,A;C;L;P;R
06000256,CAL; ETHANOL,,MEDICAL SUPPLIES,15682,15682,"September 20, 2025",adhoc,A;C;E;H;L;N;O;T
06000257,CAL; MC PROTEIN SPECIFIC ARCHITECT,,MEDICAL SUPPLIES,24564,24564,"September 20, 2025",adhoc,A;C;E;F;H;I;L;M;N;O;P;R;S;T
06000258,CAL; VITAMIN,,MEDICAL SUPPLIES,15134,32560,"September 20, 2025",adhoc,A;C;I;L;M;N;T;V
06000635,CALIBRATION GAS; SMALL TANK CPET COSMED,,MEDICAL SUPPLIES,108500,108500,"September 20, 2025",adhoc,A;B;C;D;E;G;I;K;L;M;N;O;P;R;S;T
06000259,CALMED,,MEDICAL SUPPLIES,1987,3784,"September 20, 2025",adhoc,A;C;D;E;L;M
06000260,CANE; QUADCANE,,MEDICAL SUPPLIES,902,2708,"September 20, 2025",adhoc,A;C;D;E;N;Q;U
06000261,CANE; SINGLE TIP FOLDABLE,,MEDICAL SUPPLIES,1121,1121,"September 20, 2025",adhoc,A;B;C;D;E;F;G;I;L;N;O;P;S;T
06000262,CANNISTER; DISP. CANNISTER 600ML,,MEDICAL SUPPLIES,5268,5268,"September 20, 2025",adhoc,A;C;D;E;I;L;M;N;P;R;S;T;0;6
06000263,CANNULA,,MEDICAL SUPPLIES,245,100355,"September 20, 2025",adhoc,A;C;L;N;U
06000636,CANNULA; AORTIC VENOUS,,MEDICAL SUPPLIES,12862,12862,"September 20, 2025",adhoc,A;C;E;I;L;N;O;R;S;T;U;V
06000637,CANNULA; ARTERIAL HLS PAL,,MEDICAL SUPPLIES,80213,80213,"September 20, 2025",adhoc,A;C;E;H;I;L;N;P;R;S;T;U
06000638,CANNULA; ASYMMETRIC NASAL HIGH FLOW,,MEDICAL SUPPLIES,6480,6480,"October 15, 2025",adhoc,A;C;E;F;G;H;I;L;M;N;O;R;S;T;U;W;Y
06000639,CANNULA; BELUCCI 2x80 PROX BEND,,MEDICAL SUPPLIES,22271,22271,"September 20, 2025",adhoc,A;B;C;D;E;I;L;N;O;P;R;U;X;0;2;8
06000640,CANNULA; BIMANUAL ASPIRATION,,MEDICAL SUPPLIES,1127,1188,"September 20, 2025",adhoc,A;B;C;I;L;M;N;O;P;R;S;T;U
06000641,CANNULA; CAPNOLINE ADULT H.MICRO M4680A,,MEDICAL SUPPLIES,2492,2492,"September 20, 2025",adhoc,A;C;D;E;H;I;L;M;N;O;P;R;T;U;0;4;6;8
06000642,CANNULA; CLEAR SMOOTH DISTAL RIB 7X75MM,,MEDICAL SUPPLIES,3530,3530,"September 20, 2025",adhoc,A;B;C;D;E;H;I;L;M;N;O;R;S;T;U;X;5;7
06000643,CANNULA; CLEAR TRAC,,MEDICAL SUPPLIES,5616,6431,"September 20, 2025",adhoc,A;C;E;L;N;R;T;U
06000644,CANNULA; CONTOUR STD.,,MEDICAL SUPPLIES,11989,11989,"September 20, 2025",adhoc,A;C;D;L;N;O;R;S;T;U
06000645,CANNULA; CRYSTAL 5.75MM,,MEDICAL SUPPLIES,2692,2692,"September 20, 2025",adhoc,A;C;L;M;N;R;S;T;U;Y;5;7
06000646,CANNULA; DLP AORTIC ROOT / S.STAGE / VESSEL BLUNT,,MEDICAL SUPPLIES,1373,8719,"September 20, 2025",adhoc,A;B;C;D;E;G;I;L;N;O;P;R;S;T;U;V
06000647,CANNULA; ENDOMETRIAL BIOPSY PIPPETTE IV,,MEDICAL SUPPLIES,685,685,"September 20, 2025",adhoc,A;B;C;D;E;I;L;M;N;O;P;R;S;T;U;V;Y
06000648,CANNULA; EOPA ARTERIAL FR.22 REF77822,,MEDICAL SUPPLIES,19806,19806,"September 20, 2025",adhoc,A;C;E;F;I;L;N;O;P;R;T;U;2;7;8
06000649,CANNULA; FEMORAL ARTERIAL / VENOUS,,MEDICAL SUPPLIES,31670,63938,"September 20, 2025",adhoc,A;C;E;F;I;L;M;N;O;R;S;T;U;V
06000650,CANNULA; HYDRODISSECTOR,,MEDICAL SUPPLIES,271,411,"September 20, 2025",adhoc,A;C;D;E;H;I;L;N;O;R;S;T;U;Y
06000651,CANNULA; IPAS MVA,,MEDICAL SUPPLIES,242,325,"September 20, 2025",adhoc,A;C;I;L;M;N;P;S;U;V
06000652,CANNULA; LACHRYMAL G26 X 1 1/4,,MEDICAL SUPPLIES,226,226,"September 20, 2025",adhoc,A;C;G;H;L;M;N;R;U;X;Y;1;2;4;6
06000653,CANNULA; LASIK IRRIGATION G.25X 1 1/8,,MEDICAL SUPPLIES,721,721,"September 20, 2025",adhoc,A;C;G;I;K;L;N;O;R;S;T;U;X;1;2;5;8
06000654,CANNULA; NASAL,,MEDICAL SUPPLIES,93,10685,"September 20, 2025",adhoc,A;C;L;N;S;U
06000655,CANNULA; NEOSMART,,MEDICAL SUPPLIES,1288,1288,"September 20, 2025",adhoc,A;C;E;L;M;N;O;R;S;T;U
06000656,CANNULA; OSTIAL FR. 4,,MEDICAL SUPPLIES,5425,5425,"September 20, 2025",adhoc,A;C;F;I;L;N;O;R;S;T;U;4
06000657,CANNULA; OXYGEN NASAL,,MEDICAL SUPPLIES,57,1174,"September 20, 2025",adhoc,A;C;E;G;L;N;O;S;U;X;Y
06000013,CANNULA; OXYGEN NASAL ADULT,,MEDICAL SUPPLIES,57,159,"July 30, 2026",adhoc,A;C;D;E;G;L;N;O;S;T;U;X;Y
06000658,CANNULA; PRO-FLOW NASAL ADULT,,MEDICAL SUPPLIES,1115,1115,"September 20, 2025",adhoc,A;C;D;F;L;N;O;P;R;S;T;U;W
06000659,CANNULA; RAM,,MEDICAL SUPPLIES,2863,2873,"September 20, 2025",adhoc,A;C;L;M;N;R;U
06000660,CANNULA; RETROGRADE FR15 94535 GLOBO,,MEDICAL SUPPLIES,7760,7760,"September 20, 2025",adhoc,A;B;C;D;E;F;G;L;N;O;R;T;U;1;3;4;5;9
06000661,CANNULA; SMOOTH CRYSTAL 5.75MM,,MEDICAL SUPPLIES,3996,3996,"September 20, 2025",adhoc,A;C;H;L;M;N;O;R;S;T;U;Y;5;7
06000662,CANNULA; SONO NANOLINE,,MEDICAL SUPPLIES,4172,5929,"September 20, 2025",adhoc,A;C;E;I;L;N;O;S;U
06000663,CANNULA; SPEECH CANNULA,,MEDICAL SUPPLIES,12862,12862,"September 20, 2025",adhoc,A;C;E;H;L;N;P;S;U
06000664,CANNULA; STIM,,MEDICAL SUPPLIES,2007,2267,"September 20, 2025",adhoc,A;C;I;L;M;N;S;T;U
06000665,CANNULA; STR VENOUS FR 16 66116,,MEDICAL SUPPLIES,4643,4643,"September 20, 2025",adhoc,A;C;E;F;L;N;O;R;S;T;U;V;1;6
06000666,CANNULA; TWIST-IN W/ VALVE 8.25MM,,MEDICAL SUPPLIES,2692,2692,"September 20, 2025",adhoc,A;C;E;I;L;M;N;S;T;U;V;W;2;5;8
06000667,CANNULA; VENOUS HLS PVL 2555 FR25 MAQUET,,MEDICAL SUPPLIES,110515,110515,"September 20, 2025",adhoc,A;C;E;F;H;L;M;N;O;P;Q;R;S;T;U;V;2;5
06000668,CANNULA; VISCO-ELASTIC 27GX7/8,,MEDICAL SUPPLIES,293,293,"September 20, 2025",adhoc,A;C;E;G;I;L;N;O;S;T;U;V;X;2;7;8
06000669,CANNULA; WITHDRAWAL SPIKE CODAN,,MEDICAL SUPPLIES,269,269,"September 20, 2025",adhoc,A;C;D;E;H;I;K;L;N;O;P;R;S;T;U;W
06000264,CANNULAE; AORTIC FLEX,,MEDICAL SUPPLIES,4172,4172,"September 20, 2025",adhoc,A;C;E;F;I;L;N;O;R;T;U;X
06000670,CANNULAE; ARTERIAL 3D FR24 REF78424,,MEDICAL SUPPLIES,11698,11698,"September 20, 2025",adhoc,A;C;D;E;F;I;L;N;R;T;U;2;3;4;7;8
06000265,CANNULAE; ARTERIAL DLP,,MEDICAL SUPPLIES,10983,12400,"September 20, 2025",adhoc,A;C;D;E;I;L;N;P;R;T;U
06000266,CANNULAE; DLP,,MEDICAL SUPPLIES,2076,11688,"September 20, 2025",adhoc,A;C;D;E;L;N;P;U
06000267,CANNULAE; HLS,,MEDICAL SUPPLIES,47335,110525,"September 20, 2025",adhoc,A;C;E;H;L;N;S;U
06000268,CANNULAE; MC2 VENOUS,,MEDICAL SUPPLIES,5600,5600,"September 20, 2025",adhoc,A;C;E;L;M;N;O;S;U;V;2
06000269,CANNULAE; STR VENOUS,,MEDICAL SUPPLIES,4643,4643,"September 20, 2025",adhoc,A;C;E;L;N;O;R;S;T;U;V
06000270,CANNULAE; VENOUS,,MEDICAL SUPPLIES,5505,11259,"September 20, 2025",adhoc,A;C;E;L;N;O;S;U;V
06000271,CAP; BOUFFANT,,MEDICAL SUPPLIES,3,62,"September 20, 2025",adhoc,A;B;C;F;N;O;P;T;U
06000671,CAP; DISC DISCINFECTION ANDY,,MEDICAL SUPPLIES,45,45,"September 20, 2025",adhoc,A;C;D;E;F;I;N;O;P;S;T;Y
06000273,CAP; DISINFECTING CUROS,,MEDICAL SUPPLIES,44,294,"September 20, 2025",adhoc,A;C;D;E;F;G;I;N;O;P;R;S;T;U
06000672,CAP; NON-WOVEN,,MEDICAL SUPPLIES,6,7,"September 20, 2025",adhoc,A;C;E;N;O;P;V;W
06000274,CAP; PATIENT CLEANSING SHOWER - TADIMLI,,MEDICAL SUPPLIES,257,257,"September 20, 2025",adhoc,A;C;D;E;G;H;I;L;M;N;O;P;R;S;T;W
06000673,CAP; UM2 ACET CAP LINER (DELTA CERAMIC),,MEDICAL SUPPLIES,96612,96612,"September 20, 2025",adhoc,A;C;D;E;I;L;M;N;P;R;T;U;2
06000275,CAPILLARY TUBES 200 UL 4 X 250 PCS,,MEDICAL SUPPLIES,16,16,"September 20, 2025",adhoc,A;B;C;E;I;L;P;R;S;T;U;X;Y;0;2;4;5
06000276,CAPSUGEN NEO REVIVE SERUM,,MEDICAL SUPPLIES,2318,2318,"September 20, 2025",adhoc,A;C;E;G;I;M;N;O;P;R;S;U;V
06000277,CARD; DATA GEN-ACCESSORIES,,MEDICAL SUPPLIES,14318,14318,"September 20, 2025",adhoc,A;C;D;E;G;I;N;O;R;S;T
06000278,CARDIOBLATE BP2; PEN SURG ABLATION,,MEDICAL SUPPLIES,172655,172655,"September 20, 2025",adhoc,A;B;C;D;E;G;I;L;N;O;P;R;S;T;U;2
06000279,CAROTID PATCH; 2CMX9CM LEMAITRE,,MEDICAL SUPPLIES,36470,36470,"September 20, 2025",adhoc,A;C;D;E;H;I;L;M;O;P;R;T;X;2;9
06000280,CAROTID SHUNT; 8F PRUITT W/ T PORT 31CM,,MEDICAL SUPPLIES,37250,37250,"September 20, 2025",adhoc,A;C;D;F;H;I;M;N;O;P;R;S;T;U;W;1;3;8
06000674,CARTDRIGE,,MEDICAL SUPPLIES,968,123003,"October 17, 2025",adhoc,A;C;D;E;G;I;R;T
06000289,CASSETTE,,MEDICAL SUPPLIES,1435,7684,"September 20, 2025",adhoc,A;C;E;S;T
06000290,CAST; FIBER GLASS,,MEDICAL SUPPLIES,476,1055,"October 17, 2025",adhoc,A;B;C;E;F;G;I;L;R;S;T
06000286,CAST; HYBRID MESH CAST,,MEDICAL SUPPLIES,1577,1994,"October 17, 2025",adhoc,A;B;C;D;E;H;I;M;R;S;T;Y
06000287,CAST; PADDING STERILE / UNSTERILE,,MEDICAL SUPPLIES,83,251,"October 17, 2025",adhoc,A;C;D;E;G;I;L;N;P;R;S;T;U
06000288,CAST; PLASTER OF PARIS,,MEDICAL SUPPLIES,152,635,"October 17, 2025",adhoc,A;C;E;F;I;L;O;P;R;S;T
06000677,CATH;CSF-VENT STD BAR IMP (41101),,MEDICAL SUPPLIES,8200,8200,"September 20, 2025",adhoc,A;B;C;D;E;F;H;I;M;N;P;R;S;T;V;0;1;4
06000291,CATHERER; EMBO FOGARTY FR6 CAT#120806F,,MEDICAL SUPPLIES,10860,10860,"September 20, 2025",adhoc,A;B;C;E;F;G;H;M;O;R;T;Y;0;1;2;6;8
06000292,CATHETER DRAIN APDL,,MEDICAL SUPPLIES,9994,12862,"September 20, 2025",adhoc,A;C;D;E;H;I;L;N;P;R;T
06000293,CATHETER GUIDE,,MEDICAL SUPPLIES,7377,97650,"September 20, 2025",adhoc,A;C;D;E;G;H;I;R;T;U
06000678,CATHETER MOUNT; SUPERSET SWIVEL F22 INT.,,MEDICAL SUPPLIES,553,553,"September 20, 2025",adhoc,A;C;E;F;H;I;L;M;N;O;P;R;S;T;U;V;W;2
06000294,CATHETER RENAL VESSIX -BOSTON,,MEDICAL SUPPLIES,408962,408962,"September 20, 2025",adhoc,A;B;C;E;H;I;L;N;O;R;S;T;V;X
06000295,CATHETER RF VESSIX GEN SYSTEM -BOSTON,,MEDICAL SUPPLIES,1399225,1399225,"September 20, 2025",adhoc,A;B;C;E;F;G;H;I;M;N;O;R;S;T;V;X;Y
06000296,CATHETER STRAP,,MEDICAL SUPPLIES,462,708,"September 20, 2025",adhoc,A;C;E;H;P;R;S;T
06000297,CATHETER; 2 LUMEN,,MEDICAL SUPPLIES,4799,19308,"September 20, 2025",adhoc,A;C;E;H;L;M;N;R;T;U;2
06000298,CATHETER; 3 LUMEN,,MEDICAL SUPPLIES,6755,8809,"September 20, 2025",adhoc,A;C;E;H;L;M;N;R;T;U;3
06000299,CATHETER; ABLATION,,MEDICAL SUPPLIES,83200,94330,"September 20, 2025",adhoc,A;B;C;E;H;I;L;N;O;R;T
06000300,CATHETER; ANGIO,,MEDICAL SUPPLIES,4000,4000,"September 20, 2025",adhoc,A;C;E;G;H;I;N;O;R;T
06000301,CATHETER; ANGIODYN,,MEDICAL SUPPLIES,2343,2343,"September 20, 2025",adhoc,A;C;D;E;G;H;I;N;O;R;T;Y
06000302,CATHETER; ANGIOGRAPHIC,,MEDICAL SUPPLIES,1706,3993,"September 20, 2025",adhoc,A;C;E;G;H;I;N;O;P;R;T
06000303,CATHETER; ANGLED TAPER FR5 TERUMO,,MEDICAL SUPPLIES,3993,3993,"September 20, 2025",adhoc,A;C;D;E;F;G;H;L;M;N;O;P;R;T;U;5
06000304,CATHETER; ANORECTAL MANOMETRY,,MEDICAL SUPPLIES,1616,78665,"September 20, 2025",adhoc,A;C;E;H;L;M;N;O;R;T;Y
06000305,CATHETER; ARROW,,MEDICAL SUPPLIES,4800,18346,"September 20, 2025",adhoc,A;C;E;H;O;R;T;W
06000306,CATHETER; ARTERIAL,,MEDICAL SUPPLIES,2318,4800,"October 17, 2025",adhoc,A;C;E;H;I;L;R;T
06000307,CATHETER; ASPIRATION,,MEDICAL SUPPLIES,55158,72000,"October 17, 2025",adhoc,A;C;E;H;I;N;O;P;R;S;T
06000309,CATHETER; AVALON ELITE 31F 31CM MAQUET,,MEDICAL SUPPLIES,274478,274478,"September 20, 2025",adhoc,A;C;E;F;H;I;L;M;N;O;Q;R;T;U;V;1;3
06000310,CATHETER; BALLOON ADMIRAL XTREAM PTA,,MEDICAL SUPPLIES,17875,17875,"September 20, 2025",adhoc,A;B;C;D;E;H;I;L;M;N;O;P;R;T;X
06000311,CATHETER; BEACON TIP TORCON,,MEDICAL SUPPLIES,3848,4564,"September 20, 2025",adhoc,A;B;C;E;H;I;N;O;P;R;T
06000312,CATHETER; BILIARY,,MEDICAL SUPPLIES,6881,16900,"September 20, 2025",adhoc,A;B;C;E;H;I;L;R;T;Y
06000313,CATHETER; BLOOD COL SET W/ ADAPTER G.25x3/4 VACUETTE,,MEDICAL SUPPLIES,99,99,"September 20, 2025",adhoc,A;B;C;D;E;G;H;L;O;P;R;S;T;U;V;W;X;2;3;4;5
06000679,CATHETER; BRONCHO LEFT MEDTRONIC,,MEDICAL SUPPLIES,11190,14542,"September 20, 2025",adhoc,A;B;C;D;E;F;H;I;L;M;N;O;R;T
06000314,CATHETER; CATHY CLOSED SUCTION,,MEDICAL SUPPLIES,4577,4577,"September 20, 2025",adhoc,A;C;D;E;H;I;L;N;O;R;S;T;U;Y
06000315,CATHETER; CAVAFIX CERTO 275; LENGTH 70CM,,MEDICAL SUPPLIES,1069,1069,"September 20, 2025",adhoc,A;C;E;F;G;H;I;L;M;N;O;R;T;V;X;0;2;5;7
06000316,CATHETER; CENTRAL,,MEDICAL SUPPLIES,2576,8489,"October 17, 2025",adhoc,A;C;E;H;L;N;R;T
06000318,CATHETER; CERTO MONO-PAED G.22 B.BRAUN,,MEDICAL SUPPLIES,5616,5616,"September 20, 2025",adhoc,A;B;C;D;E;G;H;M;N;O;P;R;T;U;2
06000319,CATHETER; CLOSED SUCTION,,MEDICAL SUPPLIES,1123,5273,"September 20, 2025",adhoc,A;C;D;E;H;I;L;N;O;R;S;T;U
06000320,CATHETER; CONDOM LATEX FREE RUBBER,,MEDICAL SUPPLIES,94,94,"September 20, 2025",adhoc,A;B;C;D;E;F;H;L;M;N;O;R;T;U;X
06000321,CATHETER; COOL TIP ELECTRODE KIT 15X3CM,,MEDICAL SUPPLIES,63784,63784,"September 20, 2025",adhoc,A;C;D;E;H;I;K;L;M;O;P;R;T;X;1;3;5
06000322,CATHETER; CRV / CVC / CVD,,MEDICAL SUPPLIES,5258,10640,"September 20, 2025",adhoc,A;C;D;E;H;R;T;V
06000680,CATHETER; DIAG,,MEDICAL SUPPLIES,1457,12016,"September 20, 2025",adhoc,A;C;D;E;G;H;I;R;T
06000323,CATHETER; DIAGNOSTIC,,MEDICAL SUPPLIES,1457,9944,"September 20, 2025",adhoc,A;C;D;E;G;H;I;N;O;R;S;T
06000324,CATHETER; DOUBLE LUMEN CYSTOMETRY FR6,,MEDICAL SUPPLIES,2992,2992,"September 20, 2025",adhoc,A;B;C;D;E;F;H;L;M;N;O;R;S;T;U;Y;6
06000325,CATHETER; DUAL LUMEN FR4 8CM PEDIA S408,,MEDICAL SUPPLIES,7058,7058,"September 20, 2025",adhoc,A;C;D;E;F;H;I;L;M;N;P;R;S;T;U;0;4;8
06000326,CATHETER; EMBO FOGARTY,,MEDICAL SUPPLIES,10860,10860,"September 20, 2025",adhoc,A;B;C;E;F;G;H;M;O;R;T;Y
06000327,CATHETER; EMBOLECTOMY PEROUSE,,MEDICAL SUPPLIES,4643,5391,"September 20, 2025",adhoc,A;B;C;E;H;L;M;O;P;R;S;T;U;Y
06000328,CATHETER; ENDOBRONCHEAL LEFT,,MEDICAL SUPPLIES,10513,13426,"September 20, 2025",adhoc,A;B;C;D;E;F;H;L;N;O;R;T
06000329,CATHETER; EPIDURAL,,MEDICAL SUPPLIES,618,1909,"September 20, 2025",adhoc,A;C;D;E;H;I;L;P;R;T;U
06000330,CATHETER; EPS WEBSTER 6F,,MEDICAL SUPPLIES,31670,31670,"September 20, 2025",adhoc,A;B;C;E;F;H;P;R;S;T;W;6
06000331,CATHETER; EXTENSION LUER LOCK 32CM,,MEDICAL SUPPLIES,3233,3233,"September 20, 2025",adhoc,A;C;E;H;I;K;L;M;N;O;R;S;T;U;X;2;3
06000332,CATHETER; FALLOPIAN TUBE SET COOK,,MEDICAL SUPPLIES,31339,31339,"September 20, 2025",adhoc,A;B;C;E;F;H;I;K;L;N;O;P;R;S;T;U
06000333,CATHETER; FEMORAL ARTERIAL KIT UM04018,,MEDICAL SUPPLIES,5312,5312,"September 20, 2025",adhoc,A;C;E;F;H;I;K;L;M;O;R;T;U;0;1;4;8
06000334,CATHETER; FLOW-DIRECTED BALOON,,MEDICAL SUPPLIES,15213,15213,"September 20, 2025",adhoc,A;B;C;D;E;F;H;I;L;N;O;R;T;W
06000335,CATHETER; FLOWGATE BALLOON FR8 85CM,,MEDICAL SUPPLIES,125679,125679,"September 20, 2025",adhoc,A;B;C;E;F;G;H;L;M;N;O;R;T;W;5;8
06000336,CATHETER; FOLEY 2-WAY,,MEDICAL SUPPLIES,76,1042,"September 20, 2025",adhoc,A;C;E;F;H;L;O;R;T;W;Y;2
06000337,CATHETER; FOLEY 3-WAY,,MEDICAL SUPPLIES,173,645,"September 20, 2025",adhoc,A;C;E;F;H;L;O;R;T;W;Y;3
06000681,CATHETER; FR. 15.5X24CM PERMCATH TITAN,,MEDICAL SUPPLIES,18400,18400,"September 20, 2025",adhoc,A;C;E;F;H;I;M;N;P;R;T;X;1;2;4;5
06000339,CATHETER; GASTROSTOMY BALLOON FR24 CLINY,,MEDICAL SUPPLIES,8534,8534,"September 20, 2025",adhoc,A;B;C;E;F;G;H;I;L;M;N;O;R;S;T;Y;2;4
06000340,CATHETER; GUIDE,,MEDICAL SUPPLIES,5412,52166,"September 20, 2025",adhoc,A;C;D;E;G;H;I;R;T;U
06000341,CATHETER; GUIDING SERPIA,,MEDICAL SUPPLIES,16686,16686,"September 20, 2025",adhoc,A;C;D;E;G;H;I;N;P;R;S;T;U
06000342,CATHETER; H1 FR4 CORDIS,,MEDICAL SUPPLIES,1742,1742,"September 20, 2025",adhoc,A;C;D;E;F;H;I;O;R;S;T;1;4
06000343,CATHETER; HAEMOCATH FR.12X7 7029653,,MEDICAL SUPPLIES,9305,9305,"September 20, 2025",adhoc,A;C;E;F;H;M;O;R;T;X;0;1;2;3;5;6;7;9
06000344,CATHETER; HEART VENT FR13 REF12113,,MEDICAL SUPPLIES,3091,3091,"September 20, 2025",adhoc,A;C;E;F;H;N;R;T;V;1;2;3
06000345,CATHETER; HEMO,,MEDICAL SUPPLIES,9663,32894,"September 20, 2025",adhoc,A;C;E;H;M;O;R;T
06000346,CATHETER; HYERION (ALL SIZES),,MEDICAL SUPPLIES,13646,13646,"September 20, 2025",adhoc,A;C;E;H;I;L;N;O;R;S;T;Y;Z
06000682,CATHETER; IABP,,MEDICAL SUPPLIES,89900,89900,"September 20, 2025",adhoc,A;B;C;E;H;I;P;R;T
06000347,CATHETER; INDIGO,,MEDICAL SUPPLIES,211808,274468,"September 20, 2025",adhoc,A;C;D;E;G;H;I;N;O;R;T
06000348,CATHETER; INTER-V LOCKING PIGTAIL,,MEDICAL SUPPLIES,10244,10244,"January 27, 2022",adhoc,A;C;E;G;H;I;K;L;N;O;P;R;T;V
06000349,CATHETER; INVATEC AMPH,,MEDICAL SUPPLIES,15995,105609,"September 20, 2025",adhoc,A;C;E;H;I;M;N;P;R;T;V
06000350,CATHETER; IV ARTERIAL,,MEDICAL SUPPLIES,87,327,"September 20, 2025",adhoc,A;C;E;H;I;L;R;T;V
06000351,CATHETER; IVUS ATLANTIS SR PRO,,MEDICAL SUPPLIES,67200,67200,"September 20, 2025",adhoc,A;C;E;H;I;L;N;O;P;R;S;T;U;V
06000683,CATHETER; LATEX FOLEY UROSENZ,,MEDICAL SUPPLIES,124,138,"September 20, 2025",adhoc,A;C;E;F;H;L;N;O;R;S;T;U;X;Y;Z
06000352,CATHETER; LAUNCHER GUIDING ALL SIZES,,MEDICAL SUPPLIES,15995,15995,"September 20, 2025",adhoc,A;C;D;E;G;H;I;L;N;R;S;T;U;Z
06000353,CATHETER; LEFT CO.ART JUDKINS,,MEDICAL SUPPLIES,1870,1870,"September 20, 2025",adhoc,A;C;D;E;F;H;I;J;K;L;N;O;R;S;T;U
06000354,CATHETER; LEFT HEART VENT FR16 REF12116,,MEDICAL SUPPLIES,2675,2675,"September 20, 2025",adhoc,A;C;E;F;H;L;N;R;T;V;1;2;6
06000355,CATHETER; MICRO-GUIDE FINECROSS TERUMO,,MEDICAL SUPPLIES,36370,36370,"September 20, 2025",adhoc,A;C;D;E;F;G;H;I;M;N;O;R;S;T;U
06000684,CATHETER; MICROMERIT MAESTRO,,MEDICAL SUPPLIES,30400,30400,"September 20, 2025",adhoc,A;C;E;H;I;M;O;R;S;T
06000685,CATHETER; MOUNT EXPAND. FLEXTUBE CANACK,,MEDICAL SUPPLIES,413,413,"September 20, 2025",adhoc,A;B;C;D;E;F;H;K;L;M;N;O;P;R;T;U;X
06000356,CATHETER; NAVIEN,,MEDICAL SUPPLIES,72399,77500,"September 20, 2025",adhoc,A;C;E;H;I;N;R;T;V
06000357,CATHETER; NC SPRINTER ALL SIZES,,MEDICAL SUPPLIES,31660,31660,"September 20, 2025",adhoc,A;C;E;H;I;L;N;P;R;S;T;Z
06000686,CATHETER; NEOFLON PRO IV G.24-26 BD,,MEDICAL SUPPLIES,248,248,"September 20, 2025",adhoc,A;B;C;D;E;F;G;H;I;L;N;O;P;R;T;V;2;4;6
06000358,CATHETER; NUTRILINE FR.2 6.24 VYGON,,MEDICAL SUPPLIES,18600,18600,"September 20, 2025",adhoc,A;C;E;F;G;H;I;L;N;O;R;T;U;V;Y;2;4;6
06000359,CATHETER; ONE STEP CENTESIS,,MEDICAL SUPPLIES,3040,3171,"September 20, 2025",adhoc,A;C;E;H;I;N;O;P;R;S;T
06000360,CATHETER; ONE STEP DRAINAGE SET F12 X 40,,MEDICAL SUPPLIES,10065,10065,"September 20, 2025",adhoc,A;C;D;E;F;G;H;I;N;O;P;R;S;T;X;0;1;2;4
06000361,CATHETER; OPTEASE IVC FILTER FR.6,,MEDICAL SUPPLIES,119242,119242,"September 20, 2025",adhoc,A;C;E;F;H;I;L;O;P;R;S;T;V;6
06000338,CATHETER; PALINDROME,,MEDICAL SUPPLIES,18216,22850,"September 20, 2025",adhoc,A;C;D;E;H;I;L;M;N;O;P;R;T
06000687,CATHETER; PD,,MEDICAL SUPPLIES,12286,25585,"September 20, 2025",adhoc,A;C;D;E;H;P;R;T
06000688,"CATHETER; PED. JAGULAR G20 5""X12CM ARROW",,MEDICAL SUPPLIES,4650,4650,"October 15, 2025",adhoc,A;C;D;E;G;H;J;L;M;O;P;R;T;U;W;X;0;1;2;5
06000362,CATHETER; PEDIATRIC NIH,,MEDICAL SUPPLIES,1773,1773,"September 20, 2025",adhoc,A;C;D;E;H;I;N;P;R;T
06000363,CATHETER; PERIPHERAL,,MEDICAL SUPPLIES,644,706,"September 20, 2025",adhoc,A;C;E;H;I;L;P;R;T
06000364,CATHETER; PERITONEAL,,MEDICAL SUPPLIES,6236,11532,"September 20, 2025",adhoc,A;C;E;H;I;L;N;O;P;R;T
06000689,CATHETER; PICC CHGD FR.6X55CM 3L ARROW,,MEDICAL SUPPLIES,28269,28269,"September 20, 2025",adhoc,A;C;D;E;F;G;H;I;L;M;O;P;R;T;W;X;3;5;6
06000365,CATHETER; PICC LINE SET FR.5 50CM 2LUMEN,,MEDICAL SUPPLIES,14774,14774,"September 20, 2025",adhoc,A;C;E;F;H;I;L;M;N;P;R;S;T;U;0;2;5
06000366,CATHETER; PICC SET TURBOJECT UPICS5.0 CT,,MEDICAL SUPPLIES,36920,36920,"September 20, 2025",adhoc,A;B;C;E;H;I;J;O;P;R;S;T;U;0;5
06000367,CATHETER; PIGTAIL 8 HOLE PIG 110 5F,,MEDICAL SUPPLIES,1870,1870,"September 20, 2025",adhoc,A;C;E;F;G;H;I;L;O;P;R;T;0;1;5;8
06000368,CATHETER; PREMICATH,,MEDICAL SUPPLIES,9944,17742,"September 20, 2025",adhoc,A;C;E;H;I;M;P;R;T
06000369,CATHETER; PROGREAT,,MEDICAL SUPPLIES,24612,24622,"September 20, 2025",adhoc,A;C;E;G;H;O;P;R;T
06000370,CATHETER; PT DRAINAGE COMPLETE FR12 BIO,,MEDICAL SUPPLIES,18400,18400,"September 20, 2025",adhoc,A;B;C;D;E;F;G;H;I;L;M;N;O;P;R;T;1;2
06000371,CATHETER; PT E SCLERO W/TROCAR FR8 BIO,,MEDICAL SUPPLIES,11296,11296,"September 20, 2025",adhoc,A;B;C;E;F;H;I;L;O;P;R;S;T;W;8
06000372,CATHETER; PTCA GUIDE,,MEDICAL SUPPLIES,11296,17229,"September 20, 2025",adhoc,A;C;D;E;G;H;I;P;R;T;U
06000373,CATHETER; PUNCTURE SET FR10.5 RC-401050,,MEDICAL SUPPLIES,9350,9350,"September 20, 2025",adhoc,A;C;E;F;H;N;P;R;S;T;U;0;1;4;5
06000374,CATHETER; RADIAL ARTERY G20 4.5CM,,MEDICAL SUPPLIES,1864,1864,"September 20, 2025",adhoc,A;C;D;E;G;H;I;L;M;R;T;Y;0;2;4;5
06000375,CATHETER; RADIAL CORONARY,,MEDICAL SUPPLIES,1870,1880,"September 20, 2025",adhoc,A;C;D;E;H;I;L;N;O;R;T;Y
06000376,CATHETER; RADIFOCUS SIMMONS 1 5FR 100CM,,MEDICAL SUPPLIES,1862,1862,"September 20, 2025",adhoc,A;C;D;E;F;H;I;M;N;O;R;S;T;U;0;1;5
06000690,CATHETER; RECTAL PVC BALLN W INTRO & EXT,,MEDICAL SUPPLIES,2080,2080,"September 20, 2025",adhoc,A;B;C;E;H;I;L;N;O;P;R;T;V;W;X
06000691,CATHETER; REDIGUARD IAB FR8 40CC ARROW,,MEDICAL SUPPLIES,89900,89900,"September 20, 2025",adhoc,A;B;C;D;E;F;G;H;I;O;R;T;U;W;0;4;8
06000692,CATHETER; RETRO. CARDIOPLEGIA FR.14X27CM,,MEDICAL SUPPLIES,22485,22485,"September 20, 2025",adhoc,A;C;D;E;F;G;H;I;L;M;O;P;R;T;X;1;2;4;7
06000377,CATHETER; RFOCUS G.CATH FR5 100CM HH1,,MEDICAL SUPPLIES,4069,4069,"September 20, 2025",adhoc,A;C;E;F;G;H;M;O;R;S;T;U;0;1;5
06000378,CATHETER; SERPIA AR2 6F,,MEDICAL SUPPLIES,16686,16686,"September 20, 2025",adhoc,A;C;E;F;H;I;P;R;S;T;2;6
06000379,CATHETER; SIMMONS 1 5FR 100 CM TEMPO,,MEDICAL SUPPLIES,3079,3079,"September 20, 2025",adhoc,A;C;E;F;H;I;M;N;O;P;R;S;T;0;1;5
06000380,CATHETER; SIMMONS/SIDEWINDER,,MEDICAL SUPPLIES,3993,3993,"September 20, 2025",adhoc,A;C;D;E;H;I;M;N;O;R;S;T;W
06000693,CATHETER; SKATER CENTESIS / PIGTAIL,,MEDICAL SUPPLIES,4260,10065,"September 20, 2025",adhoc,A;C;E;G;H;I;K;L;N;P;R;S;T
06000381,CATHETER; SPRINTER LEGEND ALL SIZES,,MEDICAL SUPPLIES,31660,31660,"September 20, 2025",adhoc,A;C;D;E;G;H;I;L;N;P;R;S;T;Z
06000382,CATHETER; STRAIGHT,,MEDICAL SUPPLIES,88,156,"September 20, 2025",adhoc,A;C;E;G;H;I;R;S;T
06000383,CATHETER; STRAIGHT TAPER FR5 TERUMO,,MEDICAL SUPPLIES,4000,4000,"September 20, 2025",adhoc,A;C;E;F;G;H;I;M;O;P;R;S;T;U;5
06000384,CATHETER; SUCTION,,MEDICAL SUPPLIES,68,85,"September 20, 2025",adhoc,A;C;E;H;I;N;O;R;S;T;U
06000385,CATHETER; SUPRAPUBIC,,MEDICAL SUPPLIES,6085,8440,"September 20, 2025",adhoc,A;B;C;E;H;I;P;R;S;T;U
06000386,CATHETER; TEMPO,,MEDICAL SUPPLIES,1773,6561,"September 20, 2025",adhoc,A;C;E;H;M;O;P;R;T
06000387,CATHETER; THERMODILUTION 4L 110CM ARROW,,MEDICAL SUPPLIES,8534,8534,"September 20, 2025",adhoc,A;C;D;E;H;I;L;M;N;O;R;T;U;W;0;1;4
06000388,CATHETER; THORACIC FR16 STRAIGHT,,MEDICAL SUPPLIES,341,1645,"September 20, 2025",adhoc,A;C;E;F;G;H;I;O;R;S;T;1;6
06000389,CATHETER; TWINFLOW FR.2 G24 30CM VYGON,,MEDICAL SUPPLIES,33280,33280,"September 20, 2025",adhoc,A;C;E;F;G;H;I;L;M;N;O;R;T;V;W;Y;0;2;3;4
06000694,CATHETER; ULTRA 8 IAB F8 30CC ARROW,,MEDICAL SUPPLIES,89900,89900,"September 20, 2025",adhoc,A;B;C;E;F;H;I;L;O;R;T;U;W;0;3;8
06000390,CATHETER; UMBILICAL DUAL LUMEN FR4 VYGON,,MEDICAL SUPPLIES,4202,4202,"September 20, 2025",adhoc,A;B;C;D;E;F;G;H;I;L;M;N;O;R;T;U;V;Y;4
06000391,CATHETER; UMBILICAL SINGLE,,MEDICAL SUPPLIES,482,492,"September 20, 2025",adhoc,A;B;C;E;G;H;I;L;M;N;R;S;T;U
06000392,CATHETER; URETERAL,,MEDICAL SUPPLIES,1773,3680,"September 20, 2025",adhoc,A;C;E;H;L;R;T;U
06000393,CATHETER; URODYNAMICS,,MEDICAL SUPPLIES,3670,12706,"September 20, 2025",adhoc,A;C;D;E;H;I;M;N;O;R;S;T;U;Y
06000394,CATHETER; VNUS 7F CLOSUREFAST 60X7,,MEDICAL SUPPLIES,51160,51160,"September 20, 2025",adhoc,A;C;E;F;H;L;N;O;R;S;T;U;V;X;0;6;7
06000395,CATHETER; WEDGE PRESSURE,,MEDICAL SUPPLIES,12080,12080,"September 20, 2025",adhoc,A;C;D;E;G;H;P;R;S;T;U;W
06000396,CATHETER; WIREGUIDED ESOPH,,MEDICAL SUPPLIES,29289,31821,"September 20, 2025",adhoc,A;C;D;E;G;H;I;O;P;R;S;T;U;W
06000397,CATHETER; WIREGUIDED PYLORIC 180CM 10-12,,MEDICAL SUPPLIES,29568,29568,"September 20, 2025",adhoc,A;C;D;E;G;H;I;L;M;O;P;R;T;U;W;Y;0;1;2;8
06000398,CATHETER; YOU-BEND 2 LUMEN,,MEDICAL SUPPLIES,8427,14609,"September 20, 2025",adhoc,A;B;C;D;E;H;L;M;N;O;R;T;U;Y;2
06000695,CATHETER;2 LUME CYSTMTRY FR6 MMS-U-72603,,MEDICAL SUPPLIES,2960,2960,"September 20, 2025",adhoc,A;C;E;F;H;L;M;R;S;T;U;Y;0;2;3;6;7
06000696,CATHETER;BERENSTEIN II FR.5 100CM CORDIS,,MEDICAL SUPPLIES,2566,2566,"September 20, 2025",adhoc,A;B;C;D;E;F;H;I;M;N;O;R;S;T;0;1;5
06000399,CATHETER;DIAG ANGIODYN,,MEDICAL SUPPLIES,2343,2343,"September 20, 2025",adhoc,A;C;D;E;G;H;I;N;O;R;T;Y
06000697,CATHETER;HEMO VECTOR FLOW 15X31CM ARROW,,MEDICAL SUPPLIES,27513,27513,"September 20, 2025",adhoc,A;C;E;F;H;L;M;O;R;T;V;W;X;1;3;5
06000698,CATHETER;MAHURKAR ELITE 2L STR FR12X16CM,,MEDICAL SUPPLIES,8858,8858,"September 20, 2025",adhoc,A;C;E;F;H;I;K;L;M;R;S;T;U;X;1;2;6
06000699,CATHETER;MCATH,,MEDICAL SUPPLIES,5580,6510,"September 20, 2025",adhoc,A;C;E;H;M;R;T
06000700,CATHETER;PICC LINE SET FR6 50CM 3L ARROW,,MEDICAL SUPPLIES,17603,17603,"September 20, 2025",adhoc,A;C;E;F;H;I;L;M;N;O;P;R;S;T;W;0;3;5;6
06000701,CATHETER;PRO PICC,,MEDICAL SUPPLIES,28644,28654,"September 20, 2025",adhoc,A;C;E;H;I;O;P;R;T
06000702,CAUTERY HOOK; PERMANENT DA VINCI,,MEDICAL SUPPLIES,200709,200709,"September 20, 2025",adhoc,A;C;D;E;H;I;K;M;N;O;P;R;T;U;V;Y
06000400,CAUTERY LOOP; DISP. TUNGSTEN 20X15 N1562,,MEDICAL SUPPLIES,2153,2153,"September 20, 2025",adhoc,A;C;D;E;G;I;L;N;O;P;R;S;T;U;X;Y;0;1;2;5;6
06000401,CAUTERY PAD; NEUTRAL PAD ELLMAN IEC-NPD,,MEDICAL SUPPLIES,1425,1425,"September 20, 2025",adhoc,A;C;D;E;I;L;M;N;P;R;T;U;Y
06000402,CAUTERY PEN; 3 BUTTON H.PIECE IEC-3FHPB/D,,MEDICAL SUPPLIES,2768,2768,"September 20, 2025",adhoc,A;B;C;D;E;F;H;I;N;O;P;R;T;U;Y;3
06000403,CAUTERY TIP,,MEDICAL SUPPLIES,660,1457,"September 20, 2025",adhoc,A;C;E;I;P;R;T;U;Y
06000404,CAUTERY; BIPOLAR,,MEDICAL SUPPLIES,7664,8997,"September 20, 2025",adhoc,A;B;C;E;I;L;O;P;R;T;U;Y
06000405,CAUTERY; FORCE TRIVERSE FT300,,MEDICAL SUPPLIES,7248,7248,"September 20, 2025",adhoc,A;C;E;F;I;O;R;S;T;U;V;Y;0;3
06000406,CAUTERY; LIGASURE,,MEDICAL SUPPLIES,34177,76943,"September 20, 2025",adhoc,A;C;E;G;I;L;R;S;T;U;Y
06000407,CELL SAVER,,MEDICAL SUPPLIES,19200,35650,"September 20, 2025",adhoc,A;C;E;L;R;S;V
06000408,CELL SCRAPER; 25CM X 1.8CM BLADE 3086,,MEDICAL SUPPLIES,12980,12980,"September 20, 2025",adhoc,A;B;C;D;E;L;M;P;R;S;X;0;1;2;3;5;6;8
06000409,CELLCLEAN AUTO 4MLX20(CCA-500A),,MEDICAL SUPPLIES,171,171,"September 20, 2025",adhoc,A;C;E;L;M;N;O;T;U;X;0;2;4;5
06000410,CELLO CATHETER (ALL SIZES),,MEDICAL SUPPLIES,109985,109985,"September 20, 2025",adhoc,A;C;E;H;I;L;O;R;S;T;Z
06000411,CELLPACK DCL 20L(DCL-300A),,MEDICAL SUPPLIES,15995,15995,"September 20, 2025",adhoc,A;C;D;E;K;L;P;0;2;3
06000413,CERC; LARGE WIRE,,MEDICAL SUPPLIES,5396,5396,"September 20, 2025",adhoc,A;C;E;G;I;L;R;W
06000414,CETAPHIL,,MEDICAL SUPPLIES,951,1778,"September 20, 2025",adhoc,A;C;E;H;I;L;P;T
06000415,CHAIR; COMMODE KY896,,MEDICAL SUPPLIES,13960,13960,"September 20, 2025",adhoc,A;C;D;E;H;I;K;M;O;R;Y;6;8;9
06000416,CHAMBER,,MEDICAL SUPPLIES,716,7227,"October 16, 2025",adhoc,A;B;C;E;H;M;R
06000418,CHEMDYE WASHER MONITOR,,MEDICAL SUPPLIES,10513,10513,"September 20, 2025",adhoc,A;C;D;E;H;I;M;N;O;R;S;T;W;Y
06000419,CHEMICAL SUIT; LAKELAND MICROMAXX-WHITE,,MEDICAL SUPPLIES,5396,5396,"September 20, 2025",adhoc,A;C;D;E;H;I;K;L;M;N;O;R;S;T;U;W;X
06000420,CHEST DRAINAGE,,MEDICAL SUPPLIES,4800,11377,"September 20, 2025",adhoc,A;C;D;E;G;H;I;N;R;S;T
06000317,CIRCUIT; CLEAR SYSTEM SPU W/ NEB BIWAZE,,MEDICAL SUPPLIES,13175,13175,"October 17, 2025",adhoc,A;B;C;E;I;L;M;N;P;R;S;T;U;W;Y;Z
06000421,CLAMP DISPOSABLE,,MEDICAL SUPPLIES,47,309,"October 16, 2025",adhoc,A;B;C;D;E;I;L;M;O;P;S
06000422,CLAMP; TITANIUM CRANIOFIX,,MEDICAL SUPPLIES,7456,9790,"September 20, 2025",adhoc,A;C;F;I;L;M;N;O;P;R;T;U;X
06000423,CLAMP; ULTRA CLAMP TUBING PLASTIC RED900,,MEDICAL SUPPLIES,623,623,"September 20, 2025",adhoc,A;B;C;D;E;G;I;L;M;N;P;R;S;T;U;0;9
06000424,CLAVE; GENIE CLOSED VIAL ACCESS DEVICE,,MEDICAL SUPPLIES,350,350,"September 20, 2025",adhoc,A;C;D;E;G;I;L;N;O;S;V
06000425,CLAVE; INJECTION PORT CAP LUER LOCK BD,,MEDICAL SUPPLIES,41,41,"September 20, 2025",adhoc,A;B;C;D;E;I;J;K;L;N;O;P;R;T;U;V
06000426,CLAVE; IV BAG ACCESS DEVICE,,MEDICAL SUPPLIES,327,327,"September 20, 2025",adhoc,A;B;C;D;E;G;I;L;S;V
06000427,CLAVE; LUER ACCESS SPLIT SEPTUM Q-SYTE,,MEDICAL SUPPLIES,163,163,"September 20, 2025",adhoc,A;C;E;I;L;M;P;Q;R;S;T;U;V;Y
06000704,CLAVE; NANOCLAVE CONNECTOR ICU MED,,MEDICAL SUPPLIES,105,105,"September 20, 2025",adhoc,A;C;D;E;I;L;M;N;O;R;T;U;V
06000429,CLAVE; SPIROS CLOSED MALE CONNECTOR,,MEDICAL SUPPLIES,678,678,"September 20, 2025",adhoc,A;C;D;E;I;L;M;N;O;P;R;S;T;V
06000430,CLAVE; TRI-EXTENSION SET W Q-SYTE ACACIA,,MEDICAL SUPPLIES,576,576,"September 20, 2025",adhoc,A;C;E;I;L;N;O;Q;R;S;T;V;W;X;Y
06000431,CLAY; THERAPY PUTTY,,MEDICAL SUPPLIES,915,3832,"September 20, 2025",adhoc,A;C;E;H;L;P;R;T;U;Y
06000705,CLEANER,,MEDICAL SUPPLIES,12728,16043,"September 20, 2025",adhoc,A;C;E;L;N;R
06000432,CLEANER; RAPID MULTIENZYME 3.8L,,MEDICAL SUPPLIES,13122,13122,"September 20, 2025",adhoc,A;C;D;E;I;L;M;N;P;R;T;U;Y;Z;3;8
06000706,CLEANING BRUSH; EBUS THIN,,MEDICAL SUPPLIES,2800,3110,"September 20, 2025",adhoc,A;B;C;E;G;H;I;L;N;R;S;T;U
06000707,CLIP APPLIER,,MEDICAL SUPPLIES,9507,468191,"October 16, 2025",adhoc,A;C;E;I;L;P;R
06000436,CLIP; ANEURISM,,MEDICAL SUPPLIES,18400,50312,"September 20, 2025",adhoc,A;C;E;I;L;M;N;P;R;S;U
06000708,CLIP; EZ,,MEDICAL SUPPLIES,2243,129886,"September 20, 2025",adhoc,C;E;I;L;P;Z
06000437,CLIP; GENTLE CATHETER UGO FIX,,MEDICAL SUPPLIES,1444,1444,"September 20, 2025",adhoc,A;C;E;F;G;H;I;L;N;O;P;R;T;U;X
06000709,CLIP; LIGATING HORIZON,,MEDICAL SUPPLIES,820,1314,"October 16, 2025",adhoc,A;C;G;H;I;L;N;O;P;R;T;Z
06000710,CLIP; NOSE CLIP,,MEDICAL SUPPLIES,155,155,"September 20, 2025",adhoc,C;E;I;L;N;O;P;S
06000438,CLIP; OSTOMY BAG,,MEDICAL SUPPLIES,107,215,"September 20, 2025",adhoc,A;B;C;G;I;L;M;O;P;S;T;Y
06000711,CLIP; OVESCO OTSC 12 6T(165CM) OVC100.12,,MEDICAL SUPPLIES,85250,85250,"September 20, 2025",adhoc,C;E;I;L;M;O;P;S;T;V;0;1;2;5;6
06000712,CLIP; PADLOCK,,MEDICAL SUPPLIES,85560,85560,"September 20, 2025",adhoc,A;C;D;I;K;L;O;P
06000439,CLIP; RESOLUTION L235cm X CH2.8mm BOSTON,,MEDICAL SUPPLIES,10679,10679,"September 20, 2025",adhoc,B;C;E;H;I;L;M;N;O;P;R;S;T;U;X;2;3;5;8
06000440,CLIP; STAY SAFE FOR ORGANIZER,,MEDICAL SUPPLIES,824,824,"September 20, 2025",adhoc,A;C;E;F;G;I;L;N;O;P;R;S;T;Y;Z
06000441,CLIP; STD CLIP CVD YASARGIL 8.6MM FT747T,,MEDICAL SUPPLIES,28527,28527,"September 20, 2025",adhoc,A;C;D;F;G;I;L;M;P;R;S;T;V;Y;4;6;7;8
06000442,CLIP; STND YASARGIL,,MEDICAL SUPPLIES,22400,29600,"September 20, 2025",adhoc,A;C;D;G;I;L;N;P;R;S;T;Y
06000443,CLIPPER,,MEDICAL SUPPLIES,498,775,"October 17, 2025",adhoc,C;E;I;L;P;R
06000445,CMS; BLOOD,,MEDICAL SUPPLIES,75,464,"September 20, 2025",adhoc,B;C;D;L;M;O;S
06000446,CMS; CERVEX / CERVICAL BRUSH,,MEDICAL SUPPLIES,94,98,"September 20, 2025",adhoc,A;B;C;E;H;I;L;M;R;S;U;V;X
06000447,CMS; CONTAINER MINICOMPACT 0.6L GREINER,,MEDICAL SUPPLIES,143,143,"September 20, 2025",adhoc,A;C;E;G;I;L;M;N;O;P;R;S;T;0;6
06000713,CMS; CRYOGENIC VIALS 4ML VWRI 479-1260,,MEDICAL SUPPLIES,65944,65944,"September 20, 2025",adhoc,A;C;E;G;I;L;M;N;O;R;S;V;W;Y;0;1;2;4;6;7;9
06000714,CMS; GLASS SLIDES PLATI.PRO-01 MATSUNAMI,,MEDICAL SUPPLIES,4175,4175,"September 20, 2025",adhoc,A;C;D;E;G;I;L;M;N;O;P;R;S;T;U;0;1
06000715,CMS; GLUCOSE 50G KRON,,MEDICAL SUPPLIES,179,179,"September 20, 2025",adhoc,C;E;G;K;L;M;N;O;R;S;U;0;5
06000716,CMS; PRESERVCYT SOLUTION 20ML THINPREP,,MEDICAL SUPPLIES,312,312,"September 20, 2025",adhoc,C;E;H;I;L;M;N;O;P;R;S;T;U;V;Y;0;2
06000717,CMS; TEST TUBE,,MEDICAL SUPPLIES,8,3655,"September 20, 2025",adhoc,B;C;E;M;S;T;U
06000448,CMS; TUBE ACD SOLN A 8.5ML 100S BD VACUTAINER,,MEDICAL SUPPLIES,6077,6077,"September 20, 2025",adhoc,A;B;C;D;E;I;L;M;N;O;R;S;T;U;V;0;1;5;8
06000718,CO2 ABSORBENT;18KG ATRASORB PHARMA FREE,,MEDICAL SUPPLIES,11925,11925,"September 20, 2025",adhoc,A;B;C;E;F;G;H;K;M;N;O;P;R;S;T;1;2;8
06000449,COAGULATING ELECTRODE; FR 24/26 27050N,,MEDICAL SUPPLIES,9977,9977,"September 20, 2025",adhoc,A;C;D;E;F;G;I;L;N;O;R;T;U;0;2;4;5;6;7
06000450,COB.WAND; R ULTRA 45 EIC4845-01,,MEDICAL SUPPLIES,26491,26491,"September 20, 2025",adhoc,A;B;C;D;E;I;L;N;O;R;T;U;W;0;1;4;5;8
06000451,CODMAN GUIDING CATHETER,,MEDICAL SUPPLIES,19200,19200,"September 20, 2025",adhoc,A;C;D;E;G;H;I;M;N;O;R;T;U
06000452,CODONICS,,MEDICAL SUPPLIES,96,266,"September 20, 2025",adhoc,C;D;I;N;O;S
06000453,COHEVISC 1.0ML,,MEDICAL SUPPLIES,1342,1342,"September 20, 2025",adhoc,C;E;H;I;L;M;O;S;V;0;1
06000454,COLD PACS,,MEDICAL SUPPLIES,3784,6244,"September 20, 2025",adhoc,A;C;D;L;O;P;S
06000455,COLLAR; MIAMI J EXTRA-SMALL MJ-250,,MEDICAL SUPPLIES,9014,9014,"September 20, 2025",adhoc,A;C;E;I;J;L;M;O;R;S;T;X;0;2;5
06000457,COMBIDYN; PRESSURE TUBING,,MEDICAL SUPPLIES,261,388,"September 20, 2025",adhoc,B;C;D;E;G;I;M;N;O;P;R;S;T;U;Y
06000719,COMPOSITE,,MEDICAL SUPPLIES,3387,21956,"September 20, 2025",adhoc,C;E;I;M;O;P;S;T
06000458,COMPOUND A/B,,MEDICAL SUPPLIES,902,902,"September 20, 2025",adhoc,A;B;C;D;M;N;O;P;U
06000459,COMPRESS CARE,,MEDICAL SUPPLIES,47,7258,"September 20, 2025",adhoc,A;C;E;M;O;P;R;S
06000720,COMPRESSION; RADIAL,,MEDICAL SUPPLIES,1874,2103,"September 20, 2025",adhoc,A;C;D;E;I;L;M;N;O;P;R;S
06000460,CON-AXS CATALYST 5 0.058INX132CM,,MEDICAL SUPPLIES,112961,112961,"September 20, 2025",adhoc,A;C;I;L;M;N;O;S;T;X;Y;0;1;2;3;5;8
06000476,CON-RAD;IPC INSERTION W/ METAL TUNNELLER,,MEDICAL SUPPLIES,58291,58291,"September 20, 2025",adhoc,A;C;D;E;I;L;M;N;O;P;R;S;T;U;W
06000461,CONCIERGE; 100CM,,MEDICAL SUPPLIES,13646,14429,"September 20, 2025",adhoc,C;E;G;I;M;N;O;R;0;1
06000463,CONDOM,,MEDICAL SUPPLIES,43,74,"September 20, 2025",adhoc,C;D;M;N;O
06000464,CONICAL TUBE,,MEDICAL SUPPLIES,22,15354,"September 20, 2025",adhoc,A;B;C;E;I;L;N;O;T;U
06000465,CONNECTOR,,MEDICAL SUPPLIES,50,3353,"October 16, 2025",adhoc,C;E;N;O;R;T
06000475,CONQUEST PRO-12 -ASAHI,,MEDICAL SUPPLIES,22400,22400,"September 20, 2025",adhoc,A;C;E;H;I;N;O;P;Q;R;S;T;U;1;2
06000478,CONTAINER,,MEDICAL SUPPLIES,10,1860,"October 16, 2025",adhoc,A;C;E;I;N;O;R;T
06000484,CONTINUOUS LABEL SINGLE ADHESIVE,,MEDICAL SUPPLIES,7127,7127,"September 20, 2025",adhoc,A;B;C;D;E;G;H;I;L;N;O;S;T;U;V
06000485,CONTIPLEX D / S,,MEDICAL SUPPLIES,8031,8995,"September 20, 2025",adhoc,C;D;E;I;L;N;O;P;S;T;X
06000486,CONTRAST AGENT; BARIUM,,MEDICAL SUPPLIES,610,12080,"September 20, 2025",adhoc,A;B;C;E;G;I;M;N;O;R;S;T;U
06000487,COOL TIP RFA ELECTRODE SGL 15CMX 1CM,,MEDICAL SUPPLIES,96000,96000,"September 20, 2025",adhoc,A;C;D;E;F;G;I;L;M;O;P;R;S;T;X;1;5
06000727,CORD,,MEDICAL SUPPLIES,45217,45217,"September 20, 2025",adhoc,C;D;O;R
06000728,CORE BIOPSY; SEMI-AUTO. G18X16CM CURAWAY,,MEDICAL SUPPLIES,3655,3655,"September 20, 2025",adhoc,A;B;C;E;G;I;M;O;P;R;S;T;U;W;X;Y;1;6;8
06000488,CORSAIR ASAHI S.150/135,,MEDICAL SUPPLIES,59867,59867,"September 20, 2025",adhoc,A;C;H;I;O;R;S;0;1;3;5
06000489,COTTON,,MEDICAL SUPPLIES,7,484,"September 20, 2025",adhoc,C;N;O;T
06000490,COUPLING,,MEDICAL SUPPLIES,1451,2037,"September 20, 2025",adhoc,C;G;I;L;N;O;P;U
06000729,COVER,,MEDICAL SUPPLIES,117,427,"October 16, 2025",adhoc,C;E;O;R;V
06000730,COVERALL,,MEDICAL SUPPLIES,517,853,"September 20, 2025",adhoc,A;C;E;L;O;R;V
06000495,COVERGLASS; MICROSCOPE 24X50MM 100S CITOGLASS,,MEDICAL SUPPLIES,335,335,"September 20, 2025",adhoc,A;C;E;G;I;L;M;O;P;R;S;T;V;X;0;1;2;4;5
06000496,CPAP CANNULA,,MEDICAL SUPPLIES,742,742,"September 20, 2025",adhoc,A;C;L;N;P;U
06000497,CREAM; 100 NIPPLE PURELAN 37G,,MEDICAL SUPPLIES,1093,1093,"September 20, 2025",adhoc,A;C;E;G;I;L;M;N;P;R;U;0;1;3;7
06000498,CREAM; NUPREPS SKIN PREPPING,,MEDICAL SUPPLIES,1059,1425,"September 20, 2025",adhoc,A;C;E;G;I;K;M;N;P;R;S;U
06000499,CRRT; EFFLUENT/UF BAG 7L (OMNI),,MEDICAL SUPPLIES,399,399,"September 20, 2025",adhoc,A;B;C;E;F;G;I;L;M;N;O;R;T;U;7
06000731,CRUTCHES; FOREARM SUPPORT ADJUSTABLE,,MEDICAL SUPPLIES,2558,2558,"September 20, 2025",adhoc,A;B;C;D;E;F;H;J;L;M;O;P;R;S;T;U
06000500,CRYOBOX; NALGENE,,MEDICAL SUPPLIES,602,902,"September 20, 2025",adhoc,A;B;C;E;G;L;N;O;R;X;Y
06000501,CRYOGENIC VIAL 2ML 430659,,MEDICAL SUPPLIES,57,57,"September 20, 2025",adhoc,A;C;E;G;I;L;M;N;O;R;V;Y;0;2;3;4;5;6;9
06000502,CRYOSTOR,,MEDICAL SUPPLIES,57048,84492,"September 20, 2025",adhoc,C;O;R;S;T;Y
06000732,CS SUTURE BUNDLE,,MEDICAL SUPPLIES,3720,3720,"September 20, 2025",adhoc,B;C;D;E;L;N;R;S;T;U
06000733,CTRL; ACT CONTROL LEVEL 1-2 I-STAT,,MEDICAL SUPPLIES,11943,11943,"September 20, 2025",adhoc,A;C;E;I;L;N;O;R;S;T;V;1;2
06000503,CTRL; ASO RF QUANTIA I 1ML 6S ARCHITECT,,MEDICAL SUPPLIES,12563,12563,"September 20, 2025",adhoc,A;C;E;F;H;I;L;M;N;O;Q;R;S;T;U;1;6
06000504,CTRL; CD 26 PLUS 2.5ML 6S 15T ABBOTT,,MEDICAL SUPPLIES,21224,21224,"September 20, 2025",adhoc,A;B;C;D;L;M;O;P;R;S;T;U;1;2;5;6
06000505,CTRL; CRP HS 2ML 3S ARCHITECT,,MEDICAL SUPPLIES,12563,12563,"September 20, 2025",adhoc,A;C;E;H;I;L;M;P;R;S;T;2;3
06000506,CTRL; ETHANOL,,MEDICAL SUPPLIES,12563,12563,"September 20, 2025",adhoc,A;C;E;H;L;N;O;R;T
06000507,CTRL; FERRI/MYO/IGE BIO QUA ARCHITECT,,MEDICAL SUPPLIES,12127,12127,"September 20, 2025",adhoc,A;B;C;E;F;G;H;I;L;M;O;Q;R;T;U;Y
06000508,CTRL; MEDITAPE SYSMEX,,MEDICAL SUPPLIES,4329,4329,"September 20, 2025",adhoc,A;C;D;E;I;L;M;P;R;S;T;X;Y
06000509,CTRL; MULTICHEM IA PLUS ARCHITECT,,MEDICAL SUPPLIES,45431,45431,"September 20, 2025",adhoc,A;C;E;H;I;L;M;P;R;S;T;U
06000734,CTRL; QUALICHECK 5PLUS LEV.1-3,,MEDICAL SUPPLIES,1189,1189,"September 20, 2025",adhoc,A;C;E;H;I;K;L;P;Q;R;S;T;U;V;1;3;5
06000510,CTRL; UX II CONTROL 47ML X 2,,MEDICAL SUPPLIES,23040,23040,"September 20, 2025",adhoc,C;I;L;M;N;O;R;T;U;X;2;4;7
06000511,CULTURE SLIDES; 8-WELL 4118 BD FALCON,,MEDICAL SUPPLIES,19128,19128,"September 20, 2025",adhoc,A;B;C;D;E;F;I;L;N;O;R;S;T;U;W;1;4;8
06000512,CUP; BITE CUP ASSEMBLY ARCH MTHF135,,MEDICAL SUPPLIES,4392,4392,"September 20, 2025",adhoc,A;B;C;E;F;H;I;L;M;P;R;S;T;U;Y;1;3;5
06000513,CUP; MEDICINE DISPOSABLE,,MEDICAL SUPPLIES,4,6,"September 20, 2025",adhoc,A;B;C;D;E;I;L;M;N;O;P;S;U
06000514,CUP; MILK CONTAINER,,MEDICAL SUPPLIES,23,37,"September 20, 2025",adhoc,A;C;E;I;K;L;M;N;O;P;R;T;U
06000515,CUP; STOOL 50'S,,MEDICAL SUPPLIES,4,4,"September 20, 2025",adhoc,C;L;O;P;S;T;U;0;5
06000516,CUP; STOOL COVER 50'S,,MEDICAL SUPPLIES,4,4,"September 20, 2025",adhoc,C;E;L;O;P;R;S;T;U;V;0;5
06000517,CURAGEL SOLUTIONS 2% 2.0ML,,MEDICAL SUPPLIES,1389,1389,"September 20, 2025",adhoc,A;C;E;G;I;L;M;N;O;R;S;T;U;0;2
06000518,CURETTE; DISPOSABLE DERMAL,,MEDICAL SUPPLIES,245,245,"September 20, 2025",adhoc,A;B;C;D;E;I;L;M;O;P;R;S;T;U
06000519,CURVE; STRAIGHT MOSQUITO (JASRICH),,MEDICAL SUPPLIES,190,190,"September 20, 2025",adhoc,A;C;E;G;H;I;J;M;O;Q;R;S;T;U;V
06000520,CUSHION,,MEDICAL SUPPLIES,3287,12400,"September 20, 2025",adhoc,C;H;I;N;O;S;U
06000521,CUTTER; CRANIOTOME,,MEDICAL SUPPLIES,24000,24000,"September 20, 2025",adhoc,A;C;E;I;M;N;O;R;T;U
06000522,CUTTER; NEURO HLINE III D3.1MM GE635R,,MEDICAL SUPPLIES,24000,24000,"September 20, 2025",adhoc,C;D;E;G;H;I;L;M;N;O;R;T;U;1;3;5;6
06000735,CUTTER; PERFORATOR DM0010FAA,,MEDICAL SUPPLIES,42780,42780,"September 20, 2025",adhoc,A;C;D;E;F;M;O;P;R;T;U;0;1
06000523,CUTTING ELECTRODE; BIPOLAR FR26 SD 8MM,,MEDICAL SUPPLIES,32527,32527,"September 20, 2025",adhoc,A;B;C;D;E;F;G;I;L;M;N;O;P;R;S;T;U;2;6;8
06000524,CUTTING LOOP; ANGLED FR 24/26 27050G,,MEDICAL SUPPLIES,9977,9977,"September 20, 2025",adhoc,A;C;D;E;F;G;I;L;N;O;P;R;T;U;0;2;4;5;6;7
06000525,CUVETTES; DISPOSAL OXIMETER,,MEDICAL SUPPLIES,196,196,"September 20, 2025",adhoc,A;C;D;E;I;L;M;O;P;R;S;T;U;V;X
06000526,DAPPEN DISH,,MEDICAL SUPPLIES,50,66,"September 23, 2025",adhoc,A;D;E;H;I;N;P;S
06000527,DATA CARD (GEN-ACCESSORIES),,MEDICAL SUPPLIES,30,30,"September 23, 2025",adhoc,A;C;D;E;G;I;N;O;R;S;T
06000528,DBS,,MEDICAL SUPPLIES,9977,1958465,"September 23, 2025",adhoc,B;D;S
06000529,DC BEAD,,MEDICAL SUPPLIES,95728,104000,"September 23, 2025",adhoc,A;B;C;D;E
06000536,DEGREASING GEL; SAFE PREP 120G,,MEDICAL SUPPLIES,1516,1516,"October 16, 2025",adhoc,A;D;E;F;G;I;L;N;P;R;S;0;1;2
06000530,DEMAX Y CONNECTOR KIT,,MEDICAL SUPPLIES,2936,2936,"September 23, 2025",adhoc,A;C;D;E;I;K;M;N;O;R;T;X;Y
06000531,DEMENERALIZED BONE MATRIX BONEGENER,,MEDICAL SUPPLIES,19922,39493,"September 23, 2025",adhoc,A;B;D;E;G;I;L;M;N;O;R;T;X;Z
06000532,DENTAL FLOSS,,MEDICAL SUPPLIES,111,164,"September 23, 2025",adhoc,A;D;E;F;L;N;O;S;T
06000533,DENTURE CASE; PLASTIC,,MEDICAL SUPPLIES,104,104,"September 23, 2025",adhoc,A;C;D;E;I;L;N;P;R;S;T;U
06000534,DERMATOME BLADE,,MEDICAL SUPPLIES,2890,5772,"September 23, 2025",adhoc,A;B;D;E;L;M;O;R;T
06000535,DETECTOR,,MEDICAL SUPPLIES,1773,4495,"October 16, 2025",adhoc,C;D;E;O;R;T
06000537,DEVICE; CPAP DEVICE REF 5570.13,,MEDICAL SUPPLIES,3520,3520,"September 23, 2025",adhoc,A;C;D;E;F;I;P;R;V;0;1;3;5;7
06000538,DEVICE; EVEREST INFLATION 30,,MEDICAL SUPPLIES,5616,5616,"September 23, 2025",adhoc,A;C;D;E;F;I;L;N;O;R;S;T;V;0;3
06000539,DEVICE; FOR PEP LUNG FLUTE NON-STERILE,,MEDICAL SUPPLIES,1616,1616,"September 23, 2025",adhoc,C;D;E;F;G;I;L;N;O;P;R;S;T;U;V
06000540,DEVICE; PUDDLEVAC FLOOR SUCTION REF.9321,,MEDICAL SUPPLIES,6985,6985,"September 23, 2025",adhoc,A;C;D;E;F;I;L;N;O;P;R;S;T;U;V;1;2;3;9
06000736,DEWEI VTM KIT (NASO & ORO SWAB INCLUDED),,MEDICAL SUPPLIES,137,137,"September 23, 2025",adhoc,A;B;C;D;E;I;K;L;M;N;O;R;S;T;U;V;W
06000541,DFEND WATER TRAP REF#881319,,MEDICAL SUPPLIES,1933,1933,"September 23, 2025",adhoc,A;D;E;F;N;P;R;T;W;1;3;8;9
06000542,DIACAP KIT PAP,,MEDICAL SUPPLIES,12080,12080,"September 23, 2025",adhoc,A;C;D;I;K;P;T
06000543,DIALYZER,,MEDICAL SUPPLIES,1289,3983,"September 23, 2025",adhoc,A;D;E;I;L;R;Y;Z
06000544,DIAMOND BURR,,MEDICAL SUPPLIES,14116,20214,"September 23, 2025",adhoc,A;B;D;I;M;N;O;R;U
06000545,DIAPER,,MEDICAL SUPPLIES,12,742,"September 23, 2025",adhoc,A;D;E;I;P;R
06000546,DILATION BALLOON,,MEDICAL SUPPLIES,28537,29289,"September 23, 2025",adhoc,A;B;D;I;L;N;O;T
06000547,DILATOR,,MEDICAL SUPPLIES,824,82432,"September 23, 2025",adhoc,A;D;I;L;O;R;T
06000548,DIPPER; PLASTIC REGULAR BLUE,,MEDICAL SUPPLIES,42,42,"September 23, 2025",adhoc,A;B;C;D;E;G;I;L;P;R;S;T;U
06000549,DISC; ABLATION TARGETS ALCON,,MEDICAL SUPPLIES,1115,1115,"September 23, 2025",adhoc,A;B;C;D;E;G;I;L;N;O;R;S;T
06000550,DISC; MANDRELL,,MEDICAL SUPPLIES,17,17,"September 23, 2025",adhoc,A;C;D;E;I;L;M;N;R;S
06000551,DISCOVISC 1.0ML ALCON,,MEDICAL SUPPLIES,7905,7905,"September 23, 2025",adhoc,A;C;D;I;L;M;N;O;S;V;0;1
06000552,DISH,,MEDICAL SUPPLIES,707,16076,"October 16, 2025",adhoc,D;H;I;S
06000555,DISINFECTANT,,MEDICAL SUPPLIES,1140,13380,"September 23, 2025",adhoc,A;C;D;E;F;I;N;S;T
06000737,DISP PRESSRE TRNSDCER W ARGO CONNCTR M/F,,MEDICAL SUPPLIES,5958,5958,"September 23, 2025",adhoc,A;C;D;E;F;G;I;M;N;O;P;R;S;T;W
06000556,DISP SAMPLING KIT HANKS BASED MED LITUO,,MEDICAL SUPPLIES,359,359,"September 23, 2025",adhoc,A;B;D;E;G;H;I;K;L;M;N;O;P;S;T;U
06000557,DISP. SPECTRUM BLADE;,,MEDICAL SUPPLIES,13149,13149,"September 23, 2025",adhoc,A;B;C;D;E;I;L;M;P;R;S;T;U
06000558,DISP.REFLECTIVE MARKER SPHERE 3'S 41774,,MEDICAL SUPPLIES,3011,3011,"September 23, 2025",adhoc,A;C;D;E;F;H;I;K;L;M;P;R;S;T;V;1;3;4;7
06000559,DISP.SPRAY NOZZLE F/GB740R,,MEDICAL SUPPLIES,7192,7192,"September 23, 2025",adhoc,A;B;D;E;F;G;I;L;N;O;P;R;S;Y;Z;0;4;7
06000738,DISPOSABLE AORTIC PUNCH 4.4MM,,MEDICAL SUPPLIES,6581,6581,"October 16, 2025",adhoc,A;B;C;D;E;H;I;L;M;N;O;P;R;S;T;U;4
06000560,DISPOSABLE PAD; ALLEN C PRONE (ADULT),,MEDICAL SUPPLIES,7090,7090,"September 23, 2025",adhoc,A;B;C;D;E;I;L;N;O;P;R;S;T;U
06000561,DISPOSABLE PREP TRAY,,MEDICAL SUPPLIES,226,226,"September 23, 2025",adhoc,A;B;D;E;I;L;O;P;R;S;T;Y
06000562,DISPOSABLE PROPHY ANGLE,,MEDICAL SUPPLIES,30,30,"September 23, 2025",adhoc,A;B;D;E;G;H;I;L;N;O;P;R;S;Y
06000563,DISPOSABLE SALIVA EJECTORS,,MEDICAL SUPPLIES,245,245,"September 23, 2025",adhoc,A;B;C;D;E;I;J;L;O;P;R;S;T;V
06000564,DISPOSABLE; MEMBRANE/SCREEN BOX,,MEDICAL SUPPLIES,1234,1234,"September 23, 2025",adhoc,A;B;C;D;E;I;L;M;N;O;P;R;S;X
06000565,DISSECTOR,,MEDICAL SUPPLIES,1608,83504,"September 23, 2025",adhoc,C;D;E;I;O;R;S;T
06000739,DISTAL COVER; MAJ-2315 OLYMPUS,,MEDICAL SUPPLIES,1367,1367,"September 23, 2025",adhoc,A;C;D;E;I;J;L;M;O;P;R;S;T;U;V;Y;1;2;3;5
06000566,DOCTRON TENS MACHINE,,MEDICAL SUPPLIES,6085,6085,"September 23, 2025",adhoc,A;C;D;E;H;I;M;N;O;R;S;T
06000567,DR. WEIGERT NEODISHER MEDICLEAN FORTE,,MEDICAL SUPPLIES,19128,19128,"September 23, 2025",adhoc,A;C;D;E;F;G;H;I;L;M;N;O;R;S;T;W
06000568,DRAIN WOUND DRAIN,,MEDICAL SUPPLIES,2525,2525,"September 23, 2025",adhoc,A;D;I;N;O;R;U;W
06000569,DRAIN; DRAIN TOTAL ORTHO,,MEDICAL SUPPLIES,2899,2899,"September 23, 2025",adhoc,A;D;H;I;L;N;O;R;T
06000570,DRAIN; SOFT DRAIN FLAT ACTIVE,,MEDICAL SUPPLIES,2093,2093,"September 23, 2025",adhoc,A;C;D;E;F;I;L;N;O;R;S;T;V
06000571,DRAIN; WOUND DRAINAGE - WESTECH,,MEDICAL SUPPLIES,2692,2692,"September 23, 2025",adhoc,A;C;D;E;G;H;I;N;O;R;S;T;U;W
06000572,DRAINAGE BAG,,MEDICAL SUPPLIES,670,1425,"September 23, 2025",adhoc,A;B;D;E;G;I;N;R
06000573,DRAINAGE VALVE,,MEDICAL SUPPLIES,885,9626,"September 23, 2025",adhoc,A;D;E;G;I;L;N;R;V
06000574,DRAINAGE; BECKER EXTERNAL MON SYS,,MEDICAL SUPPLIES,22261,22261,"September 23, 2025",adhoc,A;B;C;D;E;G;I;K;L;M;N;O;R;S;T;X;Y
06000575,DRAINAGE; DRECT PUNTURE,,MEDICAL SUPPLIES,4800,4800,"September 23, 2025",adhoc,A;C;D;E;G;I;N;P;R;T;U
06000576,DRAINAGE; PULSAVAC PLUS WOUND DEBRIDEMEN,,MEDICAL SUPPLIES,9977,9977,"September 23, 2025",adhoc,A;B;C;D;E;G;I;L;M;N;O;P;R;S;U;V;W
06000577,DRAPE,,MEDICAL SUPPLIES,56,13573,"September 23, 2025",adhoc,A;D;E;P;R
06000578,DRESSING,,MEDICAL SUPPLIES,4,11400,"September 23, 2025",adhoc,D;E;G;I;N;R;S
06000740,DRILL,,MEDICAL SUPPLIES,6240,13489,"September 23, 2025",adhoc,D;I;L;R
06000579,DRILL BIT,,MEDICAL SUPPLIES,2343,10513,"September 23, 2025",adhoc,B;D;I;L;R;T
06000741,DUAL PATIENT LINE; (18EA/BX) 903-00004,,MEDICAL SUPPLIES,7130,7130,"September 23, 2025",adhoc,A;B;D;E;I;L;N;P;T;U;X;0;1;3;4;8;9
06000580,DURAGRAFT VASCULAR CONDUIT SOLUTION,,MEDICAL SUPPLIES,64325,64325,"September 23, 2025",adhoc,A;C;D;F;G;I;L;N;O;R;S;T;U;V
06000581,DURAL PATCH; DURAL REPAIR,,MEDICAL SUPPLIES,20528,34178,"September 23, 2025",adhoc,A;C;D;E;H;I;L;P;R;T;U
06000582,DVD,,MEDICAL SUPPLIES,50,92,"September 23, 2025",adhoc,D;V
06000742,EARPLUGS; HOWARD LEIGHT,,MEDICAL SUPPLIES,13,19,"September 25, 2025",adhoc,A;D;E;G;H;I;L;O;P;R;S;T;U;W
06000743,EARTIP,,MEDICAL SUPPLIES,118,416,"September 25, 2025",adhoc,A;E;I;P;R;T
06000744,EASE LYMPHEDEMA ARM SLEEVE / GAUNTLET SAND / GLOVES SAND,,MEDICAL SUPPLIES,3165,3175,"September 25, 2025",adhoc,A;D;E;G;H;L;M;N;O;P;R;S;T;U;V;Y
06000745,EASY PULL MOLESKIN 30X4.5CM,,MEDICAL SUPPLIES,22520,22520,"September 25, 2025",adhoc,A;C;E;I;K;L;M;N;O;P;S;U;X;Y;0;3;4;5
06000746,EASY PUMP; II,,MEDICAL SUPPLIES,2910,2910,"September 25, 2025",adhoc,A;E;I;M;P;S;U;Y
06000747,ECG,,MEDICAL SUPPLIES,125,25843,"September 25, 2025",adhoc,C;E;G
06000748,ECHELON 10 MCath 45 P-SHP,,MEDICAL SUPPLIES,55158,55158,"September 25, 2025",adhoc,A;C;E;H;L;M;N;O;P;S;T;0;1;4;5
06000749,EEG,,MEDICAL SUPPLIES,87,2472,"September 25, 2025",adhoc,E;G
06000750,ELECTRODE,,MEDICAL SUPPLIES,30,93010,"September 25, 2025",adhoc,C;D;E;L;O;R;T
06000751,EMBEDDING CASSETTE; WHITE 200S TRULAB,,MEDICAL SUPPLIES,1581,1581,"September 25, 2025",adhoc,A;B;C;D;E;G;H;I;L;M;N;R;S;T;U;W;0;2
06000752,ENDOGIA UNIVRSAL STAPLER 12MM XL,,MEDICAL SUPPLIES,62240,62240,"September 25, 2025",adhoc,A;D;E;G;I;L;M;N;O;P;R;S;T;U;V;X;1;2
06000753,ENDOPROBE; 23-27G 45 STEPPED ANGLED,,MEDICAL SUPPLIES,32987,32987,"September 25, 2025",adhoc,A;B;D;E;G;L;N;O;P;R;S;T;2;3;4;5;7
06000754,ENDURITY DR PM2162,,MEDICAL SUPPLIES,224000,224000,"September 25, 2025",adhoc,D;E;I;M;N;P;R;T;U;Y;1;2;6
06000755,ENEMA KIT,,MEDICAL SUPPLIES,229,20976,"September 25, 2025",adhoc,A;E;I;K;M;N;T
06000756,ENLITE SENSOR,,MEDICAL SUPPLIES,5159,5159,"September 25, 2025",adhoc,E;I;L;N;O;R;S;T
06000757,ENTRASOL PLATINUM,,MEDICAL SUPPLIES,564,564,"September 25, 2025",adhoc,A;E;I;L;M;N;O;P;R;S;T;U
06000758,ENVELOPE; MMC RESULT 10X12 IN VERTICAL,,MEDICAL SUPPLIES,33,33,"September 25, 2025",adhoc,A;C;E;I;L;M;N;O;P;R;S;T;U;V;X;0;1;2
06000759,ENVISION FLEX,,MEDICAL SUPPLIES,65054,760591,"September 25, 2025",adhoc,E;F;I;L;N;O;S;V;X
06000760,EQAS BLOOD GAS PROGRAM; 2.5ML QSD BC31,,MEDICAL SUPPLIES,7379,7379,"September 25, 2025",adhoc,A;B;C;D;E;G;L;M;O;P;Q;R;S;1;2;3;5
06000761,ETCHANT,,MEDICAL SUPPLIES,528,784,"September 25, 2025",adhoc,A;C;E;H;N;T
06000762,ETRAP; POLYP TRAP STERIS,,MEDICAL SUPPLIES,4378,4378,"September 25, 2025",adhoc,A;E;I;L;O;P;R;S;T;Y
06000763,EV 807P NMES,,MEDICAL SUPPLIES,14429,14429,"September 25, 2025",adhoc,E;M;N;P;S;V;0;7;8
06000764,EVAR PACKAGE SOMNOTEC,,MEDICAL SUPPLIES,908910,908910,"September 25, 2025",adhoc,A;C;E;G;K;M;N;O;P;R;S;T;V
06000765,EVERA DUAL CHAMBER,,MEDICAL SUPPLIES,1096880,1096880,"September 25, 2025",adhoc,A;B;C;D;E;H;L;M;R;U;V
06000766,EXACTO COLD SNARE; 2.4MM 230 CM,,MEDICAL SUPPLIES,7958,7958,"September 25, 2025",adhoc,A;C;D;E;L;M;N;O;R;S;T;X;0;2;3;4
06000767,EXCAVATOR; SPOON SHAPED METAL US DONTICS,,MEDICAL SUPPLIES,149,149,"September 25, 2025",adhoc,A;C;D;E;H;I;L;M;N;O;P;R;S;T;U;V;X
06000768,EXCEL,,MEDICAL SUPPLIES,3407,46004,"September 25, 2025",adhoc,C;E;L;X
06000769,EXCELSIOR,,MEDICAL SUPPLIES,31670,52700,"September 25, 2025",adhoc,C;E;I;L;O;R;S;X
06000770,EXERCISE BANDS,,MEDICAL SUPPLIES,359,915,"September 25, 2025",adhoc,A;B;C;D;E;I;N;R;S;X
06000771,EXERCISE TUBINGS,,MEDICAL SUPPLIES,269,594,"September 25, 2025",adhoc,B;C;E;G;I;N;R;S;T;U;X
06000772,EXPLORER; SICKLE METAL PROBE US DONTICS,,MEDICAL SUPPLIES,149,149,"September 25, 2025",adhoc,A;B;C;D;E;I;K;L;M;N;O;P;R;S;T;U;X
06000773,EXT LENGTH MICROPOINT TIP GRAD BL 1000UL,,MEDICAL SUPPLIES,1536,1536,"September 25, 2025",adhoc,A;B;C;D;E;G;H;I;L;M;N;O;P;R;T;U;X;0;1
06000774,EXTERNAL DRAINAGE SYS W/ CATH DESU,,MEDICAL SUPPLIES,23670,23670,"September 25, 2025",adhoc,A;C;D;E;G;H;I;L;N;R;S;T;U;W;X;Y
06000775,EXTRACTION BALLOON; SINGLE-USE PROGRESSI,,MEDICAL SUPPLIES,19922,19922,"September 25, 2025",adhoc,A;B;C;E;G;I;L;N;O;P;R;S;T;U;X
06000776,EXTRACTOR,,MEDICAL SUPPLIES,21961,33180,"September 25, 2025",adhoc,A;C;E;O;R;T;X
06000777,EYE PADS; EYE PROTECTOR,,MEDICAL SUPPLIES,15,18,"September 25, 2025",adhoc,A;C;D;E;O;P;R;S;T;Y
06000778,EYE SHIELD; EYE PROTECTOR PLASTIC,,MEDICAL SUPPLIES,177,177,"September 25, 2025",adhoc,A;C;D;E;H;I;L;O;P;R;S;T;Y
06000779,EYE SPEARS,,MEDICAL SUPPLIES,45,1216,"October 16, 2025",adhoc,A;E;P;R;S;Y
06000780,EYECRYL PLUS; MONOFOCAL,,MEDICAL SUPPLIES,1163,1163,"September 25, 2025",adhoc,A;C;E;F;L;M;N;O;P;R;S;U;Y
06000781,F/G GATEWAY OTW OUS,,MEDICAL SUPPLIES,31670,31670,"September 25, 2025",adhoc,A;E;F;G;O;S;T;U;W;Y
06000782,FACE SHIELD;CLEAR W/ FOAM,,MEDICAL SUPPLIES,31,31,"September 25, 2025",adhoc,A;C;D;E;F;H;I;L;M;O;R;S;W
06000783,FEEDER; HABERMAN CLEF PALATE,,MEDICAL SUPPLIES,3397,3397,"September 25, 2025",adhoc,A;B;C;D;E;F;H;L;M;N;P;R;T
06000784,FEEDING TUBE; FREEGO S790,,MEDICAL SUPPLIES,535,535,"September 25, 2025",adhoc,B;D;E;F;G;I;N;O;R;S;T;U;0;7;9
06000785,FEMININE WASH,,MEDICAL SUPPLIES,76,367,"September 25, 2025",adhoc,A;E;F;H;I;M;N;S;W
06000786,FIBER; SURGICAL,,MEDICAL SUPPLIES,88234,88244,"September 25, 2025",adhoc,A;B;C;E;F;G;I;L;R;S;U
06000787,FILLING TUBES SOLAR BLUE LIBRA & ALPHA,,MEDICAL SUPPLIES,1927,1927,"September 25, 2025",adhoc,A;B;E;F;G;H;I;L;N;O;P;R;S;T;U
06000788,FILM,,MEDICAL SUPPLIES,263,30751,"September 25, 2025",adhoc,F;I;L;M
06000790,FILTER,,MEDICAL SUPPLIES,108,117828,"September 25, 2025",adhoc,E;F;I;L;R;T
06000789,FILTER WIRE FW EZ - BOSTON,,MEDICAL SUPPLIES,86498,86498,"September 25, 2025",adhoc,B;E;F;I;L;N;O;R;S;T;W;Z
06000791,FILTERED TIP,,MEDICAL SUPPLIES,750,1395,"September 25, 2025",adhoc,D;E;F;I;L;P;R;T
06000792,FILTERLINE; H SET MICRO ADULT/PED M1921A,,MEDICAL SUPPLIES,2495,2495,"September 25, 2025",adhoc,A;C;D;E;F;H;I;L;M;N;O;P;R;S;T;U;1;2;9
06000793,FINISHING STRIP,,MEDICAL SUPPLIES,660,660,"September 25, 2025",adhoc,F;G;H;I;N;P;R;S;T
06000794,FINNTIP,,MEDICAL SUPPLIES,5372,8064,"September 25, 2025",adhoc,F;I;N;P;T
06000795,"FITTED SHEET WHITE - 27""x76""x10""",,MEDICAL SUPPLIES,589,589,"October 15, 2025",adhoc,D;E;F;H;I;S;T;W;X;0;1;2;6;7
06000796,FIXATOR,,MEDICAL SUPPLIES,3993,22282,"September 25, 2025",adhoc,A;F;I;O;R;T;X
06000797,FLANGE; UROSTOMY 50MM PROCARE,,MEDICAL SUPPLIES,343,343,"September 25, 2025",adhoc,A;C;E;F;G;L;M;N;O;P;R;S;T;U;Y;0;5
06000798,FLASK,,MEDICAL SUPPLIES,242,22060,"September 25, 2025",adhoc,A;F;K;L;S
06000799,"FLAT SHEET WHITE - 54""x90""",,MEDICAL SUPPLIES,686,686,"October 15, 2025",adhoc,A;E;F;H;I;L;S;T;W;X;0;4;5;9
06000800,FLEXOR CHECK-FLO INTRODUCER,,MEDICAL SUPPLIES,13823,13823,"September 25, 2025",adhoc,C;D;E;F;H;I;K;L;N;O;R;T;U;X
06000801,FLOW METER & HUMIDIFIER; OXYGEN,,MEDICAL SUPPLIES,5312,5312,"September 25, 2025",adhoc,D;E;F;G;H;I;L;M;N;O;R;T;U;W;X;Y
06000802,FLOW SENSOR,,MEDICAL SUPPLIES,7216,9144,"September 25, 2025",adhoc,E;F;L;N;O;R;S;W
06000803,FLOW SHUNT,,MEDICAL SUPPLIES,17875,19404,"September 25, 2025",adhoc,F;H;L;N;O;S;T;U;W
06000804,FLOWMETER,,MEDICAL SUPPLIES,1018,2131,"September 25, 2025",adhoc,E;F;L;M;O;R;T;W
06000805,FLUORESCEIN DYE 10%,,MEDICAL SUPPLIES,924,2655,"September 25, 2025",adhoc,C;D;E;F;I;L;N;O;R;S;U;Y;0;1
06000806,FLUOROCELL WDF 22MLX2 (WDF-810A),,MEDICAL SUPPLIES,7640,7640,"September 25, 2025",adhoc,A;C;D;E;F;L;M;O;R;U;W;X;0;1;2;8
06000807,FLUTED BURR,,MEDICAL SUPPLIES,11609,18120,"September 25, 2025",adhoc,B;D;E;F;L;R;T;U
06000809,FOAM,,MEDICAL SUPPLIES,258,9004,"September 25, 2025",adhoc,A;F;M;O
06000808,FOAM TIPS INSERT EARPHONE (PEDIA),,MEDICAL SUPPLIES,197,197,"September 25, 2025",adhoc,A;D;E;F;H;I;M;N;O;P;R;S;T
06000810,FORCE BIPOLAR; DA VINCI,,MEDICAL SUPPLIES,471625,471625,"September 25, 2025",adhoc,A;B;C;D;E;F;I;L;N;O;P;R;V
06000811,FORCEP,,MEDICAL SUPPLIES,95,632076,"September 25, 2025",adhoc,C;E;F;O;P;R
06000812,FORMALIN,,MEDICAL SUPPLIES,134,5098,"September 25, 2025",adhoc,A;F;I;L;M;N;O;R
06000813,FREEZING BAG; 500ML 200-074-402 CYROMACS,,MEDICAL SUPPLIES,12296,12296,"September 25, 2025",adhoc,A;B;C;E;F;G;I;L;M;N;O;R;S;Y;Z;0;2;4;5;7
06000814,FUNNEL; PLASTIC SMALL,,MEDICAL SUPPLIES,21,21,"September 25, 2025",adhoc,A;C;E;F;I;L;M;N;P;S;T;U
06000837,G-PROBE; IRIDEX,,MEDICAL SUPPLIES,36542,36542,"September 26, 2025",adhoc,B;D;E;G;I;O;P;R;X
06000815,GAS CYLINDER,,MEDICAL SUPPLIES,15120,229052,"September 26, 2025",adhoc,A;C;D;E;G;I;L;N;R;S;Y
06000014,GASES,,MEDICAL SUPPLIES,206,325500,"July 30, 2026",adhoc,A;E;G;S
06000816,GASES,,MEDICAL SUPPLIES,206,325500,"September 26, 2025",adhoc,A;E;G;S
06000817,GAUGE; PRESSURE W/ FLOWMETER&HUMIDIFIER,,MEDICAL SUPPLIES,9360,9360,"September 26, 2025",adhoc,A;D;E;F;G;H;I;L;M;O;P;R;S;T;U;W
06000818,GAUZE,,MEDICAL SUPPLIES,13,8525,"September 26, 2025",adhoc,A;E;G;U;Z
06000819,GC FUJI VII (PINK) POWDER LIQUID,,MEDICAL SUPPLIES,9966,9966,"September 26, 2025",adhoc,C;D;E;F;G;I;J;K;L;N;O;P;Q;R;U;V;W
06000820,GDC 10,,MEDICAL SUPPLIES,60153,87253,"September 26, 2025",adhoc,C;D;G;0;1
06000823,GDC 18,,MEDICAL SUPPLIES,62864,63000,"September 26, 2025",adhoc,C;D;G;1;8
06000821,GDC SYNERG CONNECTING CABLES,,MEDICAL SUPPLIES,8207,8207,"September 26, 2025",adhoc,A;B;C;D;E;G;I;L;N;O;R;S;T;Y
06000822,GDC VORTX,,MEDICAL SUPPLIES,48190,48190,"September 26, 2025",adhoc,C;D;G;O;R;T;V;X
06000824,GEL; TRANSONIC ULTRASOUND GEL 5 LITERS,,MEDICAL SUPPLIES,1734,1734,"September 26, 2025",adhoc,A;C;D;E;G;I;L;N;O;R;S;T;U;5
06000825,GEL; ULTRASOUND 5L,,MEDICAL SUPPLIES,1365,3037,"September 26, 2025",adhoc,A;D;E;G;L;N;O;R;S;T;U;5
06000826,GEL; WOUND 3OZ. 85GRAMS SOLOSITE,,MEDICAL SUPPLIES,1046,1046,"September 26, 2025",adhoc,A;D;E;G;I;L;M;N;O;R;S;T;U;W;Z;3;5;8
06000827,GELATIN SPONGE; CURASPON 80X50X10MM,,MEDICAL SUPPLIES,659,659,"September 26, 2025",adhoc,A;C;E;G;I;L;M;N;O;P;R;S;T;U;X;0;1;5;8
06000828,GEMSTAR ADMINISTRATION SET,,MEDICAL SUPPLIES,1250,1250,"September 26, 2025",adhoc,A;D;E;G;I;M;N;O;R;S;T
06000829,GEN 36 TIP,,MEDICAL SUPPLIES,12872,12872,"September 26, 2025",adhoc,E;G;I;N;P;T;3;6
06000830,GENERATOR SENSIA PULSE SEDRL01,,MEDICAL SUPPLIES,188310,188310,"September 26, 2025",adhoc,A;D;E;G;I;L;N;O;P;R;S;T;U;0;1
06000831,GENESIS FILTER PAPER 9.5INX 9.5IN,,MEDICAL SUPPLIES,60,60,"September 26, 2025",adhoc,A;E;F;G;I;L;N;P;R;S;T;X;5;9
06000832,GIRAFFE DISPOSABLE/REUSABLE PATIENT PROBE,,MEDICAL SUPPLIES,1896,12862,"September 26, 2025",adhoc,A;B;D;E;F;G;I;L;N;O;P;R;S;T;U
06000834,GLASS,,MEDICAL SUPPLIES,60,97,"September 26, 2025",adhoc,A;G;L;S
06000833,GLASS TUBING - 3 INCH,,MEDICAL SUPPLIES,30,30,"September 26, 2025",adhoc,A;B;C;G;H;I;L;N;S;T;U;3
06000835,GLIDE SCOPE; DISP. GLIDE,,MEDICAL SUPPLIES,2407,9852,"September 26, 2025",adhoc,C;D;E;G;I;L;O;P;S
06000836,GLOVES,,MEDICAL SUPPLIES,29,3983,"September 26, 2025",adhoc,E;G;L;O;S;V
06000838,GRAFT,,MEDICAL SUPPLIES,73666,238813,"September 26, 2025",adhoc,A;F;G;R;T
06000839,GRASPER; TIP-UP FENESTRATED DA VINCI,,MEDICAL SUPPLIES,367837,367837,"September 26, 2025",adhoc,A;C;D;E;F;G;I;N;P;R;S;T;U;V
06000840,GRASPING FORCEPS; SMALL DA VINCI,,MEDICAL SUPPLIES,401224,401224,"September 26, 2025",adhoc,A;C;D;E;F;G;I;L;M;N;O;P;R;S;V
06000841,GUIDE WIRE,,MEDICAL SUPPLIES,1229,11989,"September 26, 2025",adhoc,D;E;G;I;R;U;W
06000842,GUIDER,,MEDICAL SUPPLIES,13887,17050,"September 26, 2025",adhoc,D;E;G;I;R;U
06000843,GUIDEZILLA II FR6,,MEDICAL SUPPLIES,31670,31670,"September 26, 2025",adhoc,A;D;E;F;G;I;L;R;U;Z;6
06000844,GWIRE,,MEDICAL SUPPLIES,428,28969,"September 26, 2025",adhoc,E;G;I;R;W
06000062,GWIRE; AMPLATZ,,MEDICAL SUPPLIES,6551,10709,"July 30, 2026",adhoc,A;E;G;I;L;M;P;R;T;W;Z
06000845,H.VALVE; MITRAL 25/33mm RGM,,MEDICAL SUPPLIES,147581,147581,"September 26, 2025",adhoc,A;E;G;H;I;L;M;R;T;V;2;3;5
06000846,HAEMOCER,,MEDICAL SUPPLIES,2790,20925,"September 26, 2025",adhoc,A;C;E;H;M;O;R
06000847,HAEMOSELECT PLASMA FILTER O.5sqm,,MEDICAL SUPPLIES,19912,19912,"September 26, 2025",adhoc,A;C;E;F;H;I;L;M;O;P;Q;R;S;T;5
06000462,HAIR CONDITIONER,,MEDICAL SUPPLIES,15,17,"September 20, 2025",adhoc,A;C;D;E;H;I;N;O;R;T
06000848,HAND PAD; WRIST TOWER AR-1617,,MEDICAL SUPPLIES,4995,4995,"September 26, 2025",adhoc,A;D;E;H;I;N;O;P;R;S;T;W;1;6;7
06000849,HAND TOWEL STERILE BLUE CIRCULATING,,MEDICAL SUPPLIES,497,497,"September 26, 2025",adhoc,A;B;C;D;E;G;H;I;L;N;O;R;S;T;U;W
06000850,HANDLE; DSP BACKFLUSH SOFTTIP,,MEDICAL SUPPLIES,3520,5170,"September 26, 2025",adhoc,A;B;C;D;E;F;H;I;K;L;N;O;P;S;T;U
06000851,HANDLE; SURGICAL BLADE S.3 FEATHER,,MEDICAL SUPPLIES,742,742,"September 26, 2025",adhoc,A;B;C;D;E;F;G;H;I;L;N;R;S;T;U;3
06000852,HANDPIECE; BIEN AIR PM2-1125 1600769-001,,MEDICAL SUPPLIES,14429,14429,"September 26, 2025",adhoc,A;B;C;D;E;H;I;M;N;P;R;0;1;2;5;6;7;9
06000853,HAPTEN,,MEDICAL SUPPLIES,5977,11779,"September 26, 2025",adhoc,A;E;H;N;P;T
06000854,HARD FLUE; DISP.,,MEDICAL SUPPLIES,1601,1601,"September 26, 2025",adhoc,A;D;E;F;H;I;L;P;R;S;U
06000855,HARMONIC HANDPIECE BLUE / GRAY,,MEDICAL SUPPLIES,302250,344960,"September 26, 2025",adhoc,A;B;C;D;E;G;H;I;L;M;N;O;P;R;U;Y
06000856,HD CHR DIALYSIS TREATMENT,,MEDICAL SUPPLIES,3600,3748,"September 26, 2025",adhoc,A;C;D;E;H;I;L;M;N;R;S;T;Y
06000857,HEAD COVER; COMFORT HOOD CONVERTORS,,MEDICAL SUPPLIES,83,83,"September 26, 2025",adhoc,A;C;D;E;F;H;M;N;O;R;S;T;V
06000858,HEAD SUPPORT; POSIFIX CUSTOMIZABLE CHS01,,MEDICAL SUPPLIES,54250,54250,"September 26, 2025",adhoc,A;B;C;D;E;F;H;I;L;M;O;P;R;S;T;U;X;Z;0;1
06000859,HEADREST,,MEDICAL SUPPLIES,17620,37372,"September 26, 2025",adhoc,A;D;E;H;R;S;T
06000860,HEALIX ADV; BR W/ DYNACORD 4.5MM,,MEDICAL SUPPLIES,43137,43137,"September 26, 2025",adhoc,A;B;C;D;E;H;I;L;M;N;O;R;V;W;X;Y;4;5
06000861,HEART STABILIZER,,MEDICAL SUPPLIES,152000,195688,"September 26, 2025",adhoc,A;B;E;H;I;L;R;S;T;Z
06000862,HEARTRAIL II BACK UP LEFT 3.0 FR6,,MEDICAL SUPPLIES,12862,12862,"September 26, 2025",adhoc,A;B;C;E;F;H;I;K;L;P;R;T;U;0;3;6
06000863,HEELMEDIX HEEL PROTECTOR WITH WEDGE,,MEDICAL SUPPLIES,12612,12612,"September 26, 2025",adhoc,C;D;E;G;H;I;L;M;O;P;R;T;W;X
06000864,HELICOTEC UT PLUS H-PYLORI STRIPS,,MEDICAL SUPPLIES,510,510,"September 26, 2025",adhoc,C;E;H;I;L;O;P;R;S;T;U;Y
06000865,HELIUM TANK; DISPOSABLE 32L-IAH-09045,,MEDICAL SUPPLIES,31000,31000,"September 26, 2025",adhoc,A;B;D;E;H;I;K;L;M;N;O;P;S;T;U;0;2;3;4;5;9
06000866,HEMACYTOMETER Z35962-9 ALDRICH,,MEDICAL SUPPLIES,32477,32477,"September 26, 2025",adhoc,A;C;D;E;H;I;L;M;O;R;T;Y;Z;2;3;5;6;9
06000867,HEMATOXYLIN; FOR AUTOSTAINER 500ML DAKO,,MEDICAL SUPPLIES,32881,32881,"September 26, 2025",adhoc,A;D;E;F;H;I;K;L;M;N;O;R;S;T;U;X;Y;0;5
06000868,HEMO VALVE; GUARDIAN II TORQUE 25CM,,MEDICAL SUPPLIES,5425,5425,"September 26, 2025",adhoc,A;C;D;E;G;H;I;L;M;N;O;Q;R;T;U;V;2;5
06000869,HEMOCONCENTRATOR; ADULT / PEDIA,,MEDICAL SUPPLIES,13107,13117,"September 26, 2025",adhoc,A;C;D;E;H;I;L;M;N;O;P;R;T;U
06000870,HEMOFILTER DIACAP ACUTE M (1.5sqm),,MEDICAL SUPPLIES,3840,3840,"September 26, 2025",adhoc,A;C;D;E;F;H;I;L;M;O;P;Q;R;S;T;U;1;5
06000871,HEMOSPRAY; ENDOSCOPIC HEMOSTAT 7FRX220CM,,MEDICAL SUPPLIES,84905,84905,"September 26, 2025",adhoc,A;C;D;E;F;H;I;M;N;O;P;R;S;T;X;Y;0;2;7
06000872,HEMOSTAT; AVITENE ULTRAFOAM 8X6X1CM BARD,,MEDICAL SUPPLIES,16378,16378,"September 26, 2025",adhoc,A;B;C;D;E;F;H;I;L;M;N;O;R;S;T;U;V;X;1;6;8
06000873,HEMOSTATIC AGENT,,MEDICAL SUPPLIES,13677,22585,"September 26, 2025",adhoc,A;C;E;G;H;I;M;N;O;S;T
06000874,HEMOSTATIC VALVE,,MEDICAL SUPPLIES,2890,5626,"September 26, 2025",adhoc,A;C;E;H;I;L;M;O;S;T;V
06000875,HEMOSTATIC; SURGIFLO 8ML MS0010 J&J,,MEDICAL SUPPLIES,21083,21083,"September 26, 2025",adhoc,A;C;E;F;G;H;I;J;L;M;O;R;S;T;U;0;1;8
06000876,HEMOTEQ AG RANGER SL 2.5MMX80MM,,MEDICAL SUPPLIES,70823,70823,"September 26, 2025",adhoc,A;E;G;H;L;M;N;O;Q;R;S;T;X;0;2;5;8
06000877,HEPARIN,,MEDICAL SUPPLIES,103,255,"September 26, 2025",adhoc,A;E;H;I;N;P;R
06000878,HF/HDF SUBSTITUTION TUBING,,MEDICAL SUPPLIES,336,336,"September 26, 2025",adhoc,B;D;F;G;H;I;N;O;S;T;U
06000879,HME; HYDRO TRACH T W/ OXYGEN TUBING,,MEDICAL SUPPLIES,352,352,"September 26, 2025",adhoc,A;B;C;D;E;G;H;I;M;N;O;R;T;U;W;X;Y
06000880,HME; OXYGEN PORT AQUA T PLUS DISPOSABLE,,MEDICAL SUPPLIES,369,369,"September 26, 2025",adhoc,A;B;D;E;G;H;I;L;M;N;O;P;Q;R;S;T;U;X;Y
06000881,HOLDER; CATHETER HOLD N FOLEY H8410316,,MEDICAL SUPPLIES,1128,1128,"September 26, 2025",adhoc,A;C;D;E;F;H;L;N;O;R;T;Y;0;1;3;4;6;8
06000883,HOLDER; LIMB QUICK RELEASE,,MEDICAL SUPPLIES,2182,2271,"September 26, 2025",adhoc,A;B;C;D;E;H;I;K;L;M;O;Q;R;S;U
06000884,HOLDER; NEEDLE,,MEDICAL SUPPLIES,164,391,"September 26, 2025",adhoc,D;E;H;L;N;O;R
06000885,HOLDER; SOAP DISH PLASTIC BLUE,,MEDICAL SUPPLIES,63,63,"September 26, 2025",adhoc,A;B;C;D;E;H;I;L;O;P;R;S;T;U
06000886,HOLDER; TRACHEOSTOMY TUBE,,MEDICAL SUPPLIES,507,779,"September 26, 2025",adhoc,A;B;C;D;E;H;L;M;O;R;S;T;U;Y
06000882,HOLDER; TUBE,,MEDICAL SUPPLIES,336,2726,"September 26, 2025",adhoc,B;D;E;H;L;O;R;T;U
06000887,HOOD,,MEDICAL SUPPLIES,3789,4799,"September 26, 2025",adhoc,D;H;O
06000888,HOSE SET; DISP. REF 700S0316,,MEDICAL SUPPLIES,12409,12409,"September 26, 2025",adhoc,D;E;F;H;I;O;P;R;S;T;0;1;3;6;7
06000889,HOT MOIST PACKS; S.,,MEDICAL SUPPLIES,1554,1711,"September 26, 2025",adhoc,A;C;H;I;K;M;O;P;S;T
06000890,HUDSON RCI; TRACH-VENT+ REF#41312,,MEDICAL SUPPLIES,359,359,"September 26, 2025",adhoc,A;C;D;E;F;H;I;N;O;R;S;T;U;V;1;2;3;4
06000891,HUMIDIFIER,,MEDICAL SUPPLIES,121,762,"September 26, 2025",adhoc,D;E;F;H;I;M;R;U
06000892,HYALOFAST INSTRUMENT,,MEDICAL SUPPLIES,3584,3584,"September 26, 2025",adhoc,A;E;F;H;I;L;M;N;O;R;S;T;U;Y
06000893,HYDRODISSECTOR; HORIZONTAL G.27X7/8 SPE,,MEDICAL SUPPLIES,341,341,"September 26, 2025",adhoc,A;C;D;E;G;H;I;L;N;O;P;R;S;T;X;Y;Z;2;7;8
06000894,IDC-18(ALL SIZES),,MEDICAL SUPPLIES,40000,40000,"September 26, 2025",adhoc,A;C;D;E;I;L;S;Z;1;8
06000895,ILM BLUE VIAL 0.5ML,,MEDICAL SUPPLIES,5333,5333,"September 26, 2025",adhoc,A;B;E;I;L;M;U;V;0;5
06000896,ILUMINATING BAYONET G. 20,,MEDICAL SUPPLIES,21951,21951,"September 26, 2025",adhoc,A;B;E;G;I;L;M;N;O;T;U;Y;0;2
06000897,IMMERSION OIL DROPPER 20 ML,,MEDICAL SUPPLIES,16605,16605,"September 26, 2025",adhoc,D;E;I;L;M;N;O;P;R;S;0;2
06000898,IMPACT DISPOSABLE TIP ALMAHYBRID,,MEDICAL SUPPLIES,4514,4514,"September 26, 2025",adhoc,A;B;C;D;E;H;I;L;M;O;P;R;S;T;Y
06000899,IMPLANT AND CONFORMER HOLLYWOOD,,MEDICAL SUPPLIES,660,660,"September 26, 2025",adhoc,A;C;D;E;F;H;I;L;M;N;O;P;R;T;W;Y
06000900,IMPLANT/CORFORMER; ORBITAL,,MEDICAL SUPPLIES,660,809,"September 26, 2025",adhoc,A;B;C;E;F;I;L;M;N;O;P;R;T
06000901,IMPLANT; D.MEDIAL PLATE 5.0 LS 3.5,,MEDICAL SUPPLIES,47169,47169,"September 26, 2025",adhoc,A;D;E;I;L;M;N;P;S;T;0;3;5
06000902,IMPLANT; DIAM,,MEDICAL SUPPLIES,8848,164823,"September 26, 2025",adhoc,A;D;I;L;M;N;P;T
06000903,IN.PACT ADMIRAL,,MEDICAL SUPPLIES,71843,71843,"September 26, 2025",adhoc,A;C;D;I;L;M;N;P;R;T
06000904,INDICATOR,,MEDICAL SUPPLIES,13,12478,"September 26, 2025",adhoc,A;C;D;I;N;O;R;T
06000905,INDIGO SEPARATOR,,MEDICAL SUPPLIES,227473,246601,"September 26, 2025",adhoc,A;D;E;G;I;N;O;P;R;S;T
06000906,INFANT BONNET,,MEDICAL SUPPLIES,2192,2363,"September 26, 2025",adhoc,A;B;E;F;I;N;O;T
06000907,INFANT DELIVERY SYSTEM SMCP FISHER & PAY,,MEDICAL SUPPLIES,6219,6219,"September 26, 2025",adhoc,A;C;D;E;F;H;I;L;M;N;P;R;S;T;V;Y
06000908,INFANT RESUSCITATION MASK,,MEDICAL SUPPLIES,825,825,"September 26, 2025",adhoc,A;C;E;F;I;K;M;N;O;R;S;T;U
06000909,INFLATION DEVICE,,MEDICAL SUPPLIES,5704,31670,"September 26, 2025",adhoc,A;C;D;E;F;I;L;N;O;T;V
06000910,INFUSOR,,MEDICAL SUPPLIES,3601,3885,"September 26, 2025",adhoc,F;I;N;O;R;S;U
06000911,INJECTABLE,,MEDICAL SUPPLIES,6865,44423,"September 26, 2025",adhoc,A;B;C;E;I;J;L;N;T
06000912,INJECTIBLE; Na HYALURANATE,,MEDICAL SUPPLIES,44202,44959,"September 26, 2025",adhoc,A;B;C;E;H;I;J;L;N;R;T;U;Y
06000913,INJECTION PRESSURE MONITOR; BSMART BBRAUN,,MEDICAL SUPPLIES,1217,1217,"September 26, 2025",adhoc,A;B;C;E;I;J;M;N;O;P;R;S;T;U
06000914,INK MARKER; ENDOSCOPIC TS-205 BLACK EYE,,MEDICAL SUPPLIES,10860,10860,"September 26, 2025",adhoc,A;B;C;D;E;I;K;L;M;N;O;P;R;S;T;Y;0;2;5
06000915,INLINE NEBULIZER(MACRO)10000ML.DISPO.,,MEDICAL SUPPLIES,982,982,"September 26, 2025",adhoc,A;B;C;D;E;I;L;M;N;O;P;R;S;U;Z;0;1
06000916,INSERT; LUMBAR SUPPORT COSMETIC SHAPE,,MEDICAL SUPPLIES,2377,2377,"September 26, 2025",adhoc,A;B;C;E;H;I;L;M;N;O;P;R;S;T;U
06000917,INSTRUMENT,,MEDICAL SUPPLIES,5616,219640,"September 26, 2025",adhoc,E;I;M;N;R;S;T;U
06000918,INSTRUMENTATION,,MEDICAL SUPPLIES,5626,28537,"September 26, 2025",adhoc,A;E;I;M;N;O;R;S;T;U
06000919,INSUFFLATOR;PNEUMOSURE HIGH FLOW STRYKER,,MEDICAL SUPPLIES,4389,4389,"September 26, 2025",adhoc,A;E;F;G;H;I;K;L;M;N;O;P;R;S;T;U;W;Y
06000920,INTEGRAL STENT; FR4X15CM RUSCH 334704,,MEDICAL SUPPLIES,6745,6745,"September 26, 2025",adhoc,A;C;E;F;G;H;I;L;M;N;R;S;T;U;X;0;1;3;4;5;7
06000921,INTERCEED 3 X 4 ABSORBABLE ADHESION,,MEDICAL SUPPLIES,8008,8008,"September 26, 2025",adhoc,A;B;C;D;E;H;I;L;N;O;R;S;T;X;3;4
06000922,INTRA SUMP TUBE; FR20 6.7MM MEDTRONIC,,MEDICAL SUPPLIES,6792,6792,"September 26, 2025",adhoc,A;B;C;D;E;F;I;M;N;O;P;R;S;T;U;0;2;6;7
06000923,INTRAGEN TIP 15X15MM,,MEDICAL SUPPLIES,12402,12402,"September 26, 2025",adhoc,A;E;G;I;M;N;P;R;T;X;1;5
06000924,INTREPID,,MEDICAL SUPPLIES,5348,11244,"September 26, 2025",adhoc,D;E;I;N;P;R;T
06000925,INTRODUCER; HEMOS. BRAIDIN,,MEDICAL SUPPLIES,2598,4619,"September 26, 2025",adhoc,A;B;C;D;E;H;I;M;N;O;R;S;T;U
06000926,INZONE DETACHMENT SYSTEM,,MEDICAL SUPPLIES,18959,18959,"September 26, 2025",adhoc,A;C;D;E;H;I;M;N;O;S;T;Y;Z
06000927,IOL; BIO HYDROJECT IOL DELIVERY SYSTEM,,MEDICAL SUPPLIES,543,543,"September 26, 2025",adhoc,B;C;D;E;H;I;J;L;M;O;R;S;T;V;Y
06000928,IPAS MANUAL VACUUM ASPIRATION,,MEDICAL SUPPLIES,2376,3310,"September 26, 2025",adhoc,A;C;I;L;M;N;O;P;R;S;T;U;V
06000929,IPC M.INSERTION R54400-16-MI,,MEDICAL SUPPLIES,16800,16800,"September 26, 2025",adhoc,C;E;I;M;N;O;P;R;S;T;0;1;4;5;6
06000930,IQ ULTIMATE CHAMBER,,MEDICAL SUPPLIES,672,66181,"September 26, 2025",adhoc,A;B;C;E;H;I;L;M;Q;R;T;U
06000931,IRIS SCISSOR,,MEDICAL SUPPLIES,116,158,"September 26, 2025",adhoc,C;I;O;R;S
06000932,IRRIGATION LINE; TUBING 1100037-010,,MEDICAL SUPPLIES,1886,1886,"September 26, 2025",adhoc,A;B;E;G;I;L;N;O;R;T;U;0;1;3;7
06000933,IRRIGATOR; BIOSHIELD 00711133 US ENDO,,MEDICAL SUPPLIES,723,723,"September 26, 2025",adhoc,A;B;D;E;G;H;I;L;N;O;R;S;T;U;0;1;3;7
06000934,ISOPROPYL ALC; 70% 500ML G.CROSS (MEDEX),,MEDICAL SUPPLIES,167,167,"September 26, 2025",adhoc,A;C;D;E;G;I;L;M;O;P;R;S;X;Y;0;5;7
06000935,IUD MIRENA,,MEDICAL SUPPLIES,25644,25644,"September 26, 2025",adhoc,A;D;E;I;M;N;R;U
06000936,IZDS CONNECTING CABLE,,MEDICAL SUPPLIES,9789,9789,"September 26, 2025",adhoc,A;B;C;D;E;G;I;L;N;O;S;T;Z
06000945,J COLLAR ADVANCE MIAMI,,MEDICAL SUPPLIES,10857,10857,"October 16, 2025",adhoc,A;C;D;E;I;J;L;M;N;O;R;V
06000946,JUICE; ORANGE POWDER 24G ABOUND,,MEDICAL SUPPLIES,369,369,"October 16, 2025",adhoc,A;B;C;D;E;G;I;J;N;O;P;R;U;W;2;4
06001003,K-WIRE; KIRSHNER WIRE - WESTECH,,MEDICAL SUPPLIES,824,824,"October 17, 2025",adhoc,C;E;H;I;K;N;R;S;T;W
06000947,KANGAROO TUBE,,MEDICAL SUPPLIES,303,406,"October 17, 2025",adhoc,A;B;E;G;K;N;O;R;T;U
06000949,KIT; ADMISSION,,MEDICAL SUPPLIES,109,118,"October 17, 2025",adhoc,A;D;I;K;M;N;O;S;T
06000950,KIT; ARIVO SPIRATL TUBE AND CHAMBER,,MEDICAL SUPPLIES,13442,13442,"October 17, 2025",adhoc,A;B;C;D;E;H;I;K;L;M;N;O;P;R;S;T;U;V
06000951,KIT; BC PREP,,MEDICAL SUPPLIES,1838,1838,"October 17, 2025",adhoc,B;C;E;I;K;P;R;T
06000952,KIT; BREATH. CIRCUIT 2LIMB INFANT EVAQUA,,MEDICAL SUPPLIES,9504,9504,"October 17, 2025",adhoc,A;B;C;E;F;H;I;K;L;M;N;Q;R;T;U;V;2
06000953,KIT; CATHETER DUAL LUMEN JOLINE,,MEDICAL SUPPLIES,4800,4800,"October 17, 2025",adhoc,A;C;D;E;H;I;J;K;L;M;N;O;R;T;U
06000954,KIT; COBES ANGIOGRAPHY PACK 66004 HEFEI,,MEDICAL SUPPLIES,5716,5716,"October 17, 2025",adhoc,A;B;C;E;F;G;H;I;K;N;O;P;R;S;T;Y;0;4;6
06000955,KIT; CRRT PRE-ASSEMBLED OMNI FILTER,,MEDICAL SUPPLIES,21149,21149,"October 17, 2025",adhoc,A;B;C;D;E;F;I;K;L;M;N;O;P;R;S;T
06000956,KIT; CSF FLOW SHUNT 12MM LOW PRESSURE,,MEDICAL SUPPLIES,32531,32531,"October 17, 2025",adhoc,C;E;F;H;I;K;L;M;N;O;P;R;S;T;U;W;1;2
06000957,KIT; DENTAL H&S ESSENTIALS,,MEDICAL SUPPLIES,19,19,"October 17, 2025",adhoc,A;D;E;H;I;K;L;N;S;T
06000958,KIT; DIAPACT PAP,,MEDICAL SUPPLIES,11750,11750,"October 17, 2025",adhoc,A;C;D;I;K;P;T
06000959,KIT; ENDOSCOPIC VEIN HARVESTING VASOVIEW,,MEDICAL SUPPLIES,120000,120000,"October 17, 2025",adhoc,A;C;D;E;G;H;I;K;N;O;P;R;S;T;V;W
06000960,KIT; EVH HEMOPRO MAQUET REF. VH4000,,MEDICAL SUPPLIES,157440,157440,"October 17, 2025",adhoc,A;E;F;H;I;K;M;O;P;Q;R;T;U;V;0;4
06000961,KIT; GASTRO,,MEDICAL SUPPLIES,8480,9440,"October 17, 2025",adhoc,A;G;I;K;O;R;S;T
06000962,KIT; GLUCOSE METER; CONTOUR PLUS ELITE,,MEDICAL SUPPLIES,2169,2169,"October 17, 2025",adhoc,C;E;G;I;K;L;M;N;O;P;R;S;T;U
06000963,KIT; GUIDE SHEAT K-201 OLYMPUS,,MEDICAL SUPPLIES,35660,35660,"October 17, 2025",adhoc,A;D;E;G;H;I;K;L;M;O;P;S;T;U;Y;0;1;2
06000964,KIT; HC-PEPTIDE (1-125) IRMA KIT,,MEDICAL SUPPLIES,24064,24064,"October 17, 2025",adhoc,A;C;D;E;H;I;K;M;P;R;T;1;2;5
06000965,KIT; HEPLOCK INS.,,MEDICAL SUPPLIES,474,640,"October 17, 2025",adhoc,C;E;H;I;K;L;N;O;P;S;T
06000966,KIT; HILLROM METANEB 4.0 SPU W/ NEB BAXT,,MEDICAL SUPPLIES,14706,14706,"October 17, 2025",adhoc,A;B;E;H;I;K;L;M;N;O;P;R;S;T;U;W;X;0;4
06000967,KIT; IABC INS.,,MEDICAL SUPPLIES,97097,97097,"October 17, 2025",adhoc,A;B;C;I;K;N;S;T
06000968,KIT; IGFBP-1 BIOMARKER ACTIM PROM,,MEDICAL SUPPLIES,1948,1948,"October 17, 2025",adhoc,A;B;C;E;F;G;I;K;M;O;P;R;T;1
06000969,KIT; IMMUNOCULT DENDRITIC CELL CULTURE,,MEDICAL SUPPLIES,114132,114132,"October 17, 2025",adhoc,C;D;E;I;K;L;M;N;O;R;T;U
06000970,KIT; INSERTION,,MEDICAL SUPPLIES,18940,18940,"October 17, 2025",adhoc,E;I;K;N;O;R;S;T
06000971,KIT; INTRAVENOUS,,MEDICAL SUPPLIES,16,106,"October 17, 2025",adhoc,A;E;I;K;N;O;R;S;T;U;V
06000948,KIT; LONESTAR COLORECTAL (RETRACTOR),,MEDICAL SUPPLIES,34492,34492,"October 17, 2025",adhoc,A;C;E;I;K;L;N;O;R;S;T
06000972,KIT; MESENCULT-ACF PLUS MEDIUM,,MEDICAL SUPPLIES,54211,54211,"October 17, 2025",adhoc,A;C;D;E;F;I;K;L;M;N;P;S;T;U
06000973,KIT; NASAL CANNULA,,MEDICAL SUPPLIES,4040,4040,"October 17, 2025",adhoc,A;C;I;K;L;N;S;T;U
06000974,KIT; NEBULIZER,,MEDICAL SUPPLIES,124,1168,"October 17, 2025",adhoc,B;E;I;K;L;N;R;T;U;Z
06000975,KIT; NEPHROMAX BALLOON FR30 17CM PTFE SH,,MEDICAL SUPPLIES,29145,29145,"October 17, 2025",adhoc,A;B;C;E;F;H;I;K;L;M;N;O;P;R;S;T;X;0;1;3;7
06000976,KIT; NEW ADMISSION AMENITY LIMITLESS,,MEDICAL SUPPLIES,68,68,"October 17, 2025",adhoc,A;D;E;I;K;L;M;N;O;S;T;W;Y
06000977,KIT; NEW HEPLOCK INS.,,MEDICAL SUPPLIES,465,962,"October 17, 2025",adhoc,C;E;H;I;K;L;N;O;P;S;T;W
06000978,KIT; NEW IV INS.,,MEDICAL SUPPLIES,309,650,"October 17, 2025",adhoc,E;I;K;N;S;T;V;W
06000979,KIT; NEW PERIPHERAL INS.,,MEDICAL SUPPLIES,407,716,"October 17, 2025",adhoc,A;E;H;I;K;L;N;P;R;S;T;W
06000980,KIT; NEW PERSONAL CARE LIMITLESS,,MEDICAL SUPPLIES,57,57,"October 17, 2025",adhoc,A;C;E;I;K;L;M;N;O;P;R;S;T;W
06000981,KIT; NEW SHAVING LIMITLESS,,MEDICAL SUPPLIES,20,20,"October 17, 2025",adhoc,A;E;G;H;I;K;L;M;N;S;T;V;W
06000982,KIT; PALINDROME 23/40 W/ VT COVIDIEN,,MEDICAL SUPPLIES,22039,22039,"October 17, 2025",adhoc,A;C;D;E;I;K;L;M;N;O;P;R;T;V;W;0;2;3;4
06000983,KIT; PERIPHERAL INS.,,MEDICAL SUPPLIES,391,407,"October 17, 2025",adhoc,A;E;H;I;K;L;N;P;R;S;T
06000984,KIT; PERSONAL PROTECTIVE EQUIPMENT ECOLI,,MEDICAL SUPPLIES,1003,1003,"October 17, 2025",adhoc,A;C;E;I;K;L;M;N;O;P;Q;R;S;T;U;V
06000985,KIT; POLISH DISC SUPER SNAP XTREME SHOFU,,MEDICAL SUPPLIES,3922,3922,"October 17, 2025",adhoc,A;C;D;E;F;H;I;K;L;M;N;O;P;R;S;T;U;X
06000986,KIT; READER FS LIBRE MG/DL,,MEDICAL SUPPLIES,5494,5494,"October 17, 2025",adhoc,A;B;D;E;F;G;I;K;L;M;R;S;T
06000987,KIT; SENSOR FS LIBRE EN/ES,,MEDICAL SUPPLIES,5776,5776,"October 17, 2025",adhoc,B;E;F;I;K;L;N;O;R;S;T
06000988,KIT; SHAVING H&S ESSENTIALS,,MEDICAL SUPPLIES,21,21,"October 17, 2025",adhoc,A;E;G;H;I;K;L;N;S;T;V
06000989,KIT; SLMC PACK,,MEDICAL SUPPLIES,8032,8032,"October 17, 2025",adhoc,A;C;I;K;L;M;P;S;T
06000990,KIT; STARTER U-TYPE,,MEDICAL SUPPLIES,130,130,"October 17, 2025",adhoc,A;E;I;K;P;R;S;T;U;Y
06000991,KIT; STEM PRO,,MEDICAL SUPPLIES,21402,22573,"October 17, 2025",adhoc,E;I;K;M;O;P;R;S;T
06000992,KIT; SUBCLAVIAN SDK-017 BBRAUN,,MEDICAL SUPPLIES,95,95,"October 17, 2025",adhoc,A;B;C;D;I;K;L;N;R;S;T;U;V;0;1;7
06000993,KIT; TRACHEOSTOMY CARE,,MEDICAL SUPPLIES,434,633,"October 17, 2025",adhoc,A;C;E;H;I;K;M;O;R;S;T;Y
06000994,KIT; TRIOS PT CARE,,MEDICAL SUPPLIES,14246,14246,"October 17, 2025",adhoc,A;C;E;I;K;O;P;R;S;T
06000995,KIT; VANITY H&S ESSENTIALS,,MEDICAL SUPPLIES,12,12,"October 17, 2025",adhoc,A;E;H;I;K;L;N;S;T;V;Y
06000996,KIT; VENTI CNVC TUBING,,MEDICAL SUPPLIES,6247,7114,"October 17, 2025",adhoc,B;C;E;G;I;K;N;T;U;V
06000997,KIT; VTM COLLECTION & TRANSPORT (STONE),,MEDICAL SUPPLIES,418,418,"October 17, 2025",adhoc,A;C;E;I;K;L;M;N;O;P;R;S;T;V
06000998,KIT; VYGON PCA SIMPLIFIED REFILL 7302.01,,MEDICAL SUPPLIES,800,800,"October 17, 2025",adhoc,A;C;D;E;F;G;I;K;L;M;N;O;P;R;S;T;V;Y;0;1;2;3;7
06000999,KIT;GASTRO FEEDING PULL FR.20 K.CLARK,,MEDICAL SUPPLIES,32224,32224,"October 17, 2025",adhoc,A;C;D;E;F;G;I;K;L;N;O;P;R;S;T;U;0;2
06001000,KNEE BRACE; OSSUR UNLOADER 1,,MEDICAL SUPPLIES,82801,82801,"October 17, 2025",adhoc,A;B;C;D;E;K;L;N;O;R;S;U;1
06001001,KNIFE,,MEDICAL SUPPLIES,1067,99046,"October 17, 2025",adhoc,E;F;I;K;N
06001002,KNOT PUSHER; FAST FIX REF 72201537,,MEDICAL SUPPLIES,35200,35200,"October 17, 2025",adhoc,A;E;F;H;I;K;N;O;P;R;S;T;U;X;0;1;2;3;5;7
06001004,LABTICIAN 5000 CS,,MEDICAL SUPPLIES,10560,10560,"October 17, 2025",adhoc,A;B;C;I;L;N;S;T;0;5
06001005,LANCET,,MEDICAL SUPPLIES,7,2322,"October 17, 2025",adhoc,A;C;E;L;N;T
06001006,LANSINOH2 CONTACT NIPPLE SHIELDS W/ CASE,,MEDICAL SUPPLIES,1219,1219,"October 17, 2025",adhoc,A;C;D;E;H;I;L;N;O;P;S;T;W;2
06001007,LARGE LUMEN ASPIRATION TUBING IST3,,MEDICAL SUPPLIES,43022,43022,"October 17, 2025",adhoc,A;B;E;G;I;L;M;N;O;P;R;S;T;U;3
06001008,LARYGOSCOPE,,MEDICAL SUPPLIES,7342,52035,"October 17, 2025",adhoc,A;C;E;G;L;O;P;R;S;Y
06001009,LEAD,,MEDICAL SUPPLIES,16000,64000,"October 17, 2025",adhoc,A;D;E;L
06001010,LEGEND BALL,,MEDICAL SUPPLIES,13725,14725,"October 17, 2025",adhoc,A;B;D;E;G;L;N
06001011,LEGEND CYLINDER; FLUTED 7.5MM,,MEDICAL SUPPLIES,14429,14429,"October 17, 2025",adhoc,C;D;E;F;G;I;L;M;N;R;T;U;Y;5;7
06001012,LEGEND FOOTED; ATTACHMENT,,MEDICAL SUPPLIES,98800,98800,"October 17, 2025",adhoc,A;C;D;E;F;G;H;L;M;N;O;T
06001013,LEGEND M HEAD; DIAMOND 3MM,,MEDICAL SUPPLIES,14429,14429,"October 17, 2025",adhoc,A;D;E;G;H;I;L;M;N;O;3
06001014,LEGEND TEL MATCH HEAD 4.5MM 12C T12MH45D,,MEDICAL SUPPLIES,18822,18822,"October 17, 2025",adhoc,A;C;D;E;G;H;L;M;N;T;1;2;4;5
06001015,LENS GLIDE,,MEDICAL SUPPLIES,124,124,"October 17, 2025",adhoc,D;E;G;I;L;N;S
06001016,LENS; MONOFOCAL TORIC EYECRYL,,MEDICAL SUPPLIES,16430,16430,"October 17, 2025",adhoc,A;C;E;F;I;L;M;N;O;R;S;T;Y
06001017,LENS; WAVELIGHT FS200 PATIENT INTERFACE,,MEDICAL SUPPLIES,13333,13333,"October 17, 2025",adhoc,A;C;E;F;G;H;I;L;N;P;R;S;T;V;W;0;2
06001018,LIBERASE THERMOLYSIN CONCENTRATE,,MEDICAL SUPPLIES,20143,20143,"October 17, 2025",adhoc,A;B;C;E;H;I;L;M;N;O;R;S;T;Y
06001019,LID; CALIBRATED GLASS,,MEDICAL SUPPLIES,9,9,"October 17, 2025",adhoc,A;B;C;D;E;G;I;L;R;S;T
06001020,LIGACLIP,,MEDICAL SUPPLIES,422,6026,"October 17, 2025",adhoc,A;C;G;I;L;P
06001021,LIGASURE; BLUNT TIP LSD 5MM-37CM LF1837,,MEDICAL SUPPLIES,59711,59711,"October 17, 2025",adhoc,A;B;C;D;E;F;G;I;L;M;N;P;R;S;T;U;1;3;5;7;8
06001022,LIGATOR,,MEDICAL SUPPLIES,7248,26624,"October 17, 2025",adhoc,A;G;I;L;O;R;T
06001023,LIGHT HANDLE; DISPOSABLE/OR LIGHT,,MEDICAL SUPPLIES,205,205,"October 17, 2025",adhoc,A;B;D;E;G;H;I;L;N;O;P;R;S;T
06001024,LIGHT SUPPORT PT2 185CM STR,,MEDICAL SUPPLIES,13113,13113,"October 17, 2025",adhoc,C;G;H;I;L;M;O;P;R;S;T;U;1;2;5;8
06001025,LIGHTNING SYSTEM; CHANDELIER RFID G25,,MEDICAL SUPPLIES,10884,10884,"October 17, 2025",adhoc,A;C;D;E;F;G;H;I;L;M;N;R;S;T;Y;2;5
06001026,LINER,,MEDICAL SUPPLIES,307,706,"October 17, 2025",adhoc,E;I;L;N;R
06001027,LIQUIBAND,,MEDICAL SUPPLIES,1664,3120,"October 17, 2025",adhoc,A;B;D;I;L;N;Q;U
06001028,LITHOCRUSH V; BML-V242QR-30 OLYMPUS,,MEDICAL SUPPLIES,102886,102886,"October 17, 2025",adhoc,B;C;H;I;L;M;O;P;Q;R;S;T;U;V;Y;0;2;3;4
06001032,LO-FLOW SAMPLING LINE 3474-00,,MEDICAL SUPPLIES,1316,1316,"October 17, 2025",adhoc,A;E;F;G;I;L;M;N;O;P;S;W;0;3;4;7
06001029,LOCK; E-CART PLASTIC SECURITY SEAL,,MEDICAL SUPPLIES,140,140,"October 17, 2025",adhoc,A;C;E;I;K;L;O;P;R;S;T;U;Y
06001030,LOCKING PLATE,,MEDICAL SUPPLIES,49104,49104,"October 17, 2025",adhoc,A;C;E;G;I;K;L;N;O;P;T
06001031,LOCKING SCREW; 1.5MM STARDRIVE TI,,MEDICAL SUPPLIES,11160,11160,"October 17, 2025",adhoc,A;C;D;E;G;I;K;L;M;N;O;R;S;T;V;W;1;5
06001033,LOGICAL BRACKET (FOR 4 TRANSDUCERS),,MEDICAL SUPPLIES,1616,1616,"October 17, 2025",adhoc,A;B;C;D;E;F;G;I;K;L;N;O;R;S;T;U;4
06001034,LOGICAL CHANNEL CABLE,,MEDICAL SUPPLIES,42626,42626,"October 17, 2025",adhoc,A;B;C;E;G;H;I;L;N;O
06001035,LOGICAL CLAMP,,MEDICAL SUPPLIES,3993,3993,"October 17, 2025",adhoc,A;C;G;I;L;M;O;P
06001036,LOGICAL SINGLE CABLE,,MEDICAL SUPPLIES,15995,15995,"October 17, 2025",adhoc,A;B;C;E;G;I;L;N;O;S
06001037,LOGICAL TRANSDUCER MOUNTING PLATE,,MEDICAL SUPPLIES,16779,16779,"October 17, 2025",adhoc,A;C;D;E;G;I;L;M;N;O;P;R;S;T;U
06001038,LOOP BASKET; 60MMX230CM SHAILI,,MEDICAL SUPPLIES,6441,6441,"October 17, 2025",adhoc,A;B;C;E;H;I;K;L;M;O;P;S;T;X;0;2;3;6
06001039,LOOP; FINESSE,,MEDICAL SUPPLIES,24955,24965,"October 17, 2025",adhoc,E;F;I;L;N;O;P;S
06001040,LOOP; VESSEL,,MEDICAL SUPPLIES,7265,7265,"October 17, 2025",adhoc,E;L;O;P;S;V
06001041,LOPAMIRO 300X100ML,,MEDICAL SUPPLIES,2485,4329,"October 17, 2025",adhoc,A;I;L;M;O;P;R;X;0;1;3
06001042,LOTION,,MEDICAL SUPPLIES,19,3960,"October 17, 2025",adhoc,I;L;N;O;T
06001043,LUBRICANT,,MEDICAL SUPPLIES,15,1813,"October 17, 2025",adhoc,A;B;C;I;L;N;R;T;U
06001044,LUER-SPIKE INTERCONNECTOR 187-01,,MEDICAL SUPPLIES,1406,1406,"October 17, 2025",adhoc,C;E;I;K;L;N;O;P;R;S;T;U;0;1;7;8
06001045,LUMBAR TLSO ATTACHMENT MIAMI,,MEDICAL SUPPLIES,41216,41216,"October 17, 2025",adhoc,A;B;C;E;H;I;L;M;N;O;R;S;T;U
06001046,LYCERCELL WDF 2LX1 (WDF-220A),,MEDICAL SUPPLIES,10134,10134,"October 17, 2025",adhoc,A;C;D;E;F;L;R;W;X;Y;0;1;2
06001047,LYMPHOPREP; 500ML PRIMERA BIO.,,MEDICAL SUPPLIES,24490,24490,"October 17, 2025",adhoc,A;B;E;H;I;L;M;O;P;R;Y;0;5
06001048,MACHINE BLOODLINES; F20 BLOODLINES,,MEDICAL SUPPLIES,13379,13379,"October 17, 2025",adhoc,A;B;C;D;E;F;H;I;L;M;N;O;S;0;2
06001049,MADRELL,,MEDICAL SUPPLIES,47,47,"October 17, 2025",adhoc,A;D;E;L;M;R
06001050,MAMY POKO PREEMIE,,MEDICAL SUPPLIES,743,753,"October 17, 2025",adhoc,A;E;I;K;M;O;P;R;Y
06001051,MANIFOLD,,MEDICAL SUPPLIES,980,1069,"October 17, 2025",adhoc,A;D;F;I;L;M;N;O
06001052,MANOMETER,,MEDICAL SUPPLIES,662,41600,"October 17, 2025",adhoc,A;E;M;N;O;R;T
06001053,MARATHON MCATH,,MEDICAL SUPPLIES,51200,51200,"October 17, 2025",adhoc,A;C;H;M;N;O;R;T
06001054,MARKER,,MEDICAL SUPPLIES,543,19644,"October 17, 2025",adhoc,A;E;K;M;R
06001055,MARKING PAPER -CREATIVE SKIN,,MEDICAL SUPPLIES,2692,2692,"October 17, 2025",adhoc,A;C;E;G;I;K;M;N;P;R;S;T;V
06001056,MARKSMAN CATHETER SINGLE LUMEN,,MEDICAL SUPPLIES,127609,127609,"October 17, 2025",adhoc,A;C;E;G;H;I;K;L;M;N;R;S;T;U
06001057,MASK,,MEDICAL SUPPLIES,2,20000,"October 17, 2025",adhoc,A;K;M;S
06001058,MAT; YOGA BIGGEST LOSER,,MEDICAL SUPPLIES,1354,1354,"October 17, 2025",adhoc,A;B;E;G;I;L;M;O;R;S;T;Y
06001059,MATCH HEAD,,MEDICAL SUPPLIES,16934,16934,"October 17, 2025",adhoc,A;C;D;E;H;M;T
06001060,MATRESS; ALTERNATING PRESSURE APEX,,MEDICAL SUPPLIES,14439,14439,"October 17, 2025",adhoc,A;E;G;I;L;M;N;P;R;S;T;U;X
06001061,MATRIX BAND,,MEDICAL SUPPLIES,119,119,"October 17, 2025",adhoc,A;B;D;I;M;N;R;T;X
06001062,MATRIX2 FIRM,,MEDICAL SUPPLIES,75369,75369,"October 17, 2025",adhoc,A;F;I;M;R;T;X;2
06001063,MATRIX2 SOFT,,MEDICAL SUPPLIES,75369,76634,"October 17, 2025",adhoc,A;F;I;M;O;R;S;T;X;2
06001064,MATRIX2 STANDARD,,MEDICAL SUPPLIES,75369,75369,"October 17, 2025",adhoc,A;D;I;M;N;R;S;T;X;2
06001065,MATRIX2 ULTRASOFT,,MEDICAL SUPPLIES,67200,76634,"October 17, 2025",adhoc,A;F;I;L;M;O;R;S;T;U;X;2
06001066,MATTRESS; EGG CRATE,,MEDICAL SUPPLIES,1827,2417,"October 17, 2025",adhoc,A;C;E;G;M;R;S;T
06001067,MAX CANISTER,,MEDICAL SUPPLIES,23828,24413,"October 17, 2025",adhoc,A;C;E;I;M;N;R;S;T;X
06001068,MAYO HEGAR NEEDLE HOLDER 6,,MEDICAL SUPPLIES,174,174,"October 17, 2025",adhoc,A;D;E;G;H;L;M;N;O;R;Y;6
06001069,MCT,,MEDICAL SUPPLIES,1028,4698,"October 17, 2025",adhoc,C;M;T
06001070,MEC STRIPS,,MEDICAL SUPPLIES,12862,12862,"October 17, 2025",adhoc,C;E;I;M;P;R;S;T
06001071,MED LUBE SPRAY,,MEDICAL SUPPLIES,3591,3591,"October 17, 2025",adhoc,A;B;D;E;L;M;P;R;S;U;Y
06001072,MEDCOMP 14FX28CM EC ZURIC,,MEDICAL SUPPLIES,28961,28961,"October 17, 2025",adhoc,C;D;E;F;I;M;O;P;R;U;X;Z;1;2;4;8
06001073,MEDICAL RECORDING CHART - HPM1707A,,MEDICAL SUPPLIES,9,9,"October 17, 2025",adhoc,A;C;D;E;G;H;I;L;M;N;O;P;R;T;0;1;7
06001074,MEDICINE DROPPER; DISPOSABLE PLASTIC,,MEDICAL SUPPLIES,9,11,"October 17, 2025",adhoc,A;B;C;D;E;I;L;M;N;O;P;R;S;T
06001075,MEDICINE SPOON; DISP PLASTIC,,MEDICAL SUPPLIES,33,33,"October 17, 2025",adhoc,A;C;D;E;I;L;M;N;O;P;S;T
06001076,MEMBRANE BLUE DUAL 0.5ML,,MEDICAL SUPPLIES,5333,5333,"October 17, 2025",adhoc,A;B;D;E;L;M;N;R;U;0;5
06001077,MERIL BIOMIME PACKAGE,,MEDICAL SUPPLIES,141315,141315,"October 17, 2025",adhoc,A;B;C;E;G;I;K;L;M;O;P;R
06001078,MESENCULT-ACF FREEZING MEDIUM- 50ML,,MEDICAL SUPPLIES,31201,31201,"October 17, 2025",adhoc,A;C;D;E;F;G;I;L;M;N;R;S;T;U;Z;0;5
06001079,MESH,,MEDICAL SUPPLIES,2692,62400,"October 17, 2025",adhoc,E;H;M;S
06001080,MESHER; V-10 CARRIER,,MEDICAL SUPPLIES,2368,2378,"October 17, 2025",adhoc,A;C;E;H;I;M;R;S;V;0;1
06001081,METER,,MEDICAL SUPPLIES,1105,6716,"October 17, 2025",adhoc,E;M;R;T
06001109,METER; ACCUCHECK,,MEDICAL SUPPLIES,3742,6716,"July 30, 2026",adhoc,A;C;E;H;K;M;R;T;U
06001082,MG150 FOR ESD - CKD PATIENT,,MEDICAL SUPPLIES,18400,18400,"October 17, 2025",adhoc,A;C;D;E;F;G;I;K;M;N;O;P;R;S;T;0;1;5
06001083,MG350 FOR ACUTE/CRITICAL CARE/SEPSIS,,MEDICAL SUPPLIES,51630,51630,"October 17, 2025",adhoc,A;C;E;F;G;I;L;M;O;P;R;S;T;U;0;3;5
06001084,MIC-KEY CONTINUOUS FEED EXT W/LOCK,,MEDICAL SUPPLIES,4132,4132,"October 17, 2025",adhoc,C;D;E;F;I;K;L;M;N;O;S;T;U;W;X;Y
06001085,MIC-KEY GASTRO FEEDING TUBE KIT FR.20,,MEDICAL SUPPLIES,20114,20114,"October 17, 2025",adhoc,A;B;C;D;E;F;G;I;K;M;N;O;R;S;T;U;Y;0;2
06001086,MICROBAR; BARIUM SULPHATE,,MEDICAL SUPPLIES,412,412,"October 17, 2025",adhoc,A;B;C;E;H;I;L;M;O;P;R;S;T;U
06001087,MICROCATHETER; MAESTRO,,MEDICAL SUPPLIES,29791,31670,"October 17, 2025",adhoc,A;C;E;H;I;M;O;R;S;T
06001088,MICROGWIRE; TENOR 0.014135CM ANGLED,,MEDICAL SUPPLIES,17562,17562,"October 17, 2025",adhoc,A;C;D;E;G;I;L;M;N;O;R;T;W;0;1;3;4;5
06001089,MICROPOINT TIP; GRAD 2?L 96S TF104-10-Q,,MEDICAL SUPPLIES,5788,5788,"October 17, 2025",adhoc,A;C;D;F;G;I;L;M;N;O;P;Q;R;S;T;0;1;2;4;6;9
06001090,MICROSCOPE,,MEDICAL SUPPLIES,2,11828,"October 17, 2025",adhoc,C;E;I;M;O;P;R;S
06001091,MILK BAG; HUPPY BUPPY DISP. 250ML,,MEDICAL SUPPLIES,8,8,"October 17, 2025",adhoc,A;B;D;G;H;I;K;L;M;P;S;U;Y;0;2;5
06001092,MILK; ENSURE GOLD,,MEDICAL SUPPLIES,3306,3498,"October 17, 2025",adhoc,D;E;G;I;K;L;M;N;O;R;S;U
06001093,MILK; GLUCERNA,,MEDICAL SUPPLIES,281,281,"October 17, 2025",adhoc,A;C;E;G;I;K;L;M;N;R;U
06001094,MILK; LIQUID,,MEDICAL SUPPLIES,190,222,"October 17, 2025",adhoc,D;I;K;L;M;Q;U
06001095,MILK; POWDER,,MEDICAL SUPPLIES,440,2502,"October 17, 2025",adhoc,D;E;I;K;L;M;O;P;R;W
06001096,MINICAP,,MEDICAL SUPPLIES,36,2757,"October 17, 2025",adhoc,A;C;I;M;N;P
06001097,MIRROR HAHNENKRATT,,MEDICAL SUPPLIES,446,1070,"October 17, 2025",adhoc,A;E;H;I;K;M;N;O;R;T
06001098,MONITORING PAPER; FETAL & MATERNAL FM830,,MEDICAL SUPPLIES,2723,2723,"October 17, 2025",adhoc,A;E;F;G;I;L;M;N;O;P;R;T;0;3;8
06001099,MORGUE SHEET,,MEDICAL SUPPLIES,186,708,"October 17, 2025",adhoc,E;G;H;M;O;R;S;T;U
06001100,MOUTH GUARD,,MEDICAL SUPPLIES,255,500,"October 17, 2025",adhoc,A;D;G;H;M;O;R;T;U
06001101,MOUTH MIRROR; W/ HANDLE #4 TRUMPF,,MEDICAL SUPPLIES,157,157,"October 17, 2025",adhoc,A;D;E;F;H;I;L;M;N;O;P;R;T;U;W;4
06001102,MOUTH PIECE,,MEDICAL SUPPLIES,20,336,"October 17, 2025",adhoc,C;E;H;I;M;O;P;T;U
06001103,MOZEC BALLOON,,MEDICAL SUPPLIES,23828,23828,"October 17, 2025",adhoc,A;B;C;E;L;M;N;O;Z
06001104,MR-LUX; 469 MG/ML 10ML,,MEDICAL SUPPLIES,3670,3670,"October 17, 2025",adhoc,G;L;M;R;U;X;0;1;4;6;9
06001105,MUCUS TRAP,,MEDICAL SUPPLIES,156,350,"October 17, 2025",adhoc,A;C;M;P;R;S;T;U
06001106,MULTIPLE PERFUSION ADAPTER (CP LINE),,MEDICAL SUPPLIES,3500,3500,"October 17, 2025",adhoc,A;C;D;E;F;I;L;M;N;O;P;R;S;T;U
06001107,MUSTANG 12MMx40MM 135CM,,MEDICAL SUPPLIES,16000,16000,"October 17, 2025",adhoc,A;C;G;M;N;S;T;U;X;0;1;2;3;4;5
06001108,MYRINGOTOMY BLADE,,MEDICAL SUPPLIES,5923,7568,"October 17, 2025",adhoc,A;B;D;E;G;I;L;M;N;O;R;T;Y
06000428,NEEDLELESS CLAVE,,MEDICAL SUPPLIES,160,643,"September 20, 2025",adhoc,A;C;D;E;L;N;S;V
06000039,NIPPLE ADAPTOR,,MEDICAL SUPPLIES,43,446,"July 30, 2026",adhoc,A;D;E;I;L;N;O;P;R;T
06000456,PLASTIC COMB,,MEDICAL SUPPLIES,11,205,"September 20, 2025",adhoc,A;B;C;I;L;M;O;P;S;T
06000001,PPE CAP BOUFFANT,,MEDICAL SUPPLIES,4,62,"July 30, 2026",adhoc,A;B;C;E;F;N;O;P;T;U
06000002,PPE COVERALL,,MEDICAL SUPPLIES,517,853,"July 30, 2026",adhoc,A;C;E;L;O;P;R;V
06000006,PPE DISPOSABLE GOWN NON STERILE,,MEDICAL SUPPLIES,55,255,"July 30, 2026",adhoc,A;B;D;E;G;I;L;N;O;P;R;S;T;W
06000007,PPE DISPOSABLE GOWN STERILE,,MEDICAL SUPPLIES,416,424,"July 30, 2026",adhoc,A;B;D;E;G;I;L;N;O;P;R;S;T;W
06000003,PPE FACESHIELD,,MEDICAL SUPPLIES,52,56,"October 20, 2023",adhoc,A;C;D;E;F;H;I;L;P;S
06000004,PPE GLOVES PER BOX,,MEDICAL SUPPLIES,900,1219,"July 30, 2026",adhoc,B;E;G;L;O;P;R;S;V;X
06000005,PPE GOGGLES,,MEDICAL SUPPLIES,101,2200,"July 30, 2026",adhoc,E;G;L;O;P;S
06000008,PPE N95 MASK,,MEDICAL SUPPLIES,116,116,"July 30, 2026",adhoc,A;E;K;M;N;P;S;5;9
06000009,PPE SURGICAL MASK,,MEDICAL SUPPLIES,2,22,"July 30, 2026",adhoc,A;C;E;G;I;K;L;M;P;R;S;U
06000066,RAD ANTENNA,,MEDICAL SUPPLIES,105599,131916,"July 30, 2026",adhoc,A;D;E;N;R;T
06001111,S. BLADE; 3.5MM CONCAVE,,MEDICAL SUPPLIES,24893,43307,"July 30, 2026",adhoc,A;B;C;D;E;L;M;N;O;S;V;3;5
06001112,S. BLADE; 3.5MM CONVEX,,MEDICAL SUPPLIES,24893,24893,"July 30, 2026",adhoc,A;B;C;D;E;L;M;N;O;S;V;X;3;5
06000219,SPINAL BRACE,,MEDICAL SUPPLIES,21668,37513,"January 27, 2022",adhoc,A;B;C;E;I;L;N;P;R;S
06001110,STRIP; 50S ACCUCHECK,,MEDICAL SUPPLIES,1915,1933,"July 30, 2026",adhoc,A;C;E;H;I;K;P;R;S;T;U;0;5
06000583,SYRINGE; AUTO-DISABLE 0.5ML G23X1 MC,,MEDICAL SUPPLIES,14,14,"September 10, 2025",adhoc,A;B;C;D;E;G;I;L;M;N;O;R;S;T;U;X;Y;0;1;2;3;5
06000584,WIPES; CAVI/METREX DISINFECT. (10-1090),,MEDICAL SUPPLIES,1745,1745,"September 22, 2025",adhoc,A;C;D;E;F;I;M;N;P;R;S;T;V;W;X;0;1;9
0101180448,2-BUTENEDIOIC ACID/TRIACETIN/CARBOXYMETHYLCELLULOS,,MEDICINES,1107,1107,"September 06, 2025",adhoc,A;B;C;D;E;H;I;L;M;N;O;R;S;T;U;X;Y;2
0100040000,5-FLUOROURACIL,,MEDICINES,200,546,"July 02, 2025",adhoc,A;C;F;I;L;O;R;U;5
01010301109,ABA/NICOTINAMIDE,,MEDICINES,1491,1491,"September 03, 2025",adhoc,A;B;C;D;E;I;M;N;O;T
0100030514,ABACAVIR SULFATE,,MEDICINES,113,2996,"January 08, 2026",adhoc,A;B;C;E;F;I;L;R;S;T;U;V
0100040068,ABIRATERONE ACETATE,,MEDICINES,698,208190,"July 02, 2025",adhoc,A;B;C;E;I;N;O;R;T
0101212901,ABROCITINIB,,MEDICINES,3110,3110,"July 02, 2025",adhoc,A;B;C;I;N;O;R;T
0103090102,ACARBOSE,,MEDICINES,7,11,"July 02, 2025",adhoc,A;B;C;E;O;R;S
0103080101,ACETAZOLAMIDE,,MEDICINES,18,18,"July 02, 2025",adhoc,A;C;D;E;I;L;M;O;T;Z
0101120900,ACETIC ACID/ANTIPYRINE/BENZOCAINE/POLICOSANOL/ALUM,,MEDICINES,1208,1208,"September 03, 2025",adhoc,A;B;C;D;E;I;L;M;N;O;P;R;S;T;U;Y;Z
0101211600,ACETONE,,MEDICINES,92,127,"September 03, 2025",adhoc,A;C;E;N;O;T
0101211603,ACETONE/AQUA/ETHYL ACETATE/ISOPROPYL ALCOHOL/BUTYL,,MEDICINES,55,55,"July 02, 2025",adhoc,A;B;C;E;H;I;L;N;O;P;Q;R;S;T;U;Y
0100160500,ACETYLCYSTEINE,,MEDICINES,20,571,"February 07, 2026",adhoc,A;C;E;I;L;N;S;T;Y
0101160500,ACETYLCYSTEINE,,MEDICINES,20,571,"February 07, 2026",adhoc,A;C;E;I;L;N;S;T;Y
0100030500,ACICLOVIR,,MEDICINES,260,3152,"February 07, 2026",adhoc,A;C;I;L;O;R;V
0101030500,ACICLOVIR,,MEDICINES,260,3152,"February 07, 2026",adhoc,A;C;I;L;O;R;V
010104005700,ACTEMRA; VIAL 200MG/10ML (REF),TOCILIZUMAB,MEDICINES,13006,13006,"July 02, 2025",adhoc,A;C;E;F;G;I;L;M;R;T;V;0;1;2
010104005701,ACTEMRA; VIAL 400MG/20ML (REF),TOCILIZUMAB,MEDICINES,25741,25741,"July 02, 2025",adhoc,A;C;E;F;G;I;L;M;R;T;V;0;2;4
010104005702,ACTEMRA; VIAL 80MG/4ML (REF),TOCILIZUMAB,MEDICINES,8065,8065,"July 02, 2025",adhoc,A;C;E;F;G;I;L;M;R;T;V;0;4;8
010007030000,ACTILYSE; VIAL 50MG/50ML,ALTEPLASE,MEDICINES,38186,38186,"July 02, 2025",adhoc,A;C;E;G;I;L;M;S;T;V;Y;0;5
0101210805,ADALIMUMAB,,MEDICINES,104990,104990,"September 03, 2025",adhoc,A;B;D;I;L;M;U
0101030819,ADAPALENE,,MEDICINES,2686,2686,"July 02, 2025",adhoc,A;D;E;L;N;P
0101030816,ADAPALENE/BENZOYL PEROXIDE,,MEDICINES,3153,3153,"July 02, 2025",adhoc,A;B;D;E;I;L;N;O;P;R;X;Y;Z
0101030501,ADEFOVIR DIPIVOXIL,,MEDICINES,561,561,"September 03, 2025",adhoc,A;D;E;F;I;L;O;P;R;V;X
0101130406,ADEMETIONINE,,MEDICINES,299,591,"September 03, 2025",adhoc,A;D;E;I;M;N;O;T
0100080000,ADENOSINE,,MEDICINES,3062,6332,"September 03, 2025",adhoc,A;D;E;I;N;O;S
0104030008,ADO-TRASTUZUMAB EMTANSINE,,MEDICINES,81662,131150,"July 02, 2025",adhoc,A;B;D;E;I;M;N;O;R;S;T;U;Z
01012110050005,ADVAGRAF PR; CAPSULE 1MG,TACROLIMUS,MEDICINES,117,117,"July 02, 2025",adhoc,A;C;D;E;F;G;L;M;P;R;S;T;U;V;1
01012110050004,ADVAGRAF PR; CAPSULE 500MCG,TACROLIMUS,MEDICINES,67,67,"July 02, 2025",adhoc,A;C;D;E;F;G;L;M;P;R;S;T;U;V;0;5
01012110050006,ADVAGRAF PR; CAPSULE 5MG,TACROLIMUS,MEDICINES,603,603,"July 02, 2025",adhoc,A;C;D;E;F;G;L;M;P;R;S;T;U;V;5
0101000020,AESCIN/DIETHYLAMINE SALICYLATE,,MEDICINES,503,503,"September 03, 2025",adhoc,A;C;D;E;H;I;L;M;N;S;T;Y
0104030009,AFATINIB DIMALEATE,,MEDICINES,2767,3623,"July 02, 2025",adhoc,A;B;D;E;F;I;L;M;N;T
010104006502,AFINITOR; TABLET 10MG 30S,EVEROLIMUS,MEDICINES,108842,108842,"July 02, 2025",adhoc,A;B;E;F;G;I;L;M;N;O;R;S;T;0;1;3
010104006501,AFINITOR; TABLET 5MG 30S,EVEROLIMUS,MEDICINES,54421,54421,"July 02, 2025",adhoc,A;B;E;F;G;I;L;M;N;O;R;S;T;0;3;5
0101120915,AFLIBERCEPT,,MEDICINES,73370,73370,"July 02, 2025",adhoc,A;B;C;E;F;I;L;P;R;T
010007020700,AGGRASTAT; VIAL 12.5MG/50ML,TIROFIBAN,MEDICINES,12016,12016,"July 02, 2025",adhoc,A;G;I;L;M;R;S;T;V;0;1;2;5
0101090117,AGOMELATINE,,MEDICINES,113,113,"July 02, 2025",adhoc,A;E;G;I;L;M;N;O;T
0101120910,ALCON KIT,,MEDICINES,1668,1668,"September 03, 2025",adhoc,A;C;I;K;L;N;O;T
0100210600,ALENDRONATE SODIUM,,MEDICINES,707,707,"February 07, 2026",adhoc,A;D;E;I;L;M;N;O;R;S;T;U
0100210601,ALENDRONATE/CHOLECALCIFEROL,,MEDICINES,898,898,"September 03, 2025",adhoc,A;C;D;E;F;H;I;L;N;O;R;T
0100080500,ALFUZOSIN HYDROCHLORIDE,,MEDICINES,257,257,"September 03, 2025",adhoc,A;C;D;E;F;H;I;L;N;O;R;S;U;Y;Z
0101130003,ALGINATE/SODIUM BICARBONATE/CALCIUM CARBONATE,,MEDICINES,32,493,"September 03, 2025",adhoc,A;B;C;D;E;G;I;L;M;N;O;R;S;T;U
01013100,ALGLUCOSIDASE ALFA,,MEDICINES,97495,97495,"September 03, 2025",adhoc,A;C;D;E;F;G;I;L;O;S;U
0100210300,ALLOPURINOL,,MEDICINES,25,71,"February 07, 2026",adhoc,A;I;L;N;O;P;R;U
010113061000,ALOXI; VIAL 250MCG/5ML,PALONOSETRON,MEDICINES,3666,3666,"July 02, 2025",adhoc,A;C;G;I;L;M;O;P;V;X;0;2;5
0101130610001,ALOXI; VIAL 75MCG/1.5ML,PALONOSETRON,MEDICINES,1280,1280,"July 02, 2025",adhoc,A;C;G;I;L;M;O;P;V;X;1;5;7
0100090000,ALPRAZOLAM,,MEDICINES,38,85,"September 08, 2025",adhoc,A;L;M;O;P;R;Z
0101090000,ALPRAZOLAM,,MEDICINES,38,85,"September 08, 2025",adhoc,A;L;M;O;P;R;Z
01010811002,ALPROSTADIL,,MEDICINES,21515,32670,"September 03, 2025",adhoc,A;D;I;L;O;P;R;S;T
0103040301,ALTEPLASE,,MEDICINES,38186,38186,"July 02, 2025",adhoc,A;E;L;P;S;T
0101130000,ALUMINUM HYDROXIDE/MAGNESIUM HYDROXIDE,,MEDICINES,20,772,"February 07, 2026",adhoc,A;D;E;G;H;I;L;M;N;O;R;S;U;X;Y
0101130001,ALUMINUM HYDROXIDE/MAGNESIUM HYDROXIDE/SIMETHICONE,,MEDICINES,24,859,"September 03, 2025",adhoc,A;C;D;E;G;H;I;L;M;N;O;R;S;T;U;X;Y
0101050702,AMANTADINE SULFATE,,MEDICINES,73,73,"July 02, 2025",adhoc,A;D;E;F;I;L;M;N;S;T;U
0101160501,AMBROXOL HCL,,MEDICINES,34,654,"September 03, 2025",adhoc,A;B;C;H;L;M;O;R;X
0100030100,AMIKACIN,,MEDICINES,355,1321,"February 07, 2026",adhoc,A;C;I;K;M;N
0101212409,AMILOMER/DSM 35/50,,MEDICINES,100050,100050,"July 02, 2025",adhoc,A;D;E;I;L;M;O;R;S;0;3;5
0101110218,AMINO ACID/GLUCOSE/ELECTROLYTES,,MEDICINES,2583,2583,"November 28, 2025",adhoc,A;C;D;E;G;I;L;M;N;O;R;S;T;U;Y
0100110200,AMINO ACIDS,,MEDICINES,162,2091,"February 07, 2026",adhoc,A;C;D;I;M;N;O;S
0101110200,AMINO ACIDS,,MEDICINES,162,2091,"February 07, 2026",adhoc,A;C;D;I;M;N;O;S
0101110217,AMINO ACIDS/SORBITOL 5%,,MEDICINES,357,1806,"December 01, 2025",adhoc,A;B;C;D;I;L;M;N;O;R;S;T;5
0101070600,AMINOCAPROIC ACID,,MEDICINES,6478,6478,"July 02, 2025",adhoc,A;C;D;I;M;N;O;P;R
0100050400,AMINOPHYLLINE,,MEDICINES,75,187,"September 03, 2025",adhoc,A;E;H;I;L;M;N;O;P;Y
0100080001,AMIODARONE HYDROCHLORIDE,,MEDICINES,109,849,"September 03, 2025",adhoc,A;C;D;E;H;I;L;M;N;O;R;Y
0101090200,AMISULPRIDE,,MEDICINES,161,269,"February 07, 2026",adhoc,A;D;E;I;L;M;P;R;S;U
0101090114,AMITRIPTYLLINE,,MEDICINES,82,82,"September 04, 2025",adhoc,A;E;I;L;M;N;P;R;T;Y
01010400109,AMIVANTAMAB,,MEDICINES,126504,126504,"July 02, 2025",adhoc,A;B;I;M;N;T;V
0101080717,AMLODIPINE BESILATE/HYDROCHLOROTHIAZIDE,,MEDICINES,33,57,"September 04, 2025",adhoc,A;B;C;D;E;H;I;L;M;N;O;P;R;S;T;Y;Z
0104050403,AMLODIPINE BESILATE/VALSARTAN/HYDROCHLOROTHIAZIDE,,MEDICINES,25,34,"July 02, 2025",adhoc,A;B;C;D;E;H;I;L;M;N;O;P;R;S;T;V;Y;Z
0100080700,AMLODIPINE BESYLATE,,MEDICINES,15,57,"September 08, 2025",adhoc,A;B;D;E;I;L;M;N;O;P;S;T;Y
0101080700,AMLODIPINE BESYLATE,,MEDICINES,15,57,"September 08, 2025",adhoc,A;B;D;E;I;L;M;N;O;P;S;T;Y
0101080701,AMLODIPINE BESYLATE/ATORVASTATIN,,MEDICINES,34,63,"September 03, 2025",adhoc,A;B;D;E;I;L;M;N;O;P;R;S;T;V;Y
0101080702,AMLODIPINE BESYLATE/VALSARTAN,,MEDICINES,83,132,"February 07, 2026",adhoc,A;B;D;E;I;L;M;N;O;P;R;S;T;V;Y
0101030224,AMOROLFINE,,MEDICINES,6159,6159,"July 02, 2025",adhoc,A;E;F;I;L;M;N;O;R
0100030101,AMOXICILLIN,,MEDICINES,27,312,"September 08, 2025",adhoc,A;C;I;L;M;N;O;X
0101030101,AMOXICILLIN,,MEDICINES,27,312,"September 08, 2025",adhoc,A;C;I;L;M;N;O;X
0100030900,AMOXICILLIN TRIHYDRATE,,MEDICINES,168,298,"February 07, 2026",adhoc,A;C;D;E;H;I;L;M;N;O;R;T;X;Y
0100030102,AMOXICILLIN/CLAVULANIC ACID,,MEDICINES,49,1014,"September 08, 2025",adhoc,A;C;D;I;L;M;N;O;U;V;X
0101030102,AMOXICILLIN/CLAVULANIC ACID,,MEDICINES,49,1014,"September 08, 2025",adhoc,A;C;D;I;L;M;N;O;U;V;X
0103010001,AMOXICILLIN/CLAVULANIC ACID,,MEDICINES,49,1014,"September 08, 2025",adhoc,A;C;D;I;L;M;N;O;U;V;X
0104010101,AMOXICILLIN/CLAVULANIC ACID,,MEDICINES,49,1014,"September 08, 2025",adhoc,A;C;D;I;L;M;N;O;U;V;X
0100030200,AMPHOTERICIN B LIPID COMPLEX,,MEDICINES,23681,23681,"September 04, 2025",adhoc,A;B;C;D;E;H;I;L;M;N;O;P;R;T;X
0100030224,AMPHOTERICIN B LYOPHILIZED POWDER,,MEDICINES,6999,6999,"February 07, 2026",adhoc,A;B;C;D;E;H;I;L;M;N;O;P;R;T;W;Y;Z
0100030103,AMPICILLIN,,MEDICINES,39,333,"September 08, 2025",adhoc,A;C;I;L;M;N;P
0101030103,AMPICILLIN,,MEDICINES,39,333,"September 08, 2025",adhoc,A;C;I;L;M;N;P
0100030104,AMPICILLIN/SULBACTAM,,MEDICINES,896,2629,"February 07, 2026",adhoc,A;B;C;I;L;M;N;P;S;T;U
0100030189,AMPICILLIN/SULBACTAM,,MEDICINES,896,2629,"February 07, 2026",adhoc,A;B;C;I;L;M;N;P;S;T;U
0101120200,AMYLMETACRESOL/DICHLOROBENZYL ALCOHOL,,MEDICINES,67,113,"September 04, 2025",adhoc,A;B;C;D;E;H;I;L;M;N;O;R;S;T;Y;Z
0101070305,ANAGRELIDE,,MEDICINES,234,234,"July 02, 2025",adhoc,A;D;E;G;I;L;N;R
01010400104,ANAGRELIDE HCL,,MEDICINES,397,54548,"September 08, 2025",adhoc,A;C;D;E;G;H;I;L;N;R
0101070303,ANAGRELIDE HCL,,MEDICINES,397,54548,"September 08, 2025",adhoc,A;C;D;E;G;H;I;L;N;R
0101040002,ANASTROZOLE,,MEDICINES,201,826,"February 07, 2026",adhoc,A;E;L;N;O;R;S;T;Z
0101080800,ANHYDROUS LISINOPRIL,,MEDICINES,89,124,"September 04, 2025",adhoc,A;D;H;I;L;N;O;P;R;S;U;Y
0101030201,ANIDULAFUNGIN,,MEDICINES,21628,21628,"February 07, 2026",adhoc,A;D;F;G;I;L;N;U
0101030233,ANIDULAFUNGIN/SODIUM CHLORIDE,,MEDICINES,20890,20890,"December 03, 2025",adhoc,A;C;D;E;F;G;H;I;L;M;N;O;R;S;U
01010400111,ANIFROLUMAB,,MEDICINES,56,84001,"February 07, 2026",adhoc,A;B;F;I;L;M;N;O;R;U
0101120800,ANTAZOLINE/TETRAHYDROZOLINE,,MEDICINES,553,553,"September 04, 2025",adhoc,A;D;E;H;I;L;N;O;R;T;Y;Z
0101170034,ANTI RHO-D IMMUNOGLOBULIN,,MEDICINES,32085,32968,"July 02, 2025",adhoc,A;B;D;G;H;I;L;M;N;O;R;T;U
0101170000,ANTI-THYMOCYTE GLOBULIN EQUINE,,MEDICINES,21895,21895,"September 04, 2025",adhoc,A;B;C;E;G;H;I;L;M;N;O;Q;T;U;Y
0101070601,ANTIHEMOPHILIC FACTOR HUMAN,,MEDICINES,8618,15246,"September 04, 2025",adhoc,A;C;E;F;H;I;L;M;N;O;P;R;T;U
010114071400,APIDRA SOLOSTAR; PREFILLED SYRINGE 3ML (REF),INSULIN GLULISINE,MEDICINES,435,435,"July 02, 2025",adhoc,A;D;E;F;G;I;L;M;N;O;P;R;S;T;Y;3
010114071401,APIDRA; VIAL 100UNITS/ML 10ML (REF),INSULIN GLULISINE,MEDICINES,1241,1241,"July 02, 2025",adhoc,A;D;E;F;I;L;M;N;P;R;S;T;U;V;0;1
0103040103,APIXABAN,,MEDICINES,90,91,"July 02, 2025",adhoc,A;B;I;N;P;X
0101130608,APREPITANT,,MEDICINES,5321,5321,"September 04, 2025",adhoc,A;E;I;N;P;R;T
010008090300,APROVEL; TABLET 150MG,IRBESARTAN,MEDICINES,27,27,"December 01, 2025",adhoc,A;B;E;G;I;L;M;O;P;R;T;V;0;1;5
010008090301,APROVEL; TABLET 300MG,IRBESARTAN,MEDICINES,52,52,"December 01, 2025",adhoc,A;B;E;G;I;L;M;O;P;R;T;V;0;3
0101180449,AQUA/BUTYROSPERMUM PARKII BUTTER,,MEDICINES,1119,1119,"September 04, 2025",adhoc,A;B;E;I;K;M;O;P;Q;R;S;T;U;Y
0101180423,AQUA/ETHYHEXYL PALMITATE/SHEA BUTTER/PENTYLENE GLY,,MEDICINES,962,1197,"September 04, 2025",adhoc,A;B;E;G;H;I;L;M;N;P;Q;R;S;T;U;X;Y
0100180420,AQUA/ETHYLHEXYL PALMITATE/GLYCERIN/RICINUS COMMUNI,,MEDICINES,971,971,"July 02, 2025",adhoc,A;C;E;G;H;I;L;M;N;O;P;Q;R;S;T;U;X;Y
0101180447,AQUA/PANTYLENE GLYCOL/HYDROGENATED LECITHIN,,MEDICINES,1707,1754,"September 04, 2025",adhoc,A;C;D;E;G;H;I;L;N;O;P;Q;R;T;U;Y
0100090201,ARIPIPRAZOLE,,MEDICINES,134,10755,"October 14, 2025",adhoc,A;E;I;L;O;P;R;Z
0101090201,ARIPIPRAZOLE,,MEDICINES,134,10755,"October 14, 2025",adhoc,A;E;I;L;O;P;R;Z
010104006700,AROMASIN; TABLET 25MG,EXEMESTANE,MEDICINES,326,326,"July 02, 2025",adhoc,A;B;E;G;I;L;M;N;O;R;S;T;2;5
0101160701,AROMATIC SPIRIT OF AMMONIA,,MEDICINES,55,57,"September 04, 2025",adhoc,A;C;F;I;M;N;O;P;R;S;T
0100030304,ARTEMETHER/LUMEFANTRINE,,MEDICINES,100,100,"February 07, 2026",adhoc,A;E;F;H;I;L;M;N;R;T;U
0100030305,ARTESUNATE,,MEDICINES,100,100,"February 07, 2026",adhoc,A;E;N;R;S;T;U
0101040106,ASCIMINIB,,MEDICINES,6791,6791,"October 14, 2025",adhoc,A;B;C;I;M;N;S
0100200006,ASCORBIC ACID,,MEDICINES,5,238,"September 08, 2025",adhoc,A;B;C;D;I;O;R;S
0101200006,ASCORBIC ACID,,MEDICINES,5,238,"September 08, 2025",adhoc,A;B;C;D;I;O;R;S
0101200061,ASCORBIC ACID/ZINC,,MEDICINES,9,270,"February 07, 2026",adhoc,A;B;C;D;I;N;O;R;S;Z
0101200113,ASCORBIC ACID/ZINC/CHOLECALCIFEROL,,MEDICINES,20,20,"October 15, 2025",adhoc,A;B;C;D;E;F;H;I;L;N;O;R;S;Z
0100000500,ASPIRIN,,MEDICINES,5,8,"September 08, 2025",adhoc,A;I;N;P;R;S
0101000500,ASPIRIN,,MEDICINES,5,8,"September 08, 2025",adhoc,A;I;N;P;R;S
0100080600,ATENOLOL,,MEDICINES,17,81,"September 08, 2025",adhoc,A;E;L;N;O;T
0101080600,ATENOLOL,,MEDICINES,17,81,"September 08, 2025",adhoc,A;E;L;N;O;T
0101040091,ATEZOLIZUMAB,,MEDICINES,122209,298735,"July 02, 2025",adhoc,A;B;E;I;L;M;O;T;U;Z
0100080200,ATORVASTATIN,,MEDICINES,38,78,"September 04, 2025",adhoc,A;I;N;O;R;S;T;V
0101080213,ATORVASTATIN/FENOFIBRATE,,MEDICINES,39,49,"September 04, 2025",adhoc,A;B;E;F;I;N;O;R;S;T;V
0101080215,ATORVASTATIN/PERINDOPRIL/AMLODIPINE,,MEDICINES,88,115,"November 04, 2025",adhoc,A;D;E;I;L;M;N;O;P;R;S;T;V
0101190103,ATOSIBAN ACETATE,,MEDICINES,21583,32443,"September 04, 2025",adhoc,A;B;C;E;I;N;O;S;T
0100050600,ATRACURIUM BESILATE,,MEDICINES,233,730,"February 07, 2026",adhoc,A;B;C;E;I;L;M;R;S;T;U
0100050000,ATROPINE SULFATE,,MEDICINES,157,473,"February 07, 2026",adhoc,A;E;F;I;L;N;O;P;R;S;T;U
010003010200,AUGMENTIN; SUSPENSION 156.25MG/5ML 60ML,AMOXICILLIN/CLAVULANIC ACID,MEDICINES,207,207,"July 02, 2025",adhoc,A;E;G;I;L;M;N;O;P;S;T;U;0;1;2;5;6
010003010201,AUGMENTIN; SUSPENSION 228.5MG/5ML 70ML,AMOXICILLIN/CLAVULANIC ACID,MEDICINES,272,272,"July 02, 2025",adhoc,A;E;G;I;L;M;N;O;P;S;T;U;0;2;5;7;8
010003010202,AUGMENTIN; SUSPENSION 312.5MG/5ML 60ML,AMOXICILLIN/CLAVULANIC ACID,MEDICINES,307,307,"July 02, 2025",adhoc,A;E;G;I;L;M;N;O;P;S;T;U;0;1;2;3;5;6
010003010203,AUGMENTIN; SUSPENSION 457MG/5ML 35ML,AMOXICILLIN/CLAVULANIC ACID,MEDICINES,336,336,"July 02, 2025",adhoc,A;E;G;I;L;M;N;O;P;S;T;U;3;4;5;7
010003010204,AUGMENTIN; SUSPENSION 457MG/5ML 70ML,AMOXICILLIN/CLAVULANIC ACID,MEDICINES,434,434,"July 02, 2025",adhoc,A;E;G;I;L;M;N;O;P;S;T;U;0;4;5;7
010003010211,AUGMENTIN; TABLET 1G,AMOXICILLIN/CLAVULANIC ACID,MEDICINES,94,94,"July 02, 2025",adhoc,A;B;E;G;I;L;M;N;T;U;1
010103010212,AUGMENTIN; TABLET 375MG,AMOXICILLIN/CLAVULANIC ACID,MEDICINES,55,55,"July 02, 2025",adhoc,A;B;E;G;I;L;M;N;T;U;3;5;7
010003010213,AUGMENTIN; TABLET 625MG,AMOXICILLIN/CLAVULANIC ACID,MEDICINES,67,67,"July 02, 2025",adhoc,A;B;E;G;I;L;M;N;T;U;2;5;6
010104000300,AVASTIN; VIAL 100MG (REF),BEVACIZUMAB,MEDICINES,20933,20933,"July 02, 2025",adhoc,A;B;E;F;G;I;L;M;N;R;S;T;V;0;1
010403000103,AVASTIN; VIAL 100MG (REF) (HEPATOCELLULAR CARCINOMA RAP),BEVACIZUMAB,MEDICINES,4183,4183,"July 02, 2025",adhoc,A;B;C;E;F;G;H;I;L;M;N;O;P;R;S;T;U;V;0;1
010403000101,AVASTIN; VIAL 100MG (REF) (RAP),BEVACIZUMAB,MEDICINES,16735,16735,"July 02, 2025",adhoc,A;B;E;F;G;I;L;M;N;P;R;S;T;V;0;1
010104000301,AVASTIN; VIAL 400MG (REF),BEVACIZUMAB,MEDICINES,72041,72041,"July 02, 2025",adhoc,A;B;E;F;G;I;L;M;N;R;S;T;V;0;4
010403000104,AVASTIN; VIAL 400MG (REF) (HEPATOCELLULAR CARCINOMA RAP),BEVACIZUMAB,MEDICINES,14405,14405,"July 02, 2025",adhoc,A;B;C;E;F;G;H;I;L;M;N;O;P;R;S;T;U;V;0;4
010403000102,AVASTIN; VIAL 400MG (REF) (RAP),BEVACIZUMAB,MEDICINES,57621,57621,"July 02, 2025",adhoc,A;B;E;F;G;I;L;M;N;P;R;S;T;V;0;4
01030300100,AVIAR PRE-METERED DPI; CAPSULE 18MCG 40S,TIOTROPIUM BROMIDE,MEDICINES,3691,3691,"July 02, 2025",adhoc,A;C;D;E;G;I;L;M;P;R;S;T;U;V;0;1;4;8
0101180436,AVOBENZONE/OCTINOXATE/ZINC OXIDE,,MEDICINES,1256,1256,"September 04, 2025",adhoc,A;B;C;D;E;I;N;O;T;V;X;Z
0101180105,AVOCADO OIL/SOYBEAN OIL UNSAPONIFIABLE,,MEDICINES,125,125,"September 04, 2025",adhoc,A;B;C;D;E;F;I;L;N;O;P;S;U;V;Y
010108050200,AVODART; CAPSULE 500MCG,DUTASTERIDE,MEDICINES,57,57,"July 02, 2025",adhoc,A;C;D;E;G;L;M;O;P;R;S;T;U;V;0;5
0101040096,AXITINIB,,MEDICINES,1253,1253,"February 07, 2026",adhoc,A;B;I;N;T;X
0101040074,AZACITIDINE,,MEDICINES,18268,62240,"July 02, 2025",adhoc,A;C;D;E;I;N;T;Z
0103110101,AZATHIOPRINE,,MEDICINES,38,38,"July 02, 2025",adhoc,A;E;H;I;N;O;P;R;T;Z
0101160200,AZELASTINE,,MEDICINES,1497,1497,"February 07, 2026",adhoc,A;E;I;L;N;S;T;Z
0101160800,AZELASTINE HCL/FLUTICASONE PROPIONATE,,MEDICINES,1426,1426,"September 11, 2025",adhoc,A;C;E;F;H;I;L;N;O;P;R;S;T;U;Z
0101080915,AZILSARTAN MEDOXOMIL POTASSIUM,,MEDICINES,66,66,"September 04, 2025",adhoc,A;D;E;I;L;M;N;O;P;R;S;T;U;X;Z
0100030106,AZITHROMYCIN DIHYDRATE,,MEDICINES,176,1766,"February 07, 2026",adhoc,A;C;D;E;H;I;M;N;O;R;T;Y;Z
0101030106,AZITHROMYCIN DIHYDRATE,,MEDICINES,176,1766,"February 07, 2026",adhoc,A;C;D;E;H;I;M;N;O;R;T;Y;Z
01000301102,AZITHROMYCIN DIHYDRATE/SODIUM CHLORIDE,,MEDICINES,1523,2041,"December 03, 2025",adhoc,A;C;D;E;H;I;L;M;N;O;R;S;T;U;Y;Z
0101030199013,AZITHROMYCIN MONOHYDRATE,,MEDICINES,610,910,"February 07, 2026",adhoc,A;C;D;E;H;I;M;N;O;R;T;Y;Z
0100030182,AZTREONAM,,MEDICINES,3329,3877,"February 07, 2026",adhoc,A;E;M;N;O;R;T;Z
0100170002,BACILLE CALMETTE GUERIN,,MEDICINES,815,1337,"September 08, 2025",adhoc,A;B;C;E;G;I;L;M;N;R;T;U
0101170002,BACILLE CALMETTE GUERIN,,MEDICINES,815,1337,"September 08, 2025",adhoc,A;B;C;E;G;I;L;M;N;R;T;U
0101040078,BACILLUS CALMETTE-GUERIN,,MEDICINES,39458,39458,"July 02, 2025",adhoc,A;B;C;E;G;I;L;M;N;R;S;T;U
0101130500,BACILLUS CLAUSII,,MEDICINES,65,122,"February 07, 2026",adhoc,A;B;C;I;L;S;U
0100030107,BACITRACIN/POLYMIXIN B/NEOMYCIN,,MEDICINES,448,448,"September 04, 2025",adhoc,A;B;C;E;I;L;M;N;O;P;R;T;X;Y
01000301106,BACITRACIN/POLYMYXIN B SULFATE/NEOMYCIN,,MEDICINES,361,361,"September 04, 2025",adhoc,A;B;C;E;F;I;L;M;N;O;P;R;S;T;U;X;Y
0100050601,BACLOFEN,,MEDICINES,50,81,"February 07, 2026",adhoc,A;B;C;E;F;L;N;O
0101050401,BAMBUTEROL,,MEDICINES,81,400,"September 04, 2025",adhoc,A;B;E;L;M;O;R;T;U
0101340103,BARICITINIB,,MEDICINES,1985,1986,"July 02, 2025",adhoc,A;B;C;I;N;R;T
0101212404,BARIUM SULFATE,,MEDICINES,1602,1602,"September 04, 2025",adhoc,A;B;E;F;I;L;M;R;S;T;U
0103110204,BASILIXIMAB,,MEDICINES,67476,67476,"July 02, 2025",adhoc,A;B;I;L;M;S;X
0101030225,BECLOMETASONE DIPROPIONATE/CLOTRIMAZOLE,,MEDICINES,1023,1023,"September 04, 2025",adhoc,A;B;C;D;E;I;L;M;N;O;P;R;S;T;Z
0101140041,BECLOMETASONE DIPROPIONATE/FORMOTEROL FUMARATE DIH,,MEDICINES,2256,3223,"February 07, 2026",adhoc,A;B;C;D;E;F;H;I;L;M;N;O;P;R;S;T;U
0101140045,BECLOMETASONE/FORMOTEROL FUMARATE/GLYCOPYRRONIUM,,MEDICINES,4540,4540,"July 02, 2025",adhoc,A;B;C;E;F;G;I;L;M;N;O;P;R;S;T;U;Y
0101040081,BENDAMUSTINE HCL,,MEDICINES,4232,50773,"July 02, 2025",adhoc,A;B;C;D;E;H;I;L;M;N;S;T;U
0100030108,BENZATHINE BENYLPENICILLIN,,MEDICINES,354,377,"September 04, 2025",adhoc,A;B;C;E;H;I;L;N;P;T;Y;Z
0101180509,BENZOYL PEROXIDE,,MEDICINES,1903,2004,"September 04, 2025",adhoc,B;D;E;I;L;N;O;P;R;X;Y;Z
0101120226,BENZYDAMINE HCL/CHLORHEXIDINE GLUCONATE,,MEDICINES,513,513,"July 02, 2025",adhoc,A;B;C;D;E;G;H;I;L;M;N;O;R;T;U;X;Y;Z
0101000501,BENZYDAMINE HYDROCHLORIDE,,MEDICINES,57,1023,"February 07, 2026",adhoc,A;B;C;D;E;H;I;L;M;N;O;R;Y;Z
0100030109,BENZYL PENICILLIN NA,,MEDICINES,48,48,"September 04, 2025",adhoc,A;B;C;E;I;L;N;P;Y;Z
0100160600,BERACTANT,,MEDICINES,19600,26354,"February 07, 2026",adhoc,A;B;C;E;N;R;T
0103100101,BERACTANT,,MEDICINES,19600,26354,"February 07, 2026",adhoc,A;B;C;E;N;R;T
0101070200,BERAPROST NA,,MEDICINES,41,41,"September 04, 2025",adhoc,A;B;E;N;O;P;R;S;T
010005030202,BERODUAL; MDI 50MCG/20MCG 10ML,FENOTEROL HBR/IPRATROPIUM,MEDICINES,567,567,"July 02, 2025",adhoc,A;B;C;D;E;F;G;I;L;M;O;R;U;0;1;2;5
010005030201,BERODUAL; UDV 1.25MG/0.5MG/4ML 10S,FENOTEROL HBR/IPRATROPIUM,MEDICINES,697,697,"July 02, 2025",adhoc,A;B;D;E;F;G;L;M;O;R;S;U;V;0;1;2;4;5
0100090700,BETAHISTINE,,MEDICINES,63,203,"February 07, 2026",adhoc,A;B;E;H;I;N;S;T
0100140001,BETAMETHASONE DIPROPIONATE,,MEDICINES,611,1025,"February 07, 2026",adhoc,A;B;D;E;H;I;M;N;O;P;R;S;T
0101140002,BETAMETHASONE DIPROPIONATE/BETAMETHASONE SOD PHOSP,,MEDICINES,993,993,"February 07, 2026",adhoc,A;B;D;E;H;I;M;N;O;P;R;S;T
0101140003,BETAMETHASONE DIPROPIONATE/GENTAMICIN SULFATE,,MEDICINES,825,827,"February 07, 2026",adhoc,A;B;C;D;E;F;G;H;I;L;M;N;O;P;R;S;T;U
0100140000,BETAMETHASONE VALERATE,,MEDICINES,604,1199,"February 07, 2026",adhoc,A;B;E;H;L;M;N;O;R;S;T;V
0101140000,BETAMETHASONE VALERATE,,MEDICINES,604,1199,"February 07, 2026",adhoc,A;B;E;H;L;M;N;O;R;S;T;V
01010301108,BETAMETHASONE VALERATE/CLIOQUINOL/GENTAMICIN SULFA,,MEDICINES,919,919,"September 04, 2025",adhoc,A;B;C;E;F;G;H;I;L;M;N;O;Q;R;S;T;U;V
0101140004,BETAMETHASONE/CLIOQUINOL,,MEDICINES,506,506,"September 04, 2025",adhoc,A;B;C;E;H;I;L;M;N;O;Q;S;T;U
0101140005,BETAMETHASONE/DEXCHLORPHENIRAMINE,,MEDICINES,41,790,"September 08, 2025",adhoc,A;B;C;D;E;H;I;L;M;N;O;P;R;S;T;X
0101140006,BETAMETHASONE/NEOMYCIN,,MEDICINES,527,527,"September 04, 2025",adhoc,A;B;C;E;H;I;M;N;O;S;T;Y
0103090002,BETAMETHASONE/SALICYLIC ACID,,MEDICINES,229,301,"September 08, 2025",adhoc,A;B;C;D;E;H;I;L;M;N;O;S;T;Y
0104100001,BETAMETHASONE/SALICYLIC ACID,,MEDICINES,229,301,"September 08, 2025",adhoc,A;B;C;D;E;H;I;L;M;N;O;S;T;Y
0101050001,BETANECHOL,,MEDICINES,319,319,"September 04, 2025",adhoc,A;B;C;E;H;L;N;O;T
0100080601,BETAXOLOL,,MEDICINES,470,1357,"September 08, 2025",adhoc,A;B;E;L;O;T;X
0103050201,BETAXOLOL,,MEDICINES,470,1357,"September 08, 2025",adhoc,A;B;E;L;O;T;X
010008060101,BETOPTIC; EYE DROPS 5MG/ML,BETAXOLOL,MEDICINES,470,470,"July 02, 2025",adhoc,B;C;D;E;G;I;L;M;O;P;R;S;T;Y;5
0104030001,BEVACIZUMAB,,MEDICINES,4183,72041,"July 02, 2025",adhoc,A;B;C;E;I;M;U;V;Z
0100040004,BICALUTAMIDE,,MEDICINES,166,439,"July 02, 2025",adhoc,A;B;C;D;E;I;L;M;T;U
0101020207,BILASTINE,,MEDICINES,52,58,"September 08, 2025",adhoc,A;B;E;I;L;N;S;T
0101120702,BIMATOPROST,,MEDICINES,2051,2477,"September 08, 2025",adhoc,A;B;I;M;O;P;R;S;T
0101200082,BIOTIN,,MEDICINES,521,677,"September 08, 2025",adhoc,B;I;N;O;T
0100210400,BIPERIDEN,,MEDICINES,35,35,"September 04, 2025",adhoc,B;D;E;I;N;P;R
0100140736,BIPHASIC HUMAN INSULIN ISOPHANE,,MEDICINES,1423,1423,"September 04, 2025",adhoc,A;B;C;E;H;I;L;M;N;O;P;S;U
0104100100,BIPHASIC INSULIN ASPART,,MEDICINES,477,477,"July 02, 2025",adhoc,A;B;C;H;I;L;N;P;R;S;T;U
0100130300,BISACODYL,,MEDICINES,53,136,"February 07, 2026",adhoc,A;B;C;D;I;L;O;S;Y
0100080603,BISOPROLOL FUMARATE,,MEDICINES,44,76,"February 07, 2026",adhoc,A;B;E;F;I;L;M;O;P;R;S;T;U
0101080603,BISOPROLOL FUMARATE,,MEDICINES,44,76,"February 07, 2026",adhoc,A;B;E;F;I;L;M;O;P;R;S;T;U
0101080619,BISOPROLOL/AMLODIPINE,,MEDICINES,22,71,"September 08, 2025",adhoc,A;B;D;E;I;L;M;N;O;P;R;S
0104050303,BISOPROLOL/AMLODIPINE,,MEDICINES,22,71,"September 08, 2025",adhoc,A;B;D;E;I;L;M;N;O;P;R;S
0104050304,BISOPROLOL/AMLODIPINE BESILATE,,MEDICINES,22,22,"July 02, 2025",adhoc,A;B;D;E;I;L;M;N;O;P;R;S;T
0101080604,BISOPROLOL/HCTZ,,MEDICINES,16,82,"September 08, 2025",adhoc,B;C;H;I;L;O;P;R;S;T;Z
0104050301,BISOPROLOL/HCTZ,,MEDICINES,16,82,"September 08, 2025",adhoc,B;C;H;I;L;O;P;R;S;T;Z
0100040005,BLEOMYCIN SULFATE,,MEDICINES,6363,6882,"February 07, 2026",adhoc,A;B;C;E;F;I;L;M;N;O;S;T;U;Y
010104020100,BONDRONAT; AMPULE 6MG/6ML,IBANDRONIC ACID,MEDICINES,10762,10762,"July 02, 2025",adhoc,A;B;D;E;G;I;L;M;N;O;P;R;T;U;6
010121061301,BONVIVA; TABLET 150MG,IBANDRONIC ACID,MEDICINES,1626,1626,"July 02, 2025",adhoc,A;B;E;G;I;L;M;N;O;T;V;0;1;5
0101040072,BORTEZOMIB,,MEDICINES,27973,146911,"February 07, 2026",adhoc,B;E;I;M;O;R;T;Z
0104050102,BOSENTAN,,MEDICINES,1145,1145,"July 02, 2025",adhoc,A;B;E;N;O;S;T
0101170003,BOTULINUM TOXIN,,MEDICINES,33560,33560,"September 04, 2025",adhoc,B;I;L;M;N;O;T;U;X
0101040095,BRENTUXIMAB VEDOTIN,,MEDICINES,21957,178295,"July 02, 2025",adhoc,A;B;D;E;I;M;N;O;R;T;U;V;X
0101090215,BREXPIPRAZOLE,,MEDICINES,254,370,"July 02, 2025",adhoc,A;B;E;I;L;O;P;R;X;Z
010107020901,BRILINTA; TABLET 90MG,TICAGRELOR,MEDICINES,80,80,"July 02, 2025",adhoc,A;B;E;G;I;L;M;N;R;T;0;9
0100050300,BRIMONIDINE,,MEDICINES,2204,2204,"September 04, 2025",adhoc,B;D;E;I;M;N;O;R
0101090115002,BRINTELLIX; TABLET 10MG,VORTIOXETINE,MEDICINES,98,98,"July 02, 2025",adhoc,A;B;E;G;I;L;M;N;R;T;V;X;0;1
0101090115001,BRINTELLIX; TABLET 5MG,VORTIOXETINE,MEDICINES,53,53,"July 02, 2025",adhoc,A;B;E;G;I;L;M;N;R;T;V;X;5
0100120301,BRINZOLAMIDE,,MEDICINES,1776,1776,"July 02, 2025",adhoc,A;B;D;E;I;L;M;N;O;R;Z
0101120705,BRINZOLAMIDE/BRIMONIDINE TARTRATE,,MEDICINES,2207,2207,"July 02, 2025",adhoc,A;B;D;E;I;L;M;N;O;R;T;Z
0101120302,BRINZOLAMIDE/TIMOLOL,,MEDICINES,2088,2088,"July 02, 2025",adhoc,A;B;D;E;I;L;M;N;O;R;T;Z
0100090001,BROMAZEPAM,,MEDICINES,16,16,"September 04, 2025",adhoc,A;B;E;M;O;P;R;Z
0101160502,BROMHEXINE HYDROCHLORIDE,,MEDICINES,206,206,"September 04, 2025",adhoc,B;C;D;E;H;I;L;M;N;O;R;X;Y
0103110301,BROMOCRIPTINE MESYLATE,,MEDICINES,97,97,"July 02, 2025",adhoc,A;B;C;E;I;L;M;N;O;P;R;S;T;Y
0101200007,BUCLIZINE HCL/IRON FUMARATE/VITAMINS,,MEDICINES,49,49,"July 02, 2025",adhoc,A;B;C;E;F;H;I;L;M;N;O;R;S;T;U;V;Z
0101200008,BUCLIZINE HCL/VIT B1B6B12/LYSINE HCL,,MEDICINES,34,423,"September 08, 2025",adhoc,B;C;E;H;I;L;N;S;T;U;V;Y;Z;1;2;6
0101200009,BUCLIZINE HCL/VIT B1B6B12/LYSINE HCL/FERROUS SULFA,,MEDICINES,37,503,"February 07, 2026",adhoc,A;B;C;E;F;H;I;L;N;O;R;S;T;U;V;Y;Z;1;2;6
0101200075,BUCLIZINE HCL/VITAMINS,,MEDICINES,518,984,"July 02, 2025",adhoc,A;B;C;E;H;I;L;M;N;S;T;U;V;Z
0100140008,BUDESONIDE,,MEDICINES,281,15307,"February 07, 2026",adhoc,B;D;E;I;N;O;S;U
0101140008,BUDESONIDE,,MEDICINES,281,15307,"February 07, 2026",adhoc,B;D;E;I;N;O;S;U
0100140009,BUDESONIDE/FORMOTEROL,,MEDICINES,973,3373,"September 08, 2025",adhoc,B;D;E;F;I;L;M;N;O;R;S;T;U
0101140009,BUDESONIDE/FORMOTEROL,,MEDICINES,973,3373,"September 08, 2025",adhoc,B;D;E;F;I;L;M;N;O;R;S;T;U
0101140046,BUDESONIDE/GLYCOPYRRONIUM BROMIDE/FORMOTEROL FUMAR,,MEDICINES,4295,4295,"July 02, 2025",adhoc,A;B;C;D;E;F;G;I;L;M;N;O;P;R;S;T;U;Y
0103050602,BUMETANIDE,,MEDICINES,20,20,"July 02, 2025",adhoc,A;B;D;E;I;M;N;T;U
0100010001,BUPIVACAINE,,MEDICINES,929,929,"September 04, 2025",adhoc,A;B;C;E;I;N;P;U;V
0100010002,BUPIVACAINE IN D 5% IN WATER,,MEDICINES,447,1214,"February 07, 2026",adhoc,A;B;C;D;E;I;N;P;R;T;U;V;W;5
010011030001,BURINEX; TABLET 1MG,BUMETANIDE,MEDICINES,20,20,"July 02, 2025",adhoc,A;B;E;G;I;L;M;N;R;T;U;X;1
0101040097,BUSULFAN,,MEDICINES,21168,21168,"July 02, 2025",adhoc,A;B;F;L;N;S;U
0100160004,BUTAMIRATE CITRATE,,MEDICINES,38,449,"February 07, 2026",adhoc,A;B;C;E;I;M;R;T;U
0101212407,BUTANE/PENTANE/ISOBUTANE/PROPANE/ISOPROPYL ALCOHOL,,MEDICINES,981,981,"July 02, 2025",adhoc,A;B;C;E;H;I;L;N;O;P;R;S;T;U;Y
0100000401,BUTORPHANOL TARTRATE,,MEDICINES,941,941,"September 04, 2025",adhoc,A;B;E;H;L;N;O;P;R;T;U
0101110100,CA POLYSTYRENE SULFONATE,,MEDICINES,183,183,"September 04, 2025",adhoc,A;C;E;F;L;N;O;P;R;S;T;U;Y
0101040090,CABAZITAXEL,,MEDICINES,39990,417917,"September 06, 2025",adhoc,A;B;C;E;I;L;T;X;Z
0101120228,CADEXOMER IODINE,,MEDICINES,1128,2355,"September 06, 2025",adhoc,A;C;D;E;I;M;N;O;R;X
0101090902,CAFFEINE CITRATE,,MEDICINES,1103,1103,"July 02, 2025",adhoc,A;C;E;F;I;N;R;T
0100180502,CALCIPOTRIOL,,MEDICINES,2823,2823,"February 07, 2026",adhoc,A;C;I;L;O;P;R;T
0104130001,CALCIPOTRIOL/BETAMETHASONE,,MEDICINES,1726,1726,"July 02, 2025",adhoc,A;B;C;E;H;I;L;M;N;O;P;R;S;T
0104100200,CALCITONIN SALMON,,MEDICINES,4274,4274,"July 02, 2025",adhoc,A;C;I;L;M;N;O;S;T
0100200010,CALCITRIOL,,MEDICINES,49,49,"September 04, 2025",adhoc,A;C;I;L;O;R;T
0100200052,CALCIUM CARBONATE,,MEDICINES,30,30,"September 04, 2025",adhoc,A;B;C;E;I;L;M;N;O;R;T;U
0100200062,CALCIUM CARBONATE/CHOLECALCIFEROL,,MEDICINES,16,16,"September 04, 2025",adhoc,A;B;C;E;F;H;I;L;M;N;O;R;T;U
0101200063,CALCIUM CARBONATE/CHOLECALCIFEROL/MINERALS,,MEDICINES,16,16,"September 04, 2025",adhoc,A;B;C;E;F;H;I;L;M;N;O;R;S;T;U
0101110000,CALCIUM CHLORIDE,,MEDICINES,2048,5598,"February 07, 2026",adhoc,A;C;D;E;H;I;L;M;O;R;U
0101180000,CALCIUM DOBESILATE,,MEDICINES,76,76,"July 02, 2025",adhoc,A;B;C;D;E;I;L;M;O;S;T;U
0100040200,CALCIUM FOLINATE,,MEDICINES,955,1323,"February 07, 2026",adhoc,A;C;E;F;I;L;M;N;O;T;U
0100110001,CALCIUM GLUCONATE,,MEDICINES,97,389,"September 06, 2025",adhoc,A;C;E;G;I;L;M;N;O;T;U
0101200000,CALCIUM PANTOTHENIC/AMINO ACIDS/MULTIVITAMINS,,MEDICINES,24,24,"September 04, 2025",adhoc,A;C;D;E;H;I;L;M;N;O;P;S;T;U;V
0100130311,CALCIUM SENNOSIDES,,MEDICINES,30,42,"September 06, 2025",adhoc,A;C;D;E;I;L;M;N;O;S;U
0101200108,CALCIUM/CHOLECALCIFEROL/MINERALS,,MEDICINES,17,17,"July 02, 2025",adhoc,A;C;E;F;H;I;L;M;N;O;R;S;U
0101200065,CALCIUMCARBONATE/CALCITRIOL/ZINC PICOLINATE,,MEDICINES,16,16,"September 04, 2025",adhoc,A;B;C;E;I;L;M;N;O;P;R;T;U;Z
0101000019,CAMPHOR/MENTHOL/METHYL SALICYLATE,,MEDICINES,109,246,"September 06, 2025",adhoc,A;C;E;H;I;L;M;N;O;P;R;S;T;Y
0101140740,CANAGLIFLOZIN,,MEDICINES,90,193,"September 06, 2025",adhoc,A;C;F;G;I;L;N;O;Z
0101080900,CANDESARTAN,,MEDICINES,28,126,"September 06, 2025",adhoc,A;C;D;E;N;R;S;T
0101080916,CANDESARTAN/AMLODIPINE BESILATE,,MEDICINES,53,53,"September 04, 2025",adhoc,A;B;C;D;E;I;L;M;N;O;P;R;S;T
0101080901,CANDESARTAN/HCTZ,,MEDICINES,56,118,"September 06, 2025",adhoc,A;C;D;E;H;N;R;S;T;Z
0100110412,CAPD/DPCA 17,,MEDICINES,414,417,"September 06, 2025",adhoc,A;C;D;P;1;7
0100110411,CAPD/DPCA 19,,MEDICINES,407,417,"July 02, 2025",adhoc,A;C;D;P;1;9
0100110408,CAPD/DPCA 2,,MEDICINES,334,1253,"September 06, 2025",adhoc,A;C;D;P;2
0100110410,CAPD/DPCA 3,,MEDICINES,339,1253,"September 06, 2025",adhoc,A;C;D;P;3
0100110409,CAPD/DPCA 4,,MEDICINES,385,1253,"September 06, 2025",adhoc,A;C;D;P;4
0100040006,CAPECITABINE,,MEDICINES,197,361,"July 02, 2025",adhoc,A;B;C;E;I;N;P;T
0101180452,CAPRYLIC/CAPRIC TRIGLYCERIDE/HELIANTHUS ANNUUS SEE,,MEDICINES,2754,2754,"September 04, 2025",adhoc,A;C;D;E;G;H;I;L;N;P;R;S;T;U;Y
0100080816,CAPTOPRIL,,MEDICINES,15,15,"September 04, 2025",adhoc,A;C;I;L;O;P;R;T
0100050002,CARBACHOL,,MEDICINES,1392,1392,"September 04, 2025",adhoc,A;B;C;H;L;O;R
0100090002,CARBAMAZEPINE,,MEDICINES,11,825,"September 08, 2025",adhoc,A;B;C;E;I;M;N;P;R;Z
0101090002,CARBAMAZEPINE,,MEDICINES,11,825,"September 08, 2025",adhoc,A;B;C;E;I;M;N;P;R;Z
0101180419,CARBENOXOLONE,,MEDICINES,1140,1140,"February 07, 2026",adhoc,A;B;C;E;L;N;O;R;X
0100150005,CARBETOCIN,,MEDICINES,3214,3214,"September 04, 2025",adhoc,A;B;C;E;I;N;O;R;T
0101141300,CARBIMAZOLE,,MEDICINES,17,17,"September 04, 2025",adhoc,A;B;C;E;I;L;M;O;R;Z
0101160504,CARBOCISTEINE,,MEDICINES,18,275,"September 06, 2025",adhoc,A;B;C;E;I;N;O;R;S;T
0101160505,CARBOCISTEINE/SALBUTAMOL,,MEDICINES,23,244,"September 06, 2025",adhoc,A;B;C;E;I;L;M;N;O;R;S;T;U
0100120901,CARBOMER,,MEDICINES,618,882,"February 07, 2026",adhoc,A;B;C;E;M;O;R
0101120901,CARBOMER,,MEDICINES,618,882,"February 07, 2026",adhoc,A;B;C;E;M;O;R
0100040007,CARBOPLATIN,,MEDICINES,2448,12148,"February 07, 2026",adhoc,A;B;C;I;L;N;O;P;R;T
0100150000,CARBOPROST,,MEDICINES,519,978,"September 06, 2025",adhoc,A;B;C;O;P;R;S;T
0100120406,CARBOXY METHYLCELLULOSE SODIUM,,MEDICINES,918,940,"February 07, 2026",adhoc,A;B;C;D;E;H;I;L;M;O;R;S;T;U;X;Y
0101120407,CARBOXY METHYLCELLULOSE SODIUM,,MEDICINES,918,940,"February 07, 2026",adhoc,A;B;C;D;E;H;I;L;M;O;R;S;T;U;X;Y
0101120406,CARBOXY METHYLCELLULOSE SODIUM/GLYCERIN,,MEDICINES,446,880,"September 06, 2025",adhoc,A;B;C;D;E;G;H;I;L;M;N;O;R;S;T;U;X;Y
0101120412,CARBOXY METHYLCELLULOSE SODIUM/GLYCERIN/POLYSORBAT,,MEDICINES,899,899,"September 04, 2025",adhoc,A;B;C;D;E;G;H;I;L;M;N;O;P;R;S;T;U;X;Y
0101212502,CARBOXYMETHYL CELLULOSE/PETROLEUM JELLY/SILVER SAL,,MEDICINES,788,1465,"July 02, 2025",adhoc,A;B;C;E;H;I;J;L;M;O;P;R;S;T;U;V;X;Y
0101120408,CARBOXYMETHYLCELLULOSE/PARAFFIN/PETROLEUM JELLY/CA,,MEDICINES,225,1501,"September 08, 2025",adhoc,A;B;C;E;F;H;I;J;L;M;N;O;P;R;S;T;U;X;Y
0101090216,CARIPRAZINE HCL,,MEDICINES,365,365,"September 11, 2025",adhoc,A;C;E;H;I;L;N;P;R;Z
0101050608,CARISOPRODOL/PARACETAMOL,,MEDICINES,43,43,"September 04, 2025",adhoc,A;C;D;E;I;L;M;O;P;R;S;T
0101040089,CARMUSTINE,,MEDICINES,16560,31500,"July 02, 2025",adhoc,A;C;E;I;M;N;R;S;T;U
01010400106,CARMUSTINE LYOPHILIZED,,MEDICINES,16560,16560,"July 02, 2025",adhoc,A;C;D;E;H;I;L;M;N;O;P;R;S;T;U;Y;Z
0101200012,CARNITINE OROTATE/ADENINE/VITB2B6B12,,MEDICINES,182,182,"September 04, 2025",adhoc,A;B;C;D;E;I;N;O;R;T;V;1;2;6
0101200013,CARNITINE OROTATE/LIVER EXTRACT/PYRIDOXINE,,MEDICINES,99,99,"September 04, 2025",adhoc,A;C;D;E;I;L;N;O;P;R;T;V;X;Y
0101200114,CARNITINE OROTATE/SILYMARIN/PHOSPHOLIPIDS/ZN/BCOMPLEX,,MEDICINES,46,46,"November 24, 2025",adhoc,A;B;C;D;E;H;I;L;M;N;O;P;R;S;T;X;Y;Z
0100080605,CARVEDILOL,,MEDICINES,25,53,"September 08, 2025",adhoc,A;C;D;E;I;L;O;R;V
0101080621,CARVEDILOL/IVABRADINE,,MEDICINES,45,50,"July 02, 2025",adhoc,A;B;C;D;E;I;L;N;O;R;V
0101030901,CASIRIVIMAB/IMDEVIMAB,,MEDICINES,29115,102196,"July 02, 2025",adhoc,A;B;C;D;E;I;M;R;S;V
0100130301,CASTOR OIL,,MEDICINES,39,284,"September 08, 2025",adhoc,A;C;I;L;O;R;S;T
0101030110,CEFACLOR,,MEDICINES,189,1141,"September 06, 2025",adhoc,A;C;E;F;L;O;R
0101030111,CEFACLOR MONOHYDRATE,,MEDICINES,1005,1005,"September 04, 2025",adhoc,A;C;D;E;F;H;L;M;N;O;R;T;Y
0100030112,CEFALEXIN,,MEDICINES,128,281,"September 08, 2025",adhoc,A;C;E;F;I;L;N;X
0101030112,CEFALEXIN,,MEDICINES,128,281,"September 08, 2025",adhoc,A;C;E;F;I;L;N;X
0100030198,CEFALEXIN MONOHYDRATE,,MEDICINES,49,488,"February 07, 2026",adhoc,A;C;D;E;F;H;I;L;M;N;O;R;T;X;Y
01010301103,CEFALEXIN MONOHYDRATE,,MEDICINES,49,488,"February 07, 2026",adhoc,A;C;D;E;F;H;I;L;M;N;O;R;T;X;Y
0100030114,CEFAZOLIN SODIUM,,MEDICINES,307,753,"February 07, 2026",adhoc,A;C;D;E;F;I;L;M;N;O;S;U;Z
0100030115,CEFEPIME,,MEDICINES,1644,6761,"February 07, 2026",adhoc,C;E;F;I;M;P
0100030116,CEFIXIME,,MEDICINES,210,2680,"September 08, 2025",adhoc,C;E;F;I;M;X
0101030116,CEFIXIME,,MEDICINES,210,2680,"September 08, 2025",adhoc,C;E;F;I;M;X
0101030199006,CEFIXIME TRIHYDRATE,,MEDICINES,167,274,"September 08, 2025",adhoc,A;C;D;E;F;H;I;M;R;T;X;Y
0101030117,CEFOPERAZONE/SULBACTAM,,MEDICINES,1883,1883,"September 04, 2025",adhoc,A;B;C;E;F;L;M;N;O;P;R;S;T;U;Z
0100030118,CEFOTAXIME,,MEDICINES,1004,1497,"September 08, 2025",adhoc,A;C;E;F;I;M;O;T;X
0101030118,CEFOTAXIME,,MEDICINES,1004,1497,"September 08, 2025",adhoc,A;C;E;F;I;M;O;T;X
0101030199014,CEFOTAXIME SODIUM,,MEDICINES,1070,1070,"February 07, 2026",adhoc,A;C;D;E;F;I;M;O;S;T;U;X
0100030120,CEFOXITIN SODIUM,,MEDICINES,1439,2643,"February 07, 2026",adhoc,C;D;E;F;I;M;N;O;S;T;U;X
0101030199011,CEFOXITIN SODIUM,,MEDICINES,1439,2643,"February 07, 2026",adhoc,C;D;E;F;I;M;N;O;S;T;U;X
0101030199017,CEFPODOXIME PROXETIL,,MEDICINES,77,77,"February 07, 2026",adhoc,C;D;E;F;I;L;M;O;P;R;T;X
0101030199008,CEFTAROLINE FOSAMIL,,MEDICINES,6770,6770,"September 04, 2025",adhoc,A;C;E;F;I;L;M;N;O;R;S;T
0100030121,CEFTAZIDIME,,MEDICINES,1059,2052,"September 08, 2025",adhoc,A;C;D;E;F;I;M;T;Z
0101030199009,CEFTAZIDIME/AVIBACTAM,,MEDICINES,13385,13385,"February 07, 2026",adhoc,A;B;C;D;E;F;I;M;T;V;Z
0101030199002,CEFTOLOZANE/TAZOBACTAM,,MEDICINES,7427,7427,"September 04, 2025",adhoc,A;B;C;E;F;L;M;N;O;T;Z
0100030123,CEFTRIAXONE SODIUM,,MEDICINES,922,1991,"September 06, 2025",adhoc,A;C;D;E;F;I;M;N;O;R;S;T;U;X
0101030199012,CEFTRIAXONE SODIUM/SULBACTAM,,MEDICINES,2418,2418,"July 02, 2025",adhoc,A;B;C;D;E;F;I;L;M;N;O;R;S;T;U;X
0100030124,CEFUROXIME,,MEDICINES,474,474,"September 04, 2025",adhoc,C;E;F;I;M;O;R;U;X
0100030125,CEFUROXIME AXETIL,,MEDICINES,75,848,"September 08, 2025",adhoc,A;C;E;F;I;L;M;O;R;T;U;X
0101030125,CEFUROXIME AXETIL,,MEDICINES,75,848,"September 08, 2025",adhoc,A;C;E;F;I;L;M;O;R;T;U;X
0100030126,CEFUROXIME SODIUM,,MEDICINES,494,799,"February 07, 2026",adhoc,C;D;E;F;I;M;O;R;S;U;X
0100000100,CELECOXIB,,MEDICINES,45,177,"September 06, 2025",adhoc,B;C;E;I;L;O;X
0101180600,CEPAE EXTR/ALLANTOIN/HEPARIN,,MEDICINES,1340,2262,"February 07, 2026",adhoc,A;C;E;H;I;L;N;O;P;R;T;X
0101090803,CEREBROLYSIN,,MEDICINES,1355,1355,"February 07, 2026",adhoc,B;C;E;I;L;N;O;R;S;Y
010012030000,CETAMID; TABLET 250MG,ACETAZOLAMIDE,MEDICINES,18,18,"July 02, 2025",adhoc,A;B;C;D;E;G;I;L;M;T;0;2;5
0100020100,CETIRIZINE DIHCL,,MEDICINES,59,634,"February 07, 2026",adhoc,C;D;E;H;I;L;N;R;T;Z
0100020101,CETIRIZINE DIHCL,,MEDICINES,59,634,"February 07, 2026",adhoc,C;D;E;H;I;L;N;R;T;Z
0100020102,CETIRIZINE DIHCL,,MEDICINES,59,634,"February 07, 2026",adhoc,C;D;E;H;I;L;N;R;T;Z
0101020101,CETIRIZINE DIHCL,,MEDICINES,59,634,"February 07, 2026",adhoc,C;D;E;H;I;L;N;R;T;Z
0101020106,CETIRIZINE DIHCL/PHENYLEPHRINE HCL,,MEDICINES,62,492,"February 07, 2026",adhoc,C;D;E;H;I;L;N;P;R;T;Y;Z
0104030002,CETUXIMAB,,MEDICINES,15243,15243,"July 02, 2025",adhoc,A;B;C;E;I;M;T;U;X
0101180400,CETYL ALCOHOL/STEARYL ALCOHOL/MINERAL OIL,,MEDICINES,1806,1806,"September 04, 2025",adhoc,A;C;E;H;I;L;M;N;O;R;S;T;Y
0101120000,CHAMOMILE EXTRACT/PEPPERMINT OIL/SAGE OIL,,MEDICINES,740,740,"September 04, 2025",adhoc,A;C;E;G;H;I;L;M;N;O;P;R;S;T;X
0100040009,CHLORAMBUCIL,,MEDICINES,25,25,"July 02, 2025",adhoc,A;B;C;H;I;L;M;O;R;U
0100030127,CHLORAMPHENICOL,,MEDICINES,32,32,"September 04, 2025",adhoc,A;C;E;H;I;L;M;N;O;P;R
0101120223,CHLORHEXIDINE,,MEDICINES,163,163,"September 04, 2025",adhoc,C;D;E;H;I;L;N;O;R;X
0100120201,CHLORHEXIDINE GLUCONATE,,MEDICINES,241,1674,"February 07, 2026",adhoc,A;C;D;E;G;H;I;L;N;O;R;T;U;X
0101120230,CHLORHEXIDINE GLUCONATE/ETHANOL,,MEDICINES,504,1434,"July 02, 2025",adhoc,A;C;D;E;G;H;I;L;N;O;R;T;U;X
0101120224,CHLORINE DIOXIDE,,MEDICINES,119,524,"September 08, 2025",adhoc,C;D;E;H;I;L;N;O;R;X
0100030303,CHLOROQUINE PHOSPHATE,,MEDICINES,12,30,"September 08, 2025",adhoc,A;C;E;H;I;L;N;O;P;Q;R;S;T;U
0100160100,CHLORPHENAMINE MALEATE,,MEDICINES,14,14,"September 04, 2025",adhoc,A;C;E;H;I;L;M;N;O;P;R;T
0101160405,CHLORPHENIRAMINE MALEATE/DEXTROMETHORPHAN HBR/GUAI,,MEDICINES,21,21,"September 04, 2025",adhoc,A;B;C;D;E;G;H;I;L;M;N;O;P;R;T;U;X
0100090202,CHLORPROMAZINE,,MEDICINES,30,44,"September 08, 2025",adhoc,A;C;E;H;I;L;M;N;O;P;R;Z
0101200109,CHOLECALCIFEROL,,MEDICINES,1910,1910,"July 02, 2025",adhoc,A;C;E;F;H;I;L;O;R
0101200055,CHROMIUM PICOLINATE/LIPOIC ACID/ZINC SULFATE HEPTA,,MEDICINES,53,53,"September 04, 2025",adhoc,A;C;D;E;F;H;I;L;M;N;O;P;R;S;T;U;Z
0101140033,CICLESONIDE,,MEDICINES,1344,1344,"September 04, 2025",adhoc,C;D;E;I;L;N;O;S
0100211000,CICLOSPORIN,,MEDICINES,53,8308,"September 08, 2025",adhoc,C;I;L;N;O;P;R;S
0101211000,CICLOSPORIN,,MEDICINES,53,8308,"September 08, 2025",adhoc,C;I;L;N;O;P;R;S
0103110200,CICLOSPORIN,,MEDICINES,53,8308,"September 08, 2025",adhoc,C;I;L;N;O;P;R;S
0101030519,CIDOFOVIR,,MEDICINES,344018,344018,"July 02, 2025",adhoc,C;D;F;I;O;R;V
0100070201,CILOSTAZOL,,MEDICINES,31,184,"February 07, 2026",adhoc,A;C;I;L;O;S;T;Z
0101070201,CILOSTAZOL,,MEDICINES,31,184,"February 07, 2026",adhoc,A;C;I;L;O;S;T;Z
010003012800,CILOXAN; EYE DROPS 3MG/ML 5ML,CIPROFLOXACIN,MEDICINES,296,296,"July 02, 2025",adhoc,A;C;D;E;G;I;L;M;N;O;P;R;S;X;Y;3;5
0101250000,CINACALCET HCL,,MEDICINES,298,298,"September 04, 2025",adhoc,A;C;E;H;I;L;N;T
0101180001,CINCHOCAINE HCL/POLICRESULEN,,MEDICINES,157,1709,"February 07, 2026",adhoc,A;C;E;H;I;L;N;O;P;R;S;U
0101180002,CINCHOCAINE HCL/POLICRESULEN,,MEDICINES,157,1709,"February 07, 2026",adhoc,A;C;E;H;I;L;N;O;P;R;S;U
0100090702,CINNARIZINE,,MEDICINES,81,208,"September 08, 2025",adhoc,A;C;E;I;N;R;Z
0101090702,CINNARIZINE,,MEDICINES,81,208,"September 08, 2025",adhoc,A;C;E;I;N;R;Z
010003012806,CIPROBAY; VIAL 200MG/100ML,CIPROFLOXACIN LACTATE,MEDICINES,1083,1083,"July 02, 2025",adhoc,A;B;C;G;I;L;M;O;P;R;V;Y;0;1;2
010003012807,CIPROBAY; VIAL 400MG/200ML,CIPROFLOXACIN LACTATE,MEDICINES,1844,1844,"July 02, 2025",adhoc,A;B;C;G;I;L;M;O;P;R;V;Y;0;2;4
0100030128,CIPROFLOXACIN,,MEDICINES,42,1539,"September 08, 2025",adhoc,A;C;F;I;L;N;O;P;R;X
0101030128,CIPROFLOXACIN,,MEDICINES,42,1539,"September 08, 2025",adhoc,A;C;F;I;L;N;O;P;R;X
0104010103,CIPROFLOXACIN,,MEDICINES,42,1539,"September 08, 2025",adhoc,A;C;F;I;L;N;O;P;R;X
0103010007,CIPROFLOXACIN LACTATE,,MEDICINES,1083,1844,"July 02, 2025",adhoc,A;C;E;F;I;L;N;O;P;R;T;X
0101030818,CIPROFLOXACIN/DEXAMETHASONE,,MEDICINES,471,471,"September 04, 2025",adhoc,A;C;D;E;F;H;I;L;M;N;O;P;R;S;T;X
0101050607,CISATRACURIUM,,MEDICINES,708,708,"September 04, 2025",adhoc,A;C;I;M;R;S;T;U
0100040010,CISPLATIN,,MEDICINES,774,2333,"July 02, 2025",adhoc,A;C;I;L;N;P;S;T
0101090800,CITICOLINE,,MEDICINES,115,930,"September 08, 2025",adhoc,C;E;I;L;N;O;T
0100030129,CLARITHROMYCIN,,MEDICINES,227,3203,"September 08, 2025",adhoc,A;C;H;I;L;M;N;O;R;T;Y
0101030129,CLARITHROMYCIN,,MEDICINES,227,3203,"September 08, 2025",adhoc,A;C;H;I;L;M;N;O;R;T;Y
0100030130,CLINDAMYCIN,,MEDICINES,118,1451,"September 08, 2025",adhoc,A;C;D;I;L;M;N;Y
0100030131,CLINDAMYCIN HCL,,MEDICINES,51,199,"February 07, 2026",adhoc,A;C;D;H;I;L;M;N;Y
0100030132,CLINDAMYCIN PALMITATE,,MEDICINES,1131,1131,"September 04, 2025",adhoc,A;C;D;E;I;L;M;N;P;T;Y
0100030133,CLINDAMYCIN PHOSPHATE,,MEDICINES,797,2896,"February 07, 2026",adhoc,A;C;D;E;H;I;L;M;N;O;P;S;T;Y
0101030805,CLIOQUINOL/BETAMETHASNE/GENTAMICIN/TOLNAFTATE,,MEDICINES,1071,1071,"September 04, 2025",adhoc,A;B;C;E;F;G;H;I;L;M;N;O;Q;S;T;U
0100180100,CLOBETASOL PROPIONATE,,MEDICINES,363,4372,"September 08, 2025",adhoc,A;B;C;E;I;L;N;O;P;R;S;T
0101180100,CLOBETASOL PROPIONATE,,MEDICINES,363,4372,"September 08, 2025",adhoc,A;B;C;E;I;L;N;O;P;R;S;T
0101090101,CLOMIPRAMINE HCL,,MEDICINES,75,75,"September 04, 2025",adhoc,A;C;E;H;I;L;M;N;O;P;R
0100090003,CLONAZEPAM,,MEDICINES,14,38,"February 07, 2026",adhoc,A;C;E;L;M;N;O;P;Z
0100080300,CLONIDINE HCL,,MEDICINES,37,317,"February 07, 2026",adhoc,C;D;E;H;I;L;N;O
0100070202,CLOPIDOGREL,,MEDICINES,48,389,"September 08, 2025",adhoc,C;D;E;G;I;L;O;P;R
0101070202,CLOPIDOGREL,,MEDICINES,48,389,"September 08, 2025",adhoc,C;D;E;G;I;L;O;P;R
0103040201,CLOPIDOGREL,,MEDICINES,48,389,"September 08, 2025",adhoc,C;D;E;G;I;L;O;P;R
0101070210,CLOPIDOGREL BISULFATE/ASPIRIN,,MEDICINES,119,119,"September 04, 2025",adhoc,A;B;C;D;E;F;G;I;L;N;O;P;R;S;T;U
0101070211,CLOPIDOGREL/ASPIRIN,,MEDICINES,100,100,"September 04, 2025",adhoc,A;C;D;E;G;I;L;N;O;P;R;S
0101030806,CLOTRASONE/BETAMETHASONE/GENTAMICIN,,MEDICINES,986,1105,"February 07, 2026",adhoc,A;B;C;E;G;H;I;L;M;N;O;R;S;T
0101030822,CLOTRASONE/BETAMETHASONE/GENTAMYCIN SULFATE,,MEDICINES,687,687,"September 04, 2025",adhoc,A;B;C;E;F;G;H;I;L;M;N;O;R;S;T;U;Y
0100030204,CLOTRIMAZOLE,,MEDICINES,213,999,"February 07, 2026",adhoc,A;C;E;I;L;M;O;R;T;Z
0101030204,CLOTRIMAZOLE,,MEDICINES,213,999,"February 07, 2026",adhoc,A;C;E;I;L;M;O;R;T;Z
0101030226,CLOTRIMAZOLE/BECLOMETASONE DIPROPIONATE,,MEDICINES,700,1333,"September 08, 2025",adhoc,A;B;C;D;E;I;L;M;N;O;P;R;S;T;Z
0100030135,CLOXACILLIN,,MEDICINES,41,420,"September 08, 2025",adhoc,A;C;I;L;N;O;X
0101030135,CLOXACILLIN,,MEDICINES,41,420,"September 08, 2025",adhoc,A;C;I;L;N;O;X
0100030136,CLOXACILLIN NA,,MEDICINES,361,420,"September 08, 2025",adhoc,A;C;I;L;N;O;X
0101030136,CLOXACILLIN NA,,MEDICINES,361,420,"September 08, 2025",adhoc,A;C;I;L;N;O;X
0100090203,CLOZAPINE,,MEDICINES,23,131,"September 08, 2025",adhoc,A;C;E;I;L;N;O;P;Z
0103060001,CLOZAPINE,,MEDICINES,23,131,"September 08, 2025",adhoc,A;C;E;I;L;N;O;P;Z
0101200079,CM-GLUCAN,,MEDICINES,87,677,"September 08, 2025",adhoc,A;C;G;L;M;N;U
0101200100,CM-GLUCAN/CGF/TAURINE/L-LYSINE/VIT A/VIT B1B6B12/N,,MEDICINES,748,748,"September 04, 2025",adhoc,A;B;C;E;F;G;I;L;M;N;R;S;T;U;V;Y;1;2;6
01000301107,CO-AMOXICLAV,,MEDICINES,863,863,"December 18, 2025",adhoc,A;C;I;L;M;O;V;X
010008090400,CO-APROVEL; TABLET 150MG/12.5MG,IRBESARTAN/HCTZ,MEDICINES,36,36,"December 01, 2025",adhoc,A;B;C;E;G;I;L;M;O;P;R;T;V;0;1;2;5
010008090401,CO-APROVEL; TABLET 300MG/12.5MG,IRBESARTAN/HCTZ,MEDICINES,59,59,"December 01, 2025",adhoc,A;B;C;E;G;I;L;M;O;P;R;T;V;0;1;2;3;5
0100030138,CO-TRIMOXAZOLE,,MEDICINES,445,445,"September 08, 2025",adhoc,A;C;E;I;L;M;O;R;T;X;Z
0101180444,COCONUT OIL,,MEDICINES,391,1185,"September 08, 2025",adhoc,C;I;L;N;O;T;U
0101200054,COCONUT OIL,,MEDICINES,391,1185,"September 08, 2025",adhoc,C;I;L;N;O;T;U
0100210301,COLCHICINE,,MEDICINES,8,11,"September 11, 2025",adhoc,C;E;H;I;L;N;O
0100030197,COLISTIMETHANE SODIUM,,MEDICINES,5740,5740,"February 07, 2026",adhoc,A;C;D;E;H;I;L;M;N;O;S;T;U
0101200085,COLLAGEN,,MEDICINES,39,39,"September 04, 2025",adhoc,A;C;E;G;L;N;O
0101210903,COLOSTRUM,,MEDICINES,98,98,"September 04, 2025",adhoc,C;L;M;O;R;S;T;U
010108061903,CONCORE AM; TABLET 10MG/5MG,BISOPROLOL/AMLODIPINE,MEDICINES,22,22,"July 02, 2025",adhoc,A;B;C;E;G;L;M;N;O;R;T;0;1;5
010108061901,CONCORE AM; TABLET 5MG/10MG,BISOPROLOL/AMLODIPINE,MEDICINES,24,24,"July 02, 2025",adhoc,A;B;C;E;G;L;M;N;O;R;T;0;1;5
010108062001,CONCORE AM; TABLET 5MG/5MG,BISOPROLOL/AMLODIPINE BESILATE,MEDICINES,22,22,"July 02, 2025",adhoc,A;B;C;E;G;L;M;N;O;R;T;5
0101180438,COPTIDIS RHIZOMA/PHELLODENDRI CHINENSIS CORTEX/SCU,,MEDICINES,1155,1155,"September 04, 2025",adhoc,A;C;D;E;H;I;L;M;N;O;P;R;S;T;U;X;Z
010108040300,CORALAN; TABLET 5MG,IVABRADINE,MEDICINES,33,33,"July 02, 2025",adhoc,A;B;C;E;G;I;L;M;N;O;R;T;5
010108040301,CORALAN; TABLET 7.5MG,IVABRADINE,MEDICINES,34,34,"July 02, 2025",adhoc,A;B;C;E;G;I;L;M;N;O;R;T;5;7
0101130302,CORN STARCH FIBER,,MEDICINES,33,33,"September 04, 2025",adhoc,A;B;C;E;F;H;I;N;O;R;S;T
010007011000,COUMADIN; TABLET 1MG,WARFARIN NA,MEDICINES,27,27,"July 02, 2025",adhoc,A;B;C;D;E;G;I;L;M;N;O;T;U;W;1
010007011001,COUMADIN; TABLET 2.5MG,WARFARIN NA,MEDICINES,34,34,"July 02, 2025",adhoc,A;B;C;D;E;G;I;L;M;N;O;T;U;W;2;5
010007011002,COUMADIN; TABLET 5MG,WARFARIN NA,MEDICINES,47,47,"July 02, 2025",adhoc,A;B;C;D;E;G;I;L;M;N;O;T;U;W;5
010108081103,COVERAM; TABLET 10MG/10MG,PERINDOPRIL/AMLODIPINE,MEDICINES,47,47,"July 02, 2025",adhoc,A;B;C;E;G;L;M;O;P;R;T;V;0;1
010108081100,COVERAM; TABLET 10MG/5MG,PERINDOPRIL/AMLODIPINE,MEDICINES,46,46,"July 02, 2025",adhoc,A;B;C;E;G;L;M;O;P;R;T;V;0;1;5
010108081101,COVERAM; TABLET 5MG/10MG,PERINDOPRIL/AMLODIPINE,MEDICINES,36,36,"July 02, 2025",adhoc,A;B;C;E;G;L;M;O;P;R;T;V;0;1;5
010108081102,COVERAM; TABLET 5MG/5MG,PERINDOPRIL/AMLODIPINE,MEDICINES,32,32,"July 02, 2025",adhoc,A;B;C;E;G;L;M;O;P;R;T;V;5
010108081104,COVERSYL PLUS; TABLET 10MG/2.5MG,PERINDOPRIL/INDAPAMIDE,MEDICINES,30,30,"July 02, 2025",adhoc,A;B;C;E;G;L;M;O;P;R;S;T;U;V;Y;0;1;2;5
010108081201,COVERSYL PLUS; TABLET 5MG/1.25MG,PERINDOPRIL/INDAPAMIDE,MEDICINES,25,25,"July 02, 2025",adhoc,A;B;C;E;G;L;M;O;P;R;S;T;U;V;Y;1;2;5
010121240601,COVIFOR 100MG IN NSS 100ML MAINTENANCE DOSE,REMDESIVIR,MEDICINES,4390,4390,"July 02, 2025",adhoc,A;C;D;E;F;G;I;L;M;N;O;R;S;T;V;0;1
0102010007,COVIFOR100MG IN NSS250ML MAINTENANCE DOSE,REMDESIVIR,MEDICINES,4390,4390,"July 02, 2025",adhoc,A;C;D;E;F;G;I;L;M;N;O;R;S;T;V;0;1;2;5
0102010006,COVIFOR200MG IN NSS500ML LOADING DOSE,REMDESIVIR,MEDICINES,8780,8780,"July 02, 2025",adhoc,A;C;D;E;F;G;I;L;M;N;O;R;S;V;0;2;5
01012601001,COVIFOR; VIAL 100MG (CSP),REMDESIVIR,MEDICINES,4390,4390,"July 02, 2025",adhoc,A;C;F;G;I;L;M;O;P;R;S;V;0;1
010008090500,COZAAR; TABLET 100MG,LOSARTAN K,MEDICINES,28,28,"July 02, 2025",adhoc,A;B;C;E;G;L;M;O;R;T;Z;0;1
010008090501,COZAAR; TABLET 50MG,LOSARTAN K,MEDICINES,23,23,"July 02, 2025",adhoc,A;B;C;E;G;L;M;O;R;T;Z;0;5
0101200080,CRANBERRY,,MEDICINES,197,197,"September 04, 2025",adhoc,A;B;C;E;N;R;Y
0100030700,CROTAMITON,,MEDICINES,325,325,"September 04, 2025",adhoc,A;C;I;M;N;O;R;T
0101030701,CROTAMITON/HYDROCORTISONE,,MEDICINES,295,295,"September 04, 2025",adhoc,A;C;D;E;H;I;M;N;O;R;S;T;Y
0100110202,CRYSTALLINE AMINO ACIDS,,MEDICINES,1356,1356,"September 04, 2025",adhoc,A;C;D;E;I;L;M;N;O;R;S;T;Y
0101200052,CYANOCOBALAMIN,,MEDICINES,481,481,"September 04, 2025",adhoc,A;B;C;I;L;M;N;O;Y
0100040011,CYCLOPHOSPHAMIDE,,MEDICINES,375,526,"February 07, 2026",adhoc,A;C;D;E;H;I;L;M;O;P;S;Y
0101211001,CYCLOSPORINE,,MEDICINES,2784,2784,"September 06, 2025",adhoc,C;E;I;L;N;O;P;R;S;Y
010003050200,CYMEVENE; VIAL 500MG,GANCICLOVIR NA,MEDICINES,2299,2299,"July 02, 2025",adhoc,A;C;E;G;I;L;M;N;V;Y;0;5
0101140302,CYPROTERONE ACETATE/ETHINYL ESTRADIOL,,MEDICINES,703,703,"September 04, 2025",adhoc,A;C;D;E;H;I;L;N;O;P;R;S;T;Y
0100040012,CYTARABINE,,MEDICINES,352,2715,"February 07, 2026",adhoc,A;B;C;E;I;N;R;T;Y
0100110002,D10% IN WATER,,MEDICINES,234,234,"February 07, 2026",adhoc,A;D;E;I;N;R;T;W;0;1
0100110004,D5% IN 0.3% SALINE,,MEDICINES,212,264,"February 07, 2026",adhoc,A;D;E;I;L;N;S;0;3;5
0100110043,D5% IN 0.45% SALINE,,MEDICINES,356,400,"September 08, 2025",adhoc,A;D;E;I;L;N;S;0;4;5
0100110005,D5% IN 0.9% SALINE,,MEDICINES,212,266,"February 07, 2026",adhoc,A;D;E;I;L;N;S;0;5;9
0100110006,D5% IN LACTATED RINGER,,MEDICINES,221,269,"February 07, 2026",adhoc,A;C;D;E;G;I;L;N;R;T;5
0100110039,D5% IN LACTATED RINGER,,MEDICINES,221,269,"February 07, 2026",adhoc,A;C;D;E;G;I;L;N;R;T;5
0100110007,D5% IN WATER,,MEDICINES,172,262,"February 07, 2026",adhoc,A;D;E;I;N;R;T;W;5
0100110037,D5% IN WATER,,MEDICINES,172,262,"February 07, 2026",adhoc,A;D;E;I;N;R;T;W;5
0101110007,D5% IN WATER,,MEDICINES,172,262,"February 07, 2026",adhoc,A;D;E;I;N;R;T;W;5
0100110008,D5% IN WATER WITH EURO ION,,MEDICINES,392,392,"July 02, 2025",adhoc,A;D;E;H;I;N;O;R;T;U;W;5
0100110009,D5% IN WATER WITH MULTI SOL M,,MEDICINES,223,273,"February 07, 2026",adhoc,A;D;E;H;I;L;M;N;O;R;S;T;U;W;5
0100110010,D5% IN WATER WITH MULTI SOL R,,MEDICINES,226,293,"February 07, 2026",adhoc,A;D;E;H;I;L;M;N;O;R;S;T;U;W;5
0100110011,D5% LR,,MEDICINES,243,267,"February 07, 2026",adhoc,D;L;R;5
0100110012,D5% MMB,,MEDICINES,196,235,"February 07, 2026",adhoc,B;D;M;5
0100110013,D50% IN WATER,,MEDICINES,82,109,"September 08, 2025",adhoc,A;D;E;I;N;R;T;W;0;5
0100070100,DABIGATRAN ETEXILATE,,MEDICINES,129,141,"February 07, 2026",adhoc,A;B;D;E;G;I;L;N;R;T;X
0101070100,DABIGATRAN ETEXILATE,,MEDICINES,129,141,"February 07, 2026",adhoc,A;B;D;E;G;I;L;N;R;T;X
0100040013,DACARBAZINE,,MEDICINES,782,1989,"July 02, 2025",adhoc,A;B;C;D;E;I;N;R;Z
0100040014,DACTINOMYCIN,,MEDICINES,1495,1495,"July 02, 2025",adhoc,A;C;D;I;M;N;O;T;Y
0100050602,DANTROLENE,,MEDICINES,35008,35008,"July 02, 2025",adhoc,A;D;E;L;N;O;R;T
0103090104,DAPAGLIFLOZIN,,MEDICINES,44,44,"July 02, 2025",adhoc,A;D;F;G;I;L;N;O;P;Z
0103090103,DAPAGLIFLOZIN PROPANEDIOL,,MEDICINES,44,44,"July 02, 2025",adhoc,A;D;E;F;G;I;L;N;O;P;R;Z
0101140741,DAPAGLIFLOZIN/METFORMIN,,MEDICINES,107,114,"September 08, 2025",adhoc,A;D;E;F;G;I;L;M;N;O;P;R;T;Z
0100030183,DAPSONE,,MEDICINES,15,15,"September 04, 2025",adhoc,A;D;E;N;O;P;S
0101040094,DARATUMUMAB,,MEDICINES,39901,183425,"February 07, 2026",adhoc,A;B;D;M;R;T;U
0101040079,DECITABINE,,MEDICINES,49114,49114,"July 02, 2025",adhoc,A;B;C;D;E;I;N;T
0103110401,DEFERASIROX,,MEDICINES,361,641,"July 02, 2025",adhoc,A;D;E;F;I;O;R;S;X
0101040206,DENOSUMAB,,MEDICINES,12110,39652,"September 08, 2025",adhoc,A;B;D;E;M;N;O;S;U
0104030102,DENOSUMAB,,MEDICINES,12110,39652,"September 08, 2025",adhoc,A;B;D;E;M;N;O;S;U
0101030814,DEQUALINIUM CL,,MEDICINES,11,360,"September 08, 2025",adhoc,A;C;D;E;I;L;M;N;Q;U
0101120203,DEQUALINIUM CL,,MEDICINES,11,360,"September 08, 2025",adhoc,A;C;D;E;I;L;M;N;Q;U
010021020000,DESFERAL; VIAL 500MG,DESFEROXAMINE,MEDICINES,245,245,"July 02, 2025",adhoc,A;D;E;F;G;I;L;M;R;S;V;0;5
0104140001,DESFEROXAMINE,,MEDICINES,245,245,"July 02, 2025",adhoc,A;D;E;F;I;M;N;O;R;S;X
0101020201,DESLORATADINE,,MEDICINES,97,797,"September 08, 2025",adhoc,A;D;E;I;L;N;O;R;S;T
0103050601,DESMOPRESSIN ACETATE,,MEDICINES,57,70,"September 08, 2025",adhoc,A;C;D;E;I;M;N;O;P;R;S;T
0104050702,DESMOPRESSIN ACETATE,,MEDICINES,57,70,"September 08, 2025",adhoc,A;C;D;E;I;M;N;O;P;R;S;T
0100240000,DESOGESTREL/ETHINYLESTRADIOL,,MEDICINES,223,223,"September 08, 2025",adhoc,A;D;E;G;H;I;L;N;O;R;S;T;Y
0101180101,DESONIDE,,MEDICINES,1383,2220,"September 08, 2025",adhoc,D;E;I;N;O;S
0102010005,DESREM100MG IN NSS250ML MAINTENANCE,REMDESIVIR,MEDICINES,4390,4390,"July 02, 2025",adhoc,A;C;D;E;G;I;L;M;N;R;S;T;0;1;2;5
0102010004,DESREM200MG IN NSS500ML LOADINGDOSE,REMDESIVIR,MEDICINES,8780,8780,"July 02, 2025",adhoc,A;D;E;G;I;L;M;N;O;R;S;0;2;5
010103051401,DESREM; VIAL 100MG,REMDESIVIR,MEDICINES,4390,4390,"July 02, 2025",adhoc,A;D;E;G;I;L;M;R;S;V;0;1
0101090113,DESVENLAFAXINE SUCCINATE,,MEDICINES,248,248,"September 08, 2025",adhoc,A;C;D;E;F;I;L;N;S;T;U;V;X
0100140010,DEXAMETHASONE,,MEDICINES,25,720,"September 08, 2025",adhoc,A;D;E;H;M;N;O;S;T;X
0101030139,DEXAMETHASONE/NEOMYCIN/POLYMIXINB,,MEDICINES,933,1084,"February 07, 2026",adhoc,A;B;C;D;E;H;I;L;M;N;O;P;S;T;X;Y
0101000015,DEXKETOPROFEN TROMETAMOL,,MEDICINES,58,1003,"February 07, 2026",adhoc,A;D;E;F;K;L;M;N;O;P;R;T;X
0101131008,DEXLANSOPRAZOLE,,MEDICINES,157,192,"February 07, 2026",adhoc,A;D;E;L;N;O;P;R;S;X;Z
0101050301,DEXMEDETOMIDINE HCL,,MEDICINES,2172,7148,"September 08, 2025",adhoc,C;D;E;H;I;L;M;N;O;T;X
0104020301,DEXMEDETOMIDINE HCL,,MEDICINES,2172,7148,"September 08, 2025",adhoc,C;D;E;H;I;L;M;N;O;T;X
0101160001,DEXTROMETHORPHAN HBR/PHENYLPROPANOLAMINE HCL/PARAC,,MEDICINES,18,18,"September 08, 2025",adhoc,A;B;C;D;E;H;I;L;M;N;O;P;R;T;X;Y
0101160404,DEXTROMETHORPHAN/GUAIFENESIN/SODIUM CITRATE,,MEDICINES,285,285,"September 08, 2025",adhoc,A;C;D;E;F;G;H;I;M;N;O;P;R;S;T;U;X
0101160101,DEXTROMETHORPHAN/PARACETAMOL/PHENYLPROPANOLAMINE,,MEDICINES,24,24,"February 07, 2026",adhoc,A;C;D;E;H;I;L;M;N;O;P;R;T;X;Y
0100110040,DEXTROSE 5%/MULTISOL M,,MEDICINES,238,242,"September 08, 2025",adhoc,D;E;I;L;M;O;R;S;T;U;X;5
0100110038,DEXTROSE 5%/SODIUM CHLORIDE 0.9%,,MEDICINES,218,242,"September 08, 2025",adhoc,C;D;E;H;I;L;M;O;R;S;T;U;X;0;5;9
0101200101,DEXTROSE/PANTHENOL/VIT C/THIAMINE/RIBOFLAVIN/PYRID,,MEDICINES,1806,1806,"September 08, 2025",adhoc,A;B;C;D;E;F;H;I;L;M;N;O;P;R;S;T;V;X;Y
0100110014,DEXTROSE/POTASSIUM/SODIUM/CL/CITRATE,,MEDICINES,74,248,"September 08, 2025",adhoc,A;C;D;E;I;L;M;O;P;R;S;T;U;X
0101110039,DEXTROSE/POTASSIUM/SODIUM/CL/CITRATE,,MEDICINES,74,248,"September 08, 2025",adhoc,A;C;D;E;I;L;M;O;P;R;S;T;U;X
010014070401,DIAMICRON; TABLET 80MG,GLICLAZIDE,MEDICINES,9,9,"July 02, 2025",adhoc,A;B;C;D;E;G;I;L;M;N;O;R;T;0;8
0100110413,DIANEAL PD2,,MEDICINES,853,853,"July 02, 2025",adhoc,A;D;E;I;L;N;P;2
0100110414,DIANEAL PD4,,MEDICINES,615,1034,"September 08, 2025",adhoc,A;D;E;I;L;N;P;4
0100090005,DIAZEPAM,,MEDICINES,25,467,"September 08, 2025",adhoc,A;D;E;I;M;P;Z
0101090005,DIAZEPAM,,MEDICINES,25,467,"September 08, 2025",adhoc,A;D;E;I;M;P;Z
0101090300,DIBENCOZIDE,,MEDICINES,31,78,"September 08, 2025",adhoc,B;C;D;E;I;N;O;Z
0101200102,DICALCIUM PHOSPHATE/GLUTAMIC ACID/THIAMINE/VIT B12,,MEDICINES,16,16,"September 08, 2025",adhoc,A;B;C;D;E;G;H;I;L;M;N;O;P;S;T;U;V;1;2
0100000002,DICLOFENAC NA,,MEDICINES,41,660,"September 08, 2025",adhoc,A;C;D;E;F;I;L;N;O
0101000002,DICLOFENAC NA,,MEDICINES,41,660,"September 08, 2025",adhoc,A;C;D;E;F;I;L;N;O
0100050003,DICYCLOVERINE HCL,,MEDICINES,303,318,"February 07, 2026",adhoc,C;D;E;H;I;L;N;O;R;V;Y
0101050003,DICYCLOVERINE HCL,,MEDICINES,303,318,"February 07, 2026",adhoc,C;D;E;H;I;L;N;O;R;V;Y
0101141005,DIENOGEST,,MEDICINES,2887,3713,"September 08, 2025",adhoc,D;E;G;I;N;O;S;T
0100080100,DIGOXIN,,MEDICINES,18,1601,"September 08, 2025",adhoc,D;G;I;N;O;X
0100030602,DILOXANIDE FUROATE,,MEDICINES,52,52,"September 08, 2025",adhoc,A;D;E;F;I;L;N;O;R;T;U;X
0100080703,DILTIAZEM HCL,,MEDICINES,39,235,"February 07, 2026",adhoc,A;C;D;E;H;I;L;M;T;Z
0101080703,DILTIAZEM HCL,,MEDICINES,39,235,"February 07, 2026",adhoc,A;C;D;E;H;I;L;M;T;Z
0101090704,DIMENHYDRINATE/CINNARIZINE,,MEDICINES,39,39,"September 08, 2025",adhoc,A;C;D;E;H;I;M;N;R;T;Y;Z
01013000,DIMETHICONE,,MEDICINES,834,2236,"September 08, 2025",adhoc,C;D;E;H;I;M;N;O;T
0101150001,DINOPROSTONE,,MEDICINES,2504,7296,"November 05, 2025",adhoc,D;E;I;N;O;P;R;S;T
0101180005,DIOSMIN/HESPERIDIN,,MEDICINES,68,152,"February 07, 2026",adhoc,D;E;H;I;M;N;O;P;R;S
010011060300,DIPEPTIVEN; SOLUTION 100ML,L-ALANINE/L-GLUTAMINE,MEDICINES,2489,2489,"July 02, 2025",adhoc,D;E;I;L;M;N;O;P;S;T;U;V;0;1
0100020000,DIPHENHYDRAMINE HCL,,MEDICINES,32,697,"February 07, 2026",adhoc,A;C;D;E;H;I;L;M;N;P;R;Y
0101020000,DIPHENHYDRAMINE HCL,,MEDICINES,32,697,"February 07, 2026",adhoc,A;C;D;E;H;I;L;M;N;P;R;Y
0100170037,DIPHTHERIA/TETANUS/ PERTUSSIS/ POLIOVIRUS/INFLUENZ,,MEDICINES,3524,3524,"July 02, 2025",adhoc,A;D;E;F;H;I;L;N;O;P;R;S;T;U;V;Z
0100170028,DIPHTHERIA/TETANUS/ACELLULAR PERTUSSIS VACCINE,,MEDICINES,2069,2139,"February 07, 2026",adhoc,A;C;D;E;H;I;L;N;P;R;S;T;U;V
0103090002001,DIPROSALIC; OINTMENT 500MCG/30MG/G 10G,BETAMETHASONE/SALICYLIC ACID,MEDICINES,301,301,"July 02, 2025",adhoc,A;B;C;D;E;G;I;L;M;N;O;P;R;S;T;0;1;3;5
010114000700,DIPROSALIC; OINTMENT 500MCG/30MG/G 5G,BETAMETHASONE/SALICYLIC ACID,MEDICINES,229,229,"July 02, 2025",adhoc,A;B;C;D;E;G;I;L;M;N;O;P;R;S;T;0;3;5
0101070203,DIPYRIDAMOLE,,MEDICINES,1160,1160,"July 02, 2025",adhoc,A;D;E;I;L;M;O;P;R;Y
0101210603,DISODIUM CLODRONATE,,MEDICINES,277,277,"July 02, 2025",adhoc,A;C;D;E;I;L;M;N;O;R;S;T;U
0101212100,DISODIUM GADOXETATE,,MEDICINES,18759,18759,"September 04, 2025",adhoc,A;D;E;G;I;M;O;S;T;U;X
0100110015,DISTILLED WATER,,MEDICINES,25,161,"September 11, 2025",adhoc,A;D;E;I;L;R;S;T;W
0100090006,DIVALPROEX NA,,MEDICINES,76,131,"September 08, 2025",adhoc,A;D;E;I;L;N;O;P;R;V;X
0101090006,DIVALPROEX NA,,MEDICINES,76,131,"September 08, 2025",adhoc,A;D;E;I;L;N;O;P;R;V;X
0100050500,DOBUTAMINE HCL,,MEDICINES,580,1368,"February 07, 2026",adhoc,A;B;C;D;E;H;I;L;M;N;O;T;U
0100040015,DOCETAXEL,,MEDICINES,200,63989,"September 08, 2025",adhoc,A;C;D;E;L;O;T;X
0100040016,DOCETAXEL,,MEDICINES,200,63989,"September 08, 2025",adhoc,A;C;D;E;L;O;T;X
0101120902,DOCUSATE SODIUM,,MEDICINES,682,682,"February 07, 2026",adhoc,A;C;D;E;I;M;O;S;T;U
0100030524,DOLUTEGRAVIR SODIUM,,MEDICINES,2674,2674,"October 28, 2025",adhoc,A;D;E;G;I;L;M;O;R;S;T;U;V
0100030522,DOLUTEGRAVIR/LAMIVUDINE/TENOFOVIR,,MEDICINES,100,3387,"July 02, 2025",adhoc,A;D;E;F;G;I;L;M;N;O;R;T;U;V
0100131100,DOMPERIDONE,,MEDICINES,41,659,"February 07, 2026",adhoc,D;E;I;M;N;O;P;R
0100050004,DONEPEZIL HCL,,MEDICINES,123,281,"February 07, 2026",adhoc,C;D;E;H;I;L;N;O;P;Z
0100050501,DOPAMINE HCL,,MEDICINES,236,1693,"September 08, 2025",adhoc,A;C;D;E;H;I;L;M;N;O;P
0101030199015,DORIPENEM MONOHYDRATE,,MEDICINES,6239,6239,"July 02, 2025",adhoc,A;D;E;H;I;M;N;O;P;R;T;Y
01010301110,DORIPENEM MONOHYDRATE/SODIUM CHLORIDE,,MEDICINES,6447,6447,"December 03, 2025",adhoc,A;C;D;E;H;I;L;M;N;O;P;R;S;T;U;Y
0100120303,DORZOLAMIDE,,MEDICINES,2350,2350,"September 08, 2025",adhoc,A;D;E;I;L;M;O;R;Z
0101120304,DORZOLAMIDE HCL/TIMOLOL MALEATE,,MEDICINES,2486,2486,"September 08, 2025",adhoc,A;C;D;E;H;I;L;M;O;R;T;Z
0101080501,DOXAZOSIN MESYLATE,,MEDICINES,144,144,"September 08, 2025",adhoc,A;D;E;I;L;M;N;O;S;T;X;Y;Z
0101050403,DOXOFYLLINE,,MEDICINES,25,488,"February 07, 2026",adhoc,D;E;F;I;L;N;O;X;Y
0101190200,DOXOFYLLINE,,MEDICINES,25,488,"February 07, 2026",adhoc,D;E;F;I;L;N;O;X;Y
0100040017,DOXORUBICIN HCL,,MEDICINES,2104,3031,"September 06, 2025",adhoc,B;C;D;H;I;L;N;O;R;U;X
0100030141,DOXYCYCLINE,,MEDICINES,182,182,"February 07, 2026",adhoc,C;D;E;I;L;N;O;X;Y
0101080002,DRONEDARONE,,MEDICINES,130,130,"September 08, 2025",adhoc,A;D;E;N;O;R
0101140303,DROSPIRENONE/ETHINYLESTRADIOL,,MEDICINES,1532,1532,"September 08, 2025",adhoc,A;D;E;H;I;L;N;O;P;R;S;T;Y
0101140751,DULAGLUTIDE,,MEDICINES,2254,2254,"July 02, 2025",adhoc,A;D;E;G;I;L;T;U
0101090102,DULOXETINE HCL,,MEDICINES,32,227,"December 18, 2025",adhoc,C;D;E;H;I;L;N;O;T;U;X
010111001600,DUOSOL; CHAMBER BAG 5L,ELECTROLYTES/GLUCOSE/BICARBONATE,MEDICINES,2800,2800,"July 02, 2025",adhoc,A;B;C;D;E;G;H;L;M;O;R;S;U;5
01010400100,DURVALUMAB,,MEDICINES,20250,197327,"February 07, 2026",adhoc,A;B;D;L;M;R;U;V
0104050201,DUTASTERIDE,,MEDICINES,57,57,"July 02, 2025",adhoc,A;D;E;I;R;S;T;U
0101080506,DUTASTERIDE/TAMSULOSIN HCL,,MEDICINES,96,131,"February 07, 2026",adhoc,A;C;D;E;H;I;L;M;N;O;R;S;T;U
0100141000,DYDROGESTERONE,,MEDICINES,133,133,"September 08, 2025",adhoc,D;E;G;N;O;R;S;T;Y
010100010200,DYNASTAT; VIAL 40MG,PARECOXIB,MEDICINES,478,478,"July 02, 2025",adhoc,A;D;G;I;L;M;N;P;S;T;V;Y;0;4
0101020103,EBASTINE,,MEDICINES,39,47,"February 07, 2026",adhoc,A;B;E;I;N;S;T
0101020105,EBASTINE/BETAMETHASONE,,MEDICINES,63,63,"September 08, 2025",adhoc,A;B;E;H;I;M;N;O;S;T
0101030205,ECONAZOLE NITRATE/TRIAMCINOLONE,,MEDICINES,641,641,"September 08, 2025",adhoc,A;C;E;I;L;M;N;O;R;T;Z
010116050604,ECTRIN; SUSPENSION 175MG/5ML 60ML,ERDOSTEINE,MEDICINES,186,186,"July 02, 2025",adhoc,C;E;G;I;L;M;N;O;P;R;S;T;U;0;1;5;6;7
0101090805,EDARAVONE,,MEDICINES,3565,3565,"February 07, 2026",adhoc,A;D;E;N;O;R;V
0101070304,EDOXABAN,,MEDICINES,224,224,"July 02, 2025",adhoc,A;B;D;E;N;O;X
0100030515,EFAVIRENZ,,MEDICINES,113,113,"July 02, 2025",adhoc,A;E;F;I;N;R;V;Z
0101080202,EICOSAPENTANOIC ACID/DHA,,MEDICINES,51,51,"September 08, 2025",adhoc,A;C;D;E;H;I;N;O;P;S;T
0100110204,ELECTROLYTES/GLUCOSE,,MEDICINES,16,16,"September 08, 2025",adhoc,C;E;G;L;O;R;S;T;U;Y
0101110016,ELECTROLYTES/GLUCOSE/BICARBONATE,,MEDICINES,2800,3454,"September 11, 2025",adhoc,A;B;C;E;G;I;L;N;O;R;S;T;U;Y
0104070001,ELECTROLYTES/GLUCOSE/BICARBONATE,,MEDICINES,2800,3454,"September 11, 2025",adhoc,A;B;C;E;G;I;L;N;O;R;S;T;U;Y
0101110043,ELECTROLYTES/TRACE ELEMENTS,,MEDICINES,569,569,"September 08, 2025",adhoc,A;C;E;L;M;N;O;R;S;T;Y
0101200014,ELEMENTAL IRON/VITAMIN C/FOLIC ACID,,MEDICINES,56,56,"September 08, 2025",adhoc,A;C;D;E;F;I;L;M;N;O;R;T;V
0101200015,ELEMENTAL IRON/VITAMIN C/NIACINAMIDE,,MEDICINES,55,770,"September 08, 2025",adhoc,A;C;D;E;I;L;M;N;O;R;T;V
010107011100,ELIQUIS; TABLET 2.5MG,APIXABAN,MEDICINES,91,91,"July 02, 2025",adhoc,A;B;E;G;I;L;M;Q;S;T;U;2;5
0101070111001,ELIQUIS; TABLET 5MG,APIXABAN,MEDICINES,90,90,"July 02, 2025",adhoc,A;B;E;G;I;L;M;Q;S;T;U;5
0101130315,ELOBIXIBAT,,MEDICINES,112,112,"July 02, 2025",adhoc,A;B;E;I;L;O;T;X
0101070606,ELTROMBOPAG OLAMINE,,MEDICINES,2053,3273,"February 07, 2026",adhoc,A;B;E;G;I;L;M;N;O;P;R;T
0101070111004,EMBOLIS 2.5; TABLET 2.5MG,APIXABAN,MEDICINES,91,91,"July 02, 2025",adhoc,A;B;E;G;I;L;M;O;S;T;2;5
0101070111005,EMBOLIS 5; TABLET 5MG,APIXABAN,MEDICINES,90,90,"July 02, 2025",adhoc,A;B;E;G;I;L;M;O;S;T;5
0101140739,EMPAGLIFLOZIN,,MEDICINES,55,116,"February 07, 2026",adhoc,A;E;F;G;I;L;M;N;O;P;Z
0104100114,EMPAGLIFLOZIN,,MEDICINES,55,116,"February 07, 2026",adhoc,A;E;F;G;I;L;M;N;O;P;Z
0101140742,EMPAGLIFLOZIN/LINAGLIPTIN,,MEDICINES,191,211,"February 07, 2026",adhoc,A;E;F;G;I;L;M;N;O;P;T;Z
0104100115,EMPAGLIFLOZIN/METFORMIN,,MEDICINES,33,41,"July 02, 2025",adhoc,A;E;F;G;I;L;M;N;O;P;R;T;Z
0100080817,ENALAPRIL MALEATE,,MEDICINES,15,37,"September 08, 2025",adhoc,A;E;I;L;M;N;P;R;T
010121100801,ENBREL; PREFILLED SYRINGE 25MG/0.5ML (REF),ETANERCEPT,MEDICINES,6660,6660,"July 02, 2025",adhoc,B;D;E;F;G;I;L;M;N;P;R;S;Y;0;2;5
0100070112,ENOXAPARIN,,MEDICINES,826,1107,"February 07, 2026",adhoc,A;E;I;N;O;P;R;X
0100070101,ENOXAPARIN NA,,MEDICINES,925,1964,"February 07, 2026",adhoc,A;E;I;N;O;P;R;X
0100030509,ENTECAVIR,,MEDICINES,612,612,"September 08, 2025",adhoc,A;C;E;I;N;R;T;V
01010400105,ENZALUTAMIDE,,MEDICINES,7308,7308,"July 02, 2025",adhoc,A;D;E;I;L;M;N;T;U;Z
0100050603,EPERISONE,,MEDICINES,53,53,"February 07, 2026",adhoc,E;I;N;O;P;R;S
0101050507,EPHEDRINE HCL,,MEDICINES,343,343,"September 08, 2025",adhoc,C;D;E;H;I;L;N;P;R
0100050502,EPHEDRINE SULFATE,,MEDICINES,405,405,"February 07, 2026",adhoc,A;D;E;F;H;I;L;N;P;R;S;T;U
0100050503,EPINEPHRINE HCL,,MEDICINES,194,361,"February 07, 2026",adhoc,C;E;H;I;L;N;P;R
0100040018,EPIRUBICIN,,MEDICINES,200,8151,"July 02, 2025",adhoc,B;C;E;I;N;P;R;U
0100040069,EPIRUBICIN HCL,,MEDICINES,5332,5332,"July 02, 2025",adhoc,B;C;E;H;I;L;N;P;R;U
0101110310,EPLERENONE,,MEDICINES,44,87,"February 07, 2026",adhoc,E;L;N;O;P;R
0100070000,EPOETIN ALFA,,MEDICINES,724,4237,"December 01, 2025",adhoc,A;E;F;I;L;N;O;P;T
0101070004,EPOETIN ALFA,,MEDICINES,724,4237,"December 01, 2025",adhoc,A;E;F;I;L;N;O;P;T
0100070001,EPOETIN BETA,,MEDICINES,2056,15687,"September 08, 2025",adhoc,A;B;E;I;N;O;P;T
0101070001,EPOETIN BETA,,MEDICINES,2056,15687,"September 08, 2025",adhoc,A;B;E;I;N;O;P;T
0100170039,EQUINE ANTI-RABIES IMMUNOGLOBULIN,,MEDICINES,3333,3333,"February 07, 2026",adhoc,A;B;E;G;I;L;M;N;O;Q;R;S;T;U
0100170040,EQUINE RABIES IMMUNOGLOBULIN,,MEDICINES,2871,2871,"September 08, 2025",adhoc,A;B;E;G;I;L;M;N;O;Q;R;S;U
010104000800,ERBITUX; VIAL 5MG/ML 20ML (REF),CETUXIMAB,MEDICINES,15243,15243,"July 02, 2025",adhoc,A;B;C;E;F;G;I;L;M;R;T;U;V;X;0;2;5
0101160506,ERDOSTEINE,,MEDICINES,59,351,"February 07, 2026",adhoc,D;E;I;N;O;R;S;T
0104110001,ERDOSTEINE,,MEDICINES,59,351,"February 07, 2026",adhoc,D;E;I;N;O;R;S;T
0101090604,ERENUMAB,,MEDICINES,34311,34311,"February 07, 2026",adhoc,A;B;E;M;N;R;U
0101040070,ERIBULIN MESILATE,,MEDICINES,45923,45923,"February 07, 2026",adhoc,A;B;E;I;L;M;N;R;S;T;U
0104030004,ERLOTINIB,,MEDICINES,1890,1890,"July 02, 2025",adhoc,B;E;I;L;N;O;R;T
0100030143,ERTAPENEM,,MEDICINES,3744,5927,"February 07, 2026",adhoc,A;E;M;N;P;R;T
0100030144,ERYTHROMYCIN,,MEDICINES,30,470,"February 07, 2026",adhoc,C;E;H;I;M;N;O;R;T;Y
0101030145,ERYTHROMYCIN ESTOLATE,,MEDICINES,408,835,"September 08, 2025",adhoc,A;C;E;H;I;L;M;N;O;R;S;T;Y
01000301101,ERYTHROMYCIN STEARATE,,MEDICINES,26,26,"July 02, 2025",adhoc,A;C;E;H;I;M;N;O;R;S;T;Y
0101090118,ESCITALOPRAM,,MEDICINES,42,42,"July 02, 2025",adhoc,A;C;E;I;L;M;O;P;R;S;T
0100090103,ESCITALOPRAM OXALATE,,MEDICINES,97,461,"September 08, 2025",adhoc,A;C;E;I;L;M;O;P;R;S;T;X
0101090103,ESCITALOPRAM OXALATE,,MEDICINES,97,461,"September 08, 2025",adhoc,A;C;E;I;L;M;O;P;R;S;T;X
0101000023,ESFLURBIPROFEN,,MEDICINES,521,521,"September 11, 2025",adhoc,B;E;F;I;L;N;O;P;R;S;U
0101090116,ESKETAMINE HCL,,MEDICINES,22816,22816,"February 07, 2026",adhoc,A;C;E;H;I;K;L;M;N;S;T
0100080606,ESMOLOL,,MEDICINES,1733,1746,"September 08, 2025",adhoc,E;L;M;O;S
0101131000,ESOMEPRAZOLE,,MEDICINES,53,2242,"February 07, 2026",adhoc,A;E;L;M;O;P;R;S;Z
0100110205,ESSENTIAL AMINO ACIDS,,MEDICINES,767,767,"September 08, 2025",adhoc,A;C;D;E;I;L;M;N;O;S;T
0101140404,ESTRADIOL VALERATE,,MEDICINES,1042,1042,"September 08, 2025",adhoc,A;D;E;I;L;O;R;S;T;V
0101140304,ESTRADIOL VALERATE/DIENOGEST,,MEDICINES,1830,1830,"September 08, 2025",adhoc,A;D;E;G;I;L;N;O;R;S;T;V
0101140401,ESTRIOL,,MEDICINES,1574,1574,"September 08, 2025",adhoc,E;I;L;O;R;S;T
0104140203,ETANERCEPT,,MEDICINES,6660,6660,"July 02, 2025",adhoc,A;C;E;N;P;R;T
0100030417,ETHAMBUTOL HCL,,MEDICINES,11,11,"July 02, 2025",adhoc,A;B;C;E;H;L;M;O;T;U
0101030401,ETHAMBUTOL HCL/RIFAMPICIN/ISONIAZID,,MEDICINES,27,27,"September 08, 2025",adhoc,A;B;C;D;E;F;H;I;L;M;N;O;P;R;S;T;U;Z
0100030402,ETHAMBUTOL/ISONIAZID/RIFAMPICIN,,MEDICINES,19,19,"September 08, 2025",adhoc,A;B;C;D;E;F;H;I;L;M;N;O;P;R;S;T;U;Z
0100030403,ETHAMBUTOL/RIFAMPICIN/ISONIAZID/PYRAZINAMIDE,,MEDICINES,31,31,"September 08, 2025",adhoc,A;B;C;D;E;F;H;I;L;M;N;O;P;R;S;T;U;Y;Z
0100030404,ETHAMBUTOL/RIFAMPICIN/PYRAZINAMIDE/ISONIAZID,,MEDICINES,21,21,"September 08, 2025",adhoc,A;B;C;D;E;F;H;I;L;M;N;O;P;R;S;T;U;Y;Z
0101140305,ETHINYL ESTRADIOL/LEVONORGESTREL/FE FUMARATE,,MEDICINES,84,84,"September 08, 2025",adhoc,A;D;E;F;G;H;I;L;M;N;O;R;S;T;U;V;Y
0101180440,ETHYLHEXYL SALICYLATE/TITANIUM DIOXIDE/OCTOCRYLENE,,MEDICINES,2334,2334,"September 08, 2025",adhoc,A;C;D;E;H;I;L;M;N;O;R;S;T;U;X;Y
0101010016,ETOMIDATE,,MEDICINES,1848,2587,"February 07, 2026",adhoc,A;D;E;I;M;O;T
0101040020,ETOMIDATE,,MEDICINES,1848,2587,"February 07, 2026",adhoc,A;D;E;I;M;O;T
0100040021,ETOPOSIDE,,MEDICINES,948,1065,"September 08, 2025",adhoc,D;E;I;O;P;S;T
0103020005,ETOPOSIDE,,MEDICINES,948,1065,"September 08, 2025",adhoc,D;E;I;O;P;S;T
010004002100,ETOPUL; AMPULE 20MG/ML 5ML,ETOPOSIDE,MEDICINES,1065,1065,"July 02, 2025",adhoc,A;E;G;L;M;O;P;T;U;0;2;5
0101000101,ETORICOXIB,,MEDICINES,53,403,"July 02, 2025",adhoc,B;C;E;I;O;R;T;X
0101130900,EUPATILIN,,MEDICINES,42,42,"September 08, 2025",adhoc,A;E;I;L;N;P;T;U
0101200059,EVENING PRIMROSE OIL,,MEDICINES,42,42,"February 07, 2026",adhoc,E;G;I;L;M;N;O;P;R;S;V
0100211008,EVEROLIMUS,,MEDICINES,147,108842,"September 08, 2025",adhoc,E;I;L;M;O;R;S;U;V
0104030014,EVEROLIMUS,,MEDICINES,147,108842,"September 08, 2025",adhoc,E;I;L;M;O;R;S;U;V
0101080216,EVOLOCUMAB,,MEDICINES,30030,30030,"February 07, 2026",adhoc,A;B;C;E;L;M;O;U;V
0104030012,EXEMESTANE,,MEDICINES,326,326,"July 02, 2025",adhoc,A;E;M;N;S;T;X
010108071502,EXFORGE HCT; TABLET 10MG/160MG/12.5MG,AMLODIPINE BESILATE/VALSARTAN/HYDROCHLOROTHIAZIDE,MEDICINES,25,25,"July 02, 2025",adhoc,A;B;C;E;F;G;H;L;M;O;R;T;X;0;1;2;5;6
010108071503,EXFORGE HCT; TABLET 10MG/160MG/25MG,AMLODIPINE BESILATE/VALSARTAN/HYDROCHLOROTHIAZIDE,MEDICINES,29,29,"July 02, 2025",adhoc,A;B;C;E;F;G;H;L;M;O;R;T;X;0;1;2;5;6
010108071504,EXFORGE HCT; TABLET 10MG/320MG/25MG,AMLODIPINE BESILATE/VALSARTAN/HYDROCHLOROTHIAZIDE,MEDICINES,34,34,"July 02, 2025",adhoc,A;B;C;E;F;G;H;L;M;O;R;T;X;0;1;2;3;5
010108071500,EXFORGE HCT; TABLET 5MG/160MG/12.5MG,AMLODIPINE BESILATE/VALSARTAN/HYDROCHLOROTHIAZIDE,MEDICINES,25,25,"July 02, 2025",adhoc,A;B;C;E;F;G;H;L;M;O;R;T;X;0;1;2;5;6
010108071501,EXFORGE HCT; TABLET 5MG/160MG/25MG,AMLODIPINE BESILATE/VALSARTAN/HYDROCHLOROTHIAZIDE,MEDICINES,27,27,"July 02, 2025",adhoc,A;B;C;E;F;G;H;L;M;O;R;T;X;0;1;2;5;6
0100210206002,EXJADE; TABLET 125MG,DEFERASIROX,MEDICINES,361,361,"July 02, 2025",adhoc,A;B;D;E;G;J;L;M;T;X;1;2;5
0101210206001,EXJADE; TABLET 250MG,DEFERASIROX,MEDICINES,641,641,"July 02, 2025",adhoc,A;B;D;E;G;J;L;M;T;X;0;2;5
0101211500,EXTENSION SET,,MEDICINES,586,586,"July 02, 2025",adhoc,E;I;N;O;S;T;X
0101080222,EZETIMIBE,,MEDICINES,21,46,"December 18, 2025",adhoc,B;E;I;M;T;Z
0104050001,EZETIMIBE,,MEDICINES,21,46,"December 18, 2025",adhoc,B;E;I;M;T;Z
0101080218,EZETIMIBE/ROSUVASTATIN CA,,MEDICINES,141,169,"July 02, 2025",adhoc,A;B;C;E;I;M;N;O;R;S;T;U;V;Z
0104050002,EZETIMIBE/SIMVASTATIN,,MEDICINES,61,77,"July 02, 2025",adhoc,A;B;E;I;M;N;S;T;V;Z
010108020300,EZETROL; TABLET 10MG,EZETIMIBE,MEDICINES,46,46,"July 02, 2025",adhoc,A;B;E;G;L;M;O;R;T;Z;0;1
0101070611,FACTOR VIII INHIBITOR BYPASSING ACTIVITY,,MEDICINES,44298,44298,"July 02, 2025",adhoc,A;B;C;F;G;H;I;N;O;P;R;S;T;V;Y
0100130801,FAMOTIDINE,,MEDICINES,45,1194,"September 08, 2025",adhoc,A;D;E;F;I;M;N;O;T
0101121001,FARICIMAB,,MEDICINES,81587,81587,"July 02, 2025",adhoc,A;B;C;F;I;M;R
010114050001,FASLODEX; PFS 250MG/5ML 2S (REF),FULVESTRANT,MEDICINES,47184,47184,"July 02, 2025",adhoc,A;D;E;F;G;L;M;O;P;R;S;X;0;2;5
0101030515,FAVIPIRAVIR,,MEDICINES,18,738,"September 08, 2025",adhoc,A;F;I;P;R;V
0101210303,FEBUXOSTAT,,MEDICINES,31,81,"February 07, 2026",adhoc,A;B;E;F;O;S;T;U;X
0100080704,FELODIPINE,,MEDICINES,23,109,"September 08, 2025",adhoc,D;E;F;I;L;N;O;P
0101080704,FELODIPINE,,MEDICINES,23,109,"September 08, 2025",adhoc,D;E;F;I;L;N;O;P
0104050302,FELODIPINE/METOPROLOL TARTRATE,,MEDICINES,31,31,"July 02, 2025",adhoc,A;D;E;F;I;L;M;N;O;P;R;T
0100080205,FENOFIBRATE,,MEDICINES,59,167,"September 08, 2025",adhoc,A;B;E;F;I;N;O;R;T
0101080205,FENOFIBRATE,,MEDICINES,59,167,"September 08, 2025",adhoc,A;B;E;F;I;N;O;R;T
0104020302,FENOTEROL HBR/IPRATROPIUM,,MEDICINES,567,697,"July 02, 2025",adhoc,A;B;E;F;H;I;L;M;N;O;P;R;T;U
0101000201,FENTANYL,,MEDICINES,1179,4050,"September 08, 2025",adhoc,A;E;F;L;N;T;Y
0100000202,FENTANYL CITRATE,,MEDICINES,152,1845,"September 08, 2025",adhoc,A;C;E;F;I;L;N;R;T;Y
0101000202,FENTANYL CITRATE,,MEDICINES,152,1845,"September 08, 2025",adhoc,A;C;E;F;I;L;N;R;T;Y
0103000100,FENTANYL CITRATE,,MEDICINES,152,1845,"September 08, 2025",adhoc,A;C;E;F;I;L;N;R;T;Y
0101070006,FERRIC CARBOXYMALTOSE,,MEDICINES,13418,13418,"February 07, 2026",adhoc,A;B;C;E;F;I;L;M;O;R;S;T;X;Y
0101200018,FERROUS FUMARATE/FOLIC ACID/VIT B1B6B12,,MEDICINES,29,29,"February 07, 2026",adhoc,A;B;C;D;E;F;I;L;M;O;R;S;T;U;V;1;2;6
0100200020,FERROUS FUMARATE/MULTIVITAMINS,,MEDICINES,43,43,"February 07, 2026",adhoc,A;E;F;I;L;M;N;O;R;S;T;U;V
0101200081,FERROUS FUMARATE/MULTIVITAMINS/MINERALS,,MEDICINES,39,39,"September 08, 2025",adhoc,A;E;F;I;L;M;N;O;R;S;T;U;V
0101200021,FERROUS FUMARATE/VIT B1B6B12,,MEDICINES,20,32,"September 08, 2025",adhoc,A;B;E;F;I;M;O;R;S;T;U;V;1;2;6
0100200022,FERROUS GLUCONATE/FOLIC ACID/MULTIVITAMINS,,MEDICINES,44,44,"September 08, 2025",adhoc,A;C;D;E;F;G;I;L;M;N;O;R;S;T;U;V
0101200022,FERROUS GLUCONATE/VIT B COMPLEX,,MEDICINES,560,560,"September 08, 2025",adhoc,A;B;C;E;F;G;I;L;M;N;O;P;R;S;T;U;V;X
0101200083,FERROUS POLYMALTOSE/FOLIC ACID,,MEDICINES,371,371,"September 08, 2025",adhoc,A;C;D;E;F;I;L;M;O;P;R;S;T;U;Y
0100200053,FERROUS SULFATE/FOLIC ACID,,MEDICINES,10,10,"September 08, 2025",adhoc,A;C;D;E;F;I;L;O;R;S;T;U
0100200024,FERROUS SULFATE/FOLIC ACID/VIT B1B6B12,,MEDICINES,254,564,"February 07, 2026",adhoc,A;B;C;D;E;F;I;L;O;R;S;T;U;V;1;2;6
0101200024,FERROUS SULFATE/FOLIC ACID/VIT B1B6B12,,MEDICINES,254,564,"February 07, 2026",adhoc,A;B;C;D;E;F;I;L;O;R;S;T;U;V;1;2;6
0101050210,FESOTERODINE FUMARATE,,MEDICINES,167,167,"September 08, 2025",adhoc,A;D;E;F;I;M;N;O;R;S;T;U
0101020202,FEXOFENADINE,,MEDICINES,125,139,"September 08, 2025",adhoc,A;D;E;F;I;N;O;X
0101070610,FIBRINOGEN CONCENTRATE HUMAN,,MEDICINES,439263,439263,"July 02, 2025",adhoc,A;B;C;E;F;G;H;I;M;N;O;R;T;U
0100070400,FILGRASTIM,,MEDICINES,8304,8304,"September 08, 2025",adhoc,A;F;G;I;L;M;R;S;T
0100080503,FINASTERIDE,,MEDICINES,44,152,"October 14, 2025",adhoc,A;D;E;F;I;N;R;S;T
0101081201,FINERENONE,,MEDICINES,155,155,"July 02, 2025",adhoc,E;F;I;N;O;R
0101200057,FISH OIL/VITAMIN E,,MEDICINES,22,22,"September 08, 2025",adhoc,A;E;F;H;I;L;M;N;O;S;T;V
010003060001,FLAGYL; SUSPENSION 125MG/5ML 60ML,METRONIDAZOLE,MEDICINES,228,228,"July 02, 2025",adhoc,A;E;F;G;I;L;M;N;O;P;S;U;Y;0;1;2;5;6
0104050901,FLECAINIDE,,MEDICINES,72,72,"July 02, 2025",adhoc,A;C;D;E;F;I;L;N
0101030147,FLUCLOXACILLIN,,MEDICINES,93,420,"September 08, 2025",adhoc,A;C;F;I;L;N;O;U;X
0100030206,FLUCONAZOLE,,MEDICINES,243,9196,"September 08, 2025",adhoc,A;C;E;F;L;N;O;U;Z
0101040022,FLUDARABINE PHOSPHATE,,MEDICINES,20991,20991,"February 07, 2026",adhoc,A;B;D;E;F;H;I;L;N;O;P;R;S;T;U
0101140036,FLUDROCORTISONE ACETATE,,MEDICINES,72,72,"July 02, 2025",adhoc,A;C;D;E;F;I;L;N;O;R;S;T;U
0100210201,FLUMAZENIL,,MEDICINES,1563,1878,"September 08, 2025",adhoc,A;E;F;I;L;M;N;U;Z
0101180503,FLUMETASONE EPIVALATE/SALICYLICACID,,MEDICINES,454,3852,"February 07, 2026",adhoc,A;C;D;E;F;I;L;M;N;O;P;S;T;U;V;Y
0100090703,FLUNARIZINE HCL,,MEDICINES,67,67,"February 07, 2026",adhoc,A;C;E;F;H;I;L;N;R;U;Z
0101140034,FLUOCINOLONE ACETONIDE,,MEDICINES,472,726,"September 08, 2025",adhoc,A;C;D;E;F;I;L;N;O;T;U
0100030148,FLUOCINOLONE ACETONIDE/NEOMYCIN SULFATE/POLYMIXIN B SULFATE,,MEDICINES,730,730,"July 02, 2025",adhoc,A;B;C;D;E;F;I;L;M;N;O;P;S;T;U;X;Y
0100140027,FLUOCINONIDE,,MEDICINES,533,533,"September 08, 2025",adhoc,C;D;E;F;I;L;N;O;U
0101030199001,FLUOCINONIDE/GRAMICIDIN/NEOMYCIN SULFATE/NYSTATIN,,MEDICINES,673,673,"February 07, 2026",adhoc,A;C;D;E;F;G;I;L;M;N;O;R;S;T;U;Y
0100090204,FLUOXETINE,,MEDICINES,82,82,"September 08, 2025",adhoc,E;F;I;L;N;O;T;U;X
0100090205,FLUOXETINE HCL,,MEDICINES,80,80,"February 07, 2026",adhoc,C;E;F;H;I;L;N;O;T;U;X
0100090212,FLUPENTIXOL DECANOATE,,MEDICINES,818,818,"September 08, 2025",adhoc,A;C;D;E;F;I;L;N;O;P;T;U;X
0100090213,FLUPHENAZINE DECANOATE,,MEDICINES,268,268,"November 28, 2025",adhoc,A;C;D;E;F;H;I;L;N;O;P;T;U;Z
0100040023,FLUTAMIDE,,MEDICINES,146,149,"September 08, 2025",adhoc,A;D;E;F;I;L;M;T;U
0100140200,FLUTAMIDE,,MEDICINES,146,149,"September 08, 2025",adhoc,A;D;E;F;I;L;M;T;U
0101140015,FLUTICASONE FUROATE,,MEDICINES,618,1502,"February 07, 2026",adhoc,A;C;E;F;I;L;N;O;R;S;T;U
0101140040,FLUTICASONE FUROATE/VILANTEROL,,MEDICINES,2402,3210,"September 08, 2025",adhoc,A;C;E;F;I;L;N;O;R;S;T;U;V
0100140016,FLUTICASONE PROPIONATE,,MEDICINES,540,2718,"February 07, 2026",adhoc,A;C;E;F;I;L;N;O;P;R;S;T;U
0101140016,FLUTICASONE PROPIONATE,,MEDICINES,540,2718,"February 07, 2026",adhoc,A;C;E;F;I;L;N;O;P;R;S;T;U
0101140044,FLUTICASONE/UMECLIDINIUM/VILANTEROL,,MEDICINES,4469,4469,"July 02, 2025",adhoc,A;C;D;E;F;I;L;M;N;O;R;S;T;U;V
0101240000,FLUVOXAMINE MALEATE,,MEDICINES,90,90,"September 08, 2025",adhoc,A;E;F;I;L;M;N;O;T;U;V;X
0100200026,FOLIC ACID,,MEDICINES,21,355,"September 08, 2025",adhoc,A;C;D;F;I;L;O
0101200097,FOLIC ACID/VITAMIN B1B6B12,,MEDICINES,18,18,"February 07, 2026",adhoc,A;B;C;D;F;I;L;M;N;O;T;V;1;2;6
0100070102,FONDAPARINUX,,MEDICINES,1550,2513,"February 07, 2026",adhoc,A;D;F;I;N;O;P;R;U;X
010114073500,FORXIGA; TABLET 10MG,DAPAGLIFLOZIN PROPANEDIOL,MEDICINES,44,44,"July 02, 2025",adhoc,A;B;D;E;F;G;I;L;M;O;R;T;X;0;1
0100030149,FOSFOMYCIN TROMETAMOL,,MEDICINES,761,761,"September 08, 2025",adhoc,A;C;E;F;I;L;M;N;O;R;S;T;Y
0101090025,FOSPHENYTOIN SODIUM,,MEDICINES,4178,4178,"February 07, 2026",adhoc,D;E;F;H;I;M;N;O;P;S;T;U;Y
010007010501,FRAXIPARINE; SYRINGE 3800 IU/0.4ML,NADROPARIN CALCIUM,MEDICINES,595,595,"July 02, 2025",adhoc,A;E;F;G;I;L;M;N;P;R;S;U;X;Y;0;3;4;8
0104030016,FULVESTRANT,,MEDICINES,23592,47184,"November 28, 2025",adhoc,A;E;F;L;N;R;S;T;U;V
0104100301,FULVESTRANT,,MEDICINES,23592,47184,"November 28, 2025",adhoc,A;E;F;L;N;R;S;T;U;V
0100110302,FUROSEMIDE,,MEDICINES,27,341,"February 07, 2026",adhoc,D;E;F;I;M;O;R;S;U
0101110308,FUROSEMIDE/POTASSIUM CHLORIDE,,MEDICINES,35,35,"September 08, 2025",adhoc,A;C;D;E;F;H;I;L;M;O;P;R;S;T;U
0101030151,FUSAFUNGINE,,MEDICINES,912,912,"September 08, 2025",adhoc,A;E;F;G;I;N;S;U
0100030152,FUSIDIC ACID,,MEDICINES,716,918,"September 08, 2025",adhoc,A;C;D;F;I;S;U
0101030153,FUSIDIC ACID/BETAMETHASONE VALERATE,,MEDICINES,956,956,"February 07, 2026",adhoc,A;B;C;D;E;F;H;I;L;M;N;O;R;S;T;U;V
0101140038,FUSIDIC ACID/HYDROCORTISONE ACETATE,,MEDICINES,743,743,"September 08, 2025",adhoc,A;C;D;E;F;H;I;N;O;R;S;T;U;Y
0100090008,GABAPENTIN,,MEDICINES,50,173,"September 08, 2025",adhoc,A;B;E;G;I;N;P;T
0101090008,GABAPENTIN,,MEDICINES,50,173,"September 08, 2025",adhoc,A;B;E;G;I;N;P;T
0101212101,GADOLINIUM,,MEDICINES,5640,11734,"February 07, 2026",adhoc,A;D;G;I;L;M;N;O;U
0100212108,GADOTERIC ACID,,MEDICINES,3352,6550,"September 08, 2025",adhoc,A;C;D;E;G;I;O;R;T
0100212401,GADOTERIC ACID,,MEDICINES,3352,6550,"September 08, 2025",adhoc,A;C;D;E;G;I;O;R;T
0100040025,GANCICLOVIR,,MEDICINES,1948,1948,"July 02, 2025",adhoc,A;C;G;I;L;N;O;R;V
0103010100,GANCICLOVIR NA,,MEDICINES,2299,2299,"July 02, 2025",adhoc,A;C;G;I;L;N;O;R;V
0101200078,GARLIC OIL EXTRACT,,MEDICINES,8,8,"September 08, 2025",adhoc,A;C;E;G;I;L;O;R;T;X
0101030154,GATIFLOXACIN,,MEDICINES,1043,1043,"September 08, 2025",adhoc,A;C;F;G;I;L;N;O;T;X
0104030013,GEFITINIB,,MEDICINES,2787,2787,"July 02, 2025",adhoc,B;E;F;G;I;N;T
0100040027,GEMCITABINE HCL,,MEDICINES,4297,27520,"September 08, 2025",adhoc,A;B;C;E;G;H;I;L;M;N;T
01010400112,GEMCITABINE HCL,,MEDICINES,4297,27520,"September 08, 2025",adhoc,A;B;C;E;G;H;I;L;M;N;T
0101140752,GEMIGLIPTIN TARTRATE SESQUIHYDRATE,,MEDICINES,70,70,"September 11, 2025",adhoc,A;D;E;G;H;I;L;M;N;P;Q;R;S;T;U;Y
0101140753,GEMIGLIPTIN TARTRATE SESQUIHYDRATE/METFORMIN HCL,,MEDICINES,78,78,"September 11, 2025",adhoc,A;C;D;E;F;G;H;I;L;M;N;O;P;Q;R;S;T;U;Y
0100030156,GENTAMICIN SULFATE,,MEDICINES,124,824,"September 08, 2025",adhoc,A;C;E;F;G;I;L;M;N;S;T;U
0101030156,GENTAMICIN SULFATE,,MEDICINES,124,824,"September 08, 2025",adhoc,A;C;E;F;G;I;L;M;N;S;T;U
0101030157,GENTAMICIN/FLUOROMETHOLONE,,MEDICINES,664,664,"September 08, 2025",adhoc,A;C;E;F;G;H;I;L;M;N;O;R;T;U
0100030199,GENTAMYCIN SULFATE,,MEDICINES,99,176,"September 08, 2025",adhoc,A;C;E;F;G;I;L;M;N;S;T;U;Y
0101120906,GENTIAN ROOT/PRIMULAE FLOS/RUMICUS HERBA/SAMBUCI F,,MEDICINES,20,20,"September 08, 2025",adhoc,A;B;C;E;F;G;H;I;L;M;N;O;P;R;S;T;U
01010400113,GILTERITINIB,,MEDICINES,212382,212382,"July 02, 2025",adhoc,B;E;G;I;L;N;R;T
0101210100,GINKGO BILOBA,,MEDICINES,67,234,"October 14, 2025",adhoc,A;B;G;I;K;L;N;O
010104008300,GIOTRIF; TABLET 30MG,AFATINIB DIMALEATE,MEDICINES,3623,3623,"July 02, 2025",adhoc,A;B;E;F;G;I;L;M;O;R;T;0;3
010104008301,GIOTRIF; TABLET 40MG,AFATINIB DIMALEATE,MEDICINES,3537,3537,"July 02, 2025",adhoc,A;B;E;F;G;I;L;M;O;R;T;0;4
010104008302,GIOTRIF; TABLET 50MG,AFATINIB DIMALEATE,MEDICINES,2767,2767,"July 02, 2025",adhoc,A;B;E;F;G;I;L;M;O;R;T;0;5
0100140704,GLICLAZIDE,,MEDICINES,9,53,"February 07, 2026",adhoc,A;C;D;E;G;I;L;Z
0103090101,GLICLAZIDE,,MEDICINES,9,53,"February 07, 2026",adhoc,A;C;D;E;G;I;L;Z
010309010401,GLIFIXY; TABLET 10MG,DAPAGLIFLOZIN,MEDICINES,44,44,"July 02, 2025",adhoc,A;B;D;E;F;G;I;L;M;T;X;Y;0;1
0101140705,GLIMEPIRIDE,,MEDICINES,20,113,"September 08, 2025",adhoc,D;E;G;I;L;M;P;R
0101140706,GLIMEPIRIDE/METFORMIN HCL,,MEDICINES,17,46,"February 07, 2026",adhoc,C;D;E;F;G;H;I;L;M;N;O;P;R;T
0101140707,GLIPIZIDE,,MEDICINES,35,57,"September 08, 2025",adhoc,D;E;G;I;L;P;Z
010014070000,GLUCOBAY; TABLET 100MG,ACARBOSE,MEDICINES,11,11,"July 02, 2025",adhoc,A;B;C;E;G;L;M;O;T;U;Y;0;1
010014070001,GLUCOBAY; TABLET 50MG,ACARBOSE,MEDICINES,7,7,"July 02, 2025",adhoc,A;B;C;E;G;L;M;O;T;U;Y;0;5
0101210801,GLUCOSAMINE SULFATE,,MEDICINES,51,135,"September 08, 2025",adhoc,A;C;E;F;G;I;L;M;N;O;S;T;U
0100110214,GLUCOSE/AMINOACIDS/ELECTROLYTES/VIT B1,,MEDICINES,1610,3048,"September 08, 2025",adhoc,A;B;C;D;E;G;I;L;M;N;O;R;S;T;U;V;Y;1
0100110206,GLUCOSE/AMINOACIDS/LIPIDS/ELECTROLYTES,,MEDICINES,3085,12929,"September 08, 2025",adhoc,A;C;D;E;G;I;L;M;N;O;P;R;S;T;U;Y
0101110206,GLUCOSE/AMINOACIDS/LIPIDS/ELECTROLYTES,,MEDICINES,3085,12929,"September 08, 2025",adhoc,A;C;D;E;G;I;L;M;N;O;P;R;S;T;U;Y
0100130303,GLYCERIN,,MEDICINES,15,17,"September 08, 2025",adhoc,C;E;G;I;L;N;R;Y
0101180430,GLYCERIN/HYDROGENATED POLYISOBUTENE,,MEDICINES,1445,1445,"September 08, 2025",adhoc,A;B;C;D;E;G;H;I;L;N;O;P;R;S;T;U;Y
0101180424,GLYCERIN/HYDROGENATED POLYSIOBUTENE/CETEARYL ALCOH,,MEDICINES,1325,1325,"September 08, 2025",adhoc,A;B;C;D;E;G;H;I;L;N;O;P;R;S;T;U;Y
0101080400,GLYCERYL TRINITRATE,,MEDICINES,2387,2475,"September 08, 2025",adhoc,A;C;E;G;I;L;N;R;T;Y
0101180439,GLYCOLIC ACID,,MEDICINES,285,285,"July 02, 2025",adhoc,A;C;D;G;I;L;O;Y
0101050211,GLYCOPYRRONIUM BROMIDE,,MEDICINES,3444,3444,"September 08, 2025",adhoc,B;C;D;E;G;I;L;M;N;O;P;R;U;Y
0101130407,GLYCYRRHIZIC ACID/GLYCINE/L-CYSTEINE HCL,,MEDICINES,558,558,"February 07, 2026",adhoc,A;C;D;E;G;H;I;L;N;R;S;T;Y;Z
010309010402,GLYHART; TABLET 10MG,DAPAGLIFLOZIN,MEDICINES,44,44,"July 02, 2025",adhoc,A;B;D;E;G;H;L;M;R;T;Y;0;1
0104140101,GOLIMUMAB,,MEDICINES,61648,61648,"July 02, 2025",adhoc,A;B;G;I;L;M;O;U
0103020006,GOSERELIN,,MEDICINES,5783,19725,"July 02, 2025",adhoc,E;G;I;L;N;O;R;S
0101030158,GRAMICIDIN/NEOMYCIN/POLYMIXINB,,MEDICINES,416,416,"September 08, 2025",adhoc,A;B;C;D;E;G;I;L;M;N;O;P;R;X;Y
0101130600,GRANISETRON,,MEDICINES,726,6416,"September 08, 2025",adhoc,A;E;G;I;N;O;R;S;T
010107040100,GRANOCYTE; VIAL 263MCG/ML,LENOGRASTIM,MEDICINES,5599,5599,"July 02, 2025",adhoc,A;C;E;G;I;L;M;N;O;R;T;V;Y;2;3;6
0101160401,GUAIFENESIN,,MEDICINES,186,186,"September 30, 2025",adhoc,A;E;F;G;I;N;S;U
0101160402,GUAIFENESIN/DEXTROMETHORPHAN,,MEDICINES,243,322,"September 08, 2025",adhoc,A;D;E;F;G;H;I;M;N;O;P;R;S;T;U;X
0101340104,GUSELKUMAB,,MEDICINES,169650,169650,"July 02, 2025",adhoc,A;B;E;G;K;L;M;S;U
0100170004,HAEMOPHILUS B CONJUGATE VACCINE,,MEDICINES,1355,1355,"September 08, 2025",adhoc,A;B;C;E;G;H;I;J;L;M;N;O;P;S;T;U;V
0101140043,HALOBETASOL PROPIONATE,,MEDICINES,2080,2080,"February 07, 2026",adhoc,A;B;E;H;I;L;N;O;P;R;S;T
0100090206,HALOPERIDOL,,MEDICINES,856,3370,"September 08, 2025",adhoc,A;D;E;H;I;L;O;P;R
0100070103,HEPARIN NA,,MEDICINES,388,1116,"September 11, 2025",adhoc,A;E;H;I;N;P;R
0101070104,HEPARINOID,,MEDICINES,478,1320,"September 08, 2025",adhoc,A;D;E;H;I;N;O;P;R
0101170005,HEPATITIS A AND B,,MEDICINES,2109,3435,"September 08, 2025",adhoc,A;B;D;E;H;I;N;P;S;T
0100170006,HEPATITIS A VACCINE,,MEDICINES,3244,3244,"February 07, 2026",adhoc,A;C;E;H;I;N;P;S;T;V
0100170007,HEPATITIS B IMMUNOGLOBULIN HUMAN,,MEDICINES,3744,3744,"September 08, 2025",adhoc,A;B;E;G;H;I;L;M;N;O;P;S;T;U
0100170008,HEPATITIS B VACCINE,,MEDICINES,533,1240,"February 07, 2026",adhoc,A;B;C;E;H;I;N;P;S;T;V
0100170009,HEPATITIS B/DTP,,MEDICINES,1138,1138,"September 08, 2025",adhoc,A;B;D;E;H;I;P;S;T
010004005900,HERCEPTIN; VIAL 150MG (REF),TRASTUZUMAB,MEDICINES,32546,32546,"July 02, 2025",adhoc,A;C;E;F;G;H;I;L;M;N;P;R;T;V;0;1;5
0100170038,HERPES ZOSTER VACCINE,,MEDICINES,9939,9939,"July 02, 2025",adhoc,A;C;E;H;I;N;O;P;R;S;T;V;Z
010004005901,HERTRAZ; VIAL 150MG (REF),TRASTUZUMAB,MEDICINES,19528,19528,"July 02, 2025",adhoc,A;E;F;G;H;I;L;M;R;T;V;Z;0;1;5
010004005904,HERZUMA; VIAL 150MG (REF),TRASTUZUMAB,MEDICINES,21156,21156,"July 02, 2025",adhoc,A;E;F;G;H;I;L;M;R;T;U;V;Z;0;1;5
0101120204,HEXETIDINE,,MEDICINES,268,268,"September 08, 2025",adhoc,D;E;H;I;N;T;X
0101212408,HISTIDINE/TRYPTOPHAN/KETOGLUTARATE,,MEDICINES,26738,26738,"July 02, 2025",adhoc,A;D;E;G;H;I;K;L;N;O;P;R;S;T;U;Y
010114071501,HUMALOG MIX 25; KWIKPEN 100UNITS/ML 3ML (REF),INSULIN LISPRO/INSULIN LISPRO PROTAMINE,MEDICINES,514,514,"July 02, 2025",adhoc,A;E;F;G;H;I;K;L;M;N;O;P;R;S;T;U;W;X;0;1;2;3;5
010114071505,HUMALOG MIX 50; KWIKPEN 100UNITS/ML 3ML (REF),INSULIN LISPRO/INSULIN LISPRO PROTAMINE,MEDICINES,514,514,"July 02, 2025",adhoc,A;E;F;G;H;I;K;L;M;N;O;P;R;S;T;U;W;X;0;1;3;5
010014071502,HUMALOG; KWIKPEN 100UNITS/ML 3ML (REF),INSULIN LISPRO,MEDICINES,420,420,"July 02, 2025",adhoc,A;E;F;G;H;I;K;L;M;N;O;P;R;S;T;U;W;0;1;3
0100110600,HUMAN ALBUMIN,,MEDICINES,7131,11387,"February 07, 2026",adhoc,A;B;H;I;L;M;N;U
0101140600,HUMAN CHORIONIC GONADOTROPIN,,MEDICINES,1790,1790,"September 08, 2025",adhoc,A;C;D;G;H;I;M;N;O;P;R;T;U
0101070607,HUMAN COAGULATION FACTOR VIII,,MEDICINES,12636,12636,"September 04, 2025",adhoc,A;C;F;G;H;I;L;M;N;O;R;T;U;V
0100170010,HUMAN IMMUNOGLOBULIN,,MEDICINES,19440,152208,"February 07, 2026",adhoc,A;B;G;H;I;L;M;N;O;U
0101170010,HUMAN IMMUNOGLOBULIN,,MEDICINES,19440,152208,"February 07, 2026",adhoc,A;B;G;H;I;L;M;N;O;U
0100140708,HUMAN INSULIN ISOPHANE,,MEDICINES,378,2760,"September 08, 2025",adhoc,A;E;H;I;L;M;N;O;P;S;U
0101140708,HUMAN INSULIN ISOPHANE,,MEDICINES,378,2760,"September 08, 2025",adhoc,A;E;H;I;L;M;N;O;P;S;U
0100140709,HUMAN INSULIN ISOPHANE/HUMAN REGULAR INSULIN,,MEDICINES,1178,2820,"September 08, 2025",adhoc,A;E;G;H;I;L;M;N;O;P;R;S;U
0100140710,HUMAN INSULIN REGULAR,,MEDICINES,268,2497,"February 07, 2026",adhoc,A;E;G;H;I;L;M;N;R;S;U
0101140601,HUMAN MENOPAUSAL GONADOTROPIN,,MEDICINES,3253,3253,"September 08, 2025",adhoc,A;D;E;G;H;I;L;M;N;O;P;R;S;T;U
0100170011,HUMAN PAPILLOMA VIRUS VACCINE TYPES 16 AND 18,,MEDICINES,3297,3297,"July 02, 2025",adhoc,A;C;D;E;H;I;L;M;N;O;P;R;S;T;U;V;Y;1;6;8
0101170037,HUMAN PAPILLOMAVIRUS 9-VALENT RECOMBINANT VACCINE,,MEDICINES,10031,10031,"July 02, 2025",adhoc,A;B;C;E;H;I;L;M;N;O;P;R;S;T;U;V;9
0100170012,HUMAN RABIES IMMUNOGLOBULIN,,MEDICINES,10431,34826,"February 07, 2026",adhoc,A;B;E;G;H;I;L;M;N;O;R;S;U
0101170012,HUMAN RABIES IMMUNOGLOBULIN,,MEDICINES,10431,34826,"February 07, 2026",adhoc,A;B;E;G;H;I;L;M;N;O;R;S;U
0100170013,HUMAN TETANUS IMMUNOGLOBULIN,,MEDICINES,2804,3550,"February 07, 2026",adhoc,A;B;E;G;H;I;L;M;N;O;S;T;U
0101180429,HYALURONIC ACID,,MEDICINES,86,767,"September 08, 2025",adhoc,A;C;D;H;I;L;N;O;R;U;Y
0101180701,HYALURONIC ACID,,MEDICINES,86,767,"September 08, 2025",adhoc,A;C;D;H;I;L;N;O;R;U;Y
0101120908,HYALURONIDASE,,MEDICINES,433,798,"September 08, 2025",adhoc,A;D;E;H;I;L;N;O;R;S;U;Y
0101211700,HYALURONIDASE,,MEDICINES,433,798,"September 08, 2025",adhoc,A;D;E;H;I;L;N;O;R;S;U;Y
0100080301,HYDRALAZINE,,MEDICINES,35,513,"September 08, 2025",adhoc,A;D;E;H;I;L;N;R;Y;Z
0100110303,HYDROCHLOROTHIAZIDE,,MEDICINES,9,12,"September 08, 2025",adhoc,A;C;D;E;H;I;L;O;R;T;Y;Z
0101120411,HYDROCOLLOID,,MEDICINES,266,266,"September 08, 2025",adhoc,C;D;H;I;L;O;R;Y
0100140026,HYDROCORTISONE,,MEDICINES,18,808,"September 08, 2025",adhoc,C;D;E;H;I;N;O;R;S;T;Y
0101140042,HYDROCORTISONE,,MEDICINES,18,808,"September 08, 2025",adhoc,C;D;E;H;I;N;O;R;S;T;Y
0100140017,HYDROCORTISONE SODIUM SUCCINATE,,MEDICINES,264,939,"September 08, 2025",adhoc,A;C;D;E;H;I;M;N;O;R;S;T;U;Y
0100120205,HYDROGEN PEROXIDE,,MEDICINES,59,59,"February 07, 2026",adhoc,D;E;G;H;I;N;O;P;R;X;Y
0101180431,HYDROGENATED GLYCERYL PALMATE/GLYCERYL COCOATE/GLY,,MEDICINES,1367,1367,"September 08, 2025",adhoc,A;C;D;E;G;H;L;M;N;O;P;R;T;Y
0101131200,HYDROTALCITE/MAGNESIUM HYDROXIDE/DIMETHICONE,,MEDICINES,11,11,"September 08, 2025",adhoc,A;C;D;E;G;H;I;L;M;N;O;R;S;T;U;X;Y
0100030307,HYDROXYCHLOROQUINE SULFATE,,MEDICINES,98,181,"February 07, 2026",adhoc,A;C;D;E;F;H;I;L;N;O;Q;R;S;T;U;X;Y
0100110602,HYDROXYETHYL STARCH,,MEDICINES,1556,1556,"September 08, 2025",adhoc,A;C;D;E;H;L;O;R;S;T;X;Y
0101160118,HYDROXYPROPYL METHYLCELLULOSE/PEPPERMINT POWDER,,MEDICINES,586,684,"July 02, 2025",adhoc,C;D;E;H;I;L;M;N;O;P;R;S;T;U;W;X;Y
0100040029,HYDROXYUREA,,MEDICINES,92,92,"February 07, 2026",adhoc,A;D;E;H;O;R;U;X;Y
0101020002,HYDROXYZINE HCL,,MEDICINES,25,36,"July 02, 2025",adhoc,C;D;E;H;I;L;N;O;R;X;Y;Z
0100050200,HYOSCINE-N-BUTYL BR,,MEDICINES,56,436,"February 07, 2026",adhoc,B;C;E;H;I;L;N;O;R;S;T;U;Y
0101050201,HYOSCINE-N-BUTYL BR/PARACETAMOL,,MEDICINES,61,63,"February 07, 2026",adhoc,A;B;C;E;H;I;L;M;N;O;P;R;S;T;U;Y
0100050208,HYOSCINE-N-BUTYL BROMIDE,,MEDICINES,20,20,"September 08, 2025",adhoc,B;C;D;E;H;I;L;M;N;O;R;S;T;U;Y
0100110017,HYPERTONIC LACTATE,,MEDICINES,1442,1442,"July 02, 2025",adhoc,A;C;E;H;I;L;N;O;P;R;T;Y
0101212503,HYPOCHLOROUS ACID/SODIUM HYPOCHLORITE,,MEDICINES,1327,1327,"July 02, 2025",adhoc,A;C;D;E;H;I;L;M;O;P;R;S;T;U;Y
0100120402,HYPROMELLOSE,,MEDICINES,630,723,"September 08, 2025",adhoc,E;H;L;M;O;P;R;S;Y
0101120402,HYPROMELLOSE,,MEDICINES,630,723,"September 08, 2025",adhoc,E;H;L;M;O;P;R;S;Y
0101120401,HYPROMELLOSE/DEXTRAN70,,MEDICINES,843,843,"February 07, 2026",adhoc,A;D;E;H;L;M;N;O;P;R;S;T;X;Y;0;7
010008090700,HYZAAR DS; TABLET 100MG/25MG,LOSARTAN POTASSIUM/HCTZ,MEDICINES,34,34,"July 02, 2025",adhoc,A;B;D;E;G;H;L;M;R;S;T;Y;Z;0;1;2;5
010008090701,HYZAAR; TABLET 100MG/12.5MG,LOSARTAN POTASSIUM/HCTZ,MEDICINES,34,34,"July 02, 2025",adhoc,A;B;E;G;H;L;M;R;T;Y;Z;0;1;2;5
010008090702,HYZAAR; TABLET 50MG/12.5MG,LOSARTAN POTASSIUM/HCTZ,MEDICINES,26,26,"July 02, 2025",adhoc,A;B;E;G;H;L;M;R;T;Y;Z;0;1;2;5
0104030101,IBANDRONIC ACID,,MEDICINES,1626,10762,"July 02, 2025",adhoc,A;B;C;D;I;N;O;R
010403010100,IBANOX; TABLET 150MG,IBANDRONIC ACID,MEDICINES,1626,1626,"July 02, 2025",adhoc,A;B;E;G;I;L;M;N;O;T;X;0;1;5
0101040099,IBRUTINIB,,MEDICINES,210655,210655,"July 02, 2025",adhoc,B;I;N;R;T;U
0100000003,IBUPROFEN,,MEDICINES,17,1071,"September 08, 2025",adhoc,B;E;F;I;N;O;P;R;U
0101000003,IBUPROFEN,,MEDICINES,17,1071,"September 08, 2025",adhoc,B;E;F;I;N;O;P;R;U
0101000004,IBUPROFEN/PARACETAMOL,,MEDICINES,16,27,"September 08, 2025",adhoc,A;B;C;E;F;I;L;M;N;O;P;R;T;U
0100110310,ICODEXTRIN,,MEDICINES,1494,10063,"September 08, 2025",adhoc,C;D;E;I;N;O;R;T;X
0101212201,ICODEXTRIN,,MEDICINES,1494,10063,"September 08, 2025",adhoc,C;D;E;I;N;O;R;T;X
0100040030,IDARUBICIN HCL,,MEDICINES,10851,10851,"July 02, 2025",adhoc,A;B;C;D;H;I;L;N;R;U
0101210207,IDARUCIZUMAB,,MEDICINES,85049,85049,"September 04, 2025",adhoc,A;B;C;D;I;M;R;U;Z
0101330100,IFENPRODIL,,MEDICINES,0,0,"July 02, 2025",adhoc,D;E;F;I;L;N;O;P;R
0100040031,IFOSFAMIDE,,MEDICINES,2340,5039,"February 07, 2026",adhoc,A;D;E;F;I;M;O;S
0103020007,IFOSFAMIDE,,MEDICINES,2340,5039,"February 07, 2026",adhoc,A;D;E;F;I;M;O;S
0104050103,ILOPROST,,MEDICINES,1587,1587,"July 02, 2025",adhoc,I;L;O;P;R;S;T
0100040066,IMATINIB MESYLATE,,MEDICINES,106,400,"July 02, 2025",adhoc,A;B;E;I;L;M;N;S;T;Y
0101050213,IMIDAFENACIN,,MEDICINES,69,69,"September 08, 2025",adhoc,A;C;D;E;F;I;M;N
0101080805,IMIDAPRIL,,MEDICINES,25,35,"September 08, 2025",adhoc,A;D;I;L;M;P;R
0104050500,IMIDAPRIL,,MEDICINES,25,35,"September 08, 2025",adhoc,A;D;I;L;M;P;R
0101080806,IMIDAPRIL HCL,,MEDICINES,25,35,"September 08, 2025",adhoc,A;C;D;H;I;L;M;P;R
0104050501,IMIDAPRIL HCL,,MEDICINES,25,35,"September 08, 2025",adhoc,A;C;D;H;I;L;M;P;R
0101080807,IMIDAPRIL HCL/HCTZ,,MEDICINES,54,54,"September 08, 2025",adhoc,A;C;D;H;I;L;M;P;R;T;Z
0101080808,IMIDAPRIL/HCTZ,,MEDICINES,49,49,"September 08, 2025",adhoc,A;C;D;H;I;L;M;P;R;T;Z
010109060200,IMIGRAN; TABLET 50MG,SUMATRIPTAN SUCCINATE,MEDICINES,217,217,"July 02, 2025",adhoc,A;B;E;G;I;L;M;N;R;S;T;0;5
0101030159,IMIPENEM/CILASTATIN,,MEDICINES,1849,1849,"February 07, 2026",adhoc,A;C;E;I;L;M;N;P;S;T
01010301111,IMIPENEM/CILASTATIN/SODIUM CHLORIDE,,MEDICINES,1984,1984,"December 03, 2025",adhoc,A;C;D;E;H;I;L;M;N;O;P;R;S;T;U
0100210900,IMIQUIMOD,,MEDICINES,769,769,"September 08, 2025",adhoc,D;I;M;O;Q;U
010021080000,IMURAN; TABLET 50MG,AZATHIOPRINE,MEDICINES,38,38,"July 02, 2025",adhoc,A;B;E;G;I;L;M;N;R;T;U;0;5
0100170036,INACTIVATED POLIOMYELITIS VACCINE,,MEDICINES,1373,8022,"February 07, 2026",adhoc,A;C;D;E;I;L;M;N;O;P;S;T;V;Y
0101180007,INACTIVE E COLI,,MEDICINES,71,71,"September 08, 2025",adhoc,A;C;E;I;L;N;O;T;V
0101080221,INCLISIRAN SODIUM,,MEDICINES,168725,168725,"July 02, 2025",adhoc,A;C;D;I;L;M;N;O;R;S;U
0104020201,INDACATEROL MALEATE,,MEDICINES,772,791,"July 02, 2025",adhoc,A;C;D;E;I;L;M;N;O;R;T
0100050417,INDACATEROL MALEATE/GLYCOPYRRONIUM BROMIDE,,MEDICINES,3928,4057,"September 08, 2025",adhoc,A;B;C;D;E;G;I;L;M;N;O;P;R;T;U;Y
0100110304,INDAPAMIDE,,MEDICINES,67,67,"July 02, 2025",adhoc,A;D;E;I;M;N;P
0101110304,INDAPAMIDE/AMLODIPINE BESYLATE,,MEDICINES,28,41,"February 07, 2026",adhoc,A;B;D;E;I;L;M;N;O;P;S;T;Y
0104050701,INDAPAMIDE/AMLODIPINE BESYLATE,,MEDICINES,28,39,"September 08, 2025",adhoc,A;B;D;E;I;L;M;N;O;P;S;T;Y
0101212701,INDOCYANINE GREEN,,MEDICINES,13666,13666,"July 02, 2025",adhoc,A;C;D;E;G;I;N;O;R;Y
0101000005,INDOMETHACIN,,MEDICINES,25,25,"September 08, 2025",adhoc,A;C;D;E;H;I;M;N;O;T
0101110216,INFANT FORMULA,,MEDICINES,385,3981,"September 08, 2025",adhoc,A;F;I;L;M;N;O;R;T;U
0101211800,INFANT FORMULA,,MEDICINES,385,3981,"September 08, 2025",adhoc,A;F;I;L;M;N;O;R;T;U
0104030015,INFLIXIMAB,,MEDICINES,26785,48128,"October 23, 2025",adhoc,A;B;F;I;L;M;N;X
0100170016,INFLUENZA VACCINE,,MEDICINES,1168,1168,"February 07, 2026",adhoc,A;C;E;F;I;L;N;U;V;Z
0101211501,INHALATION DEVICE,,MEDICINES,2349,2349,"September 08, 2025",adhoc,A;C;D;E;H;I;L;N;O;T;V
010007010801,INNOHEP; VIAL 10 Thousand UNITS/ML 2ML,TINZAPARIN,MEDICINES,904,904,"July 02, 2025",adhoc,A;D;E;H;I;L;M;N;O;P;S;T;U;V;0;1;2
0101210902,INOSINE ACEDOBEN DIMEPRANOL,,MEDICINES,50,476,"February 07, 2026",adhoc,A;B;C;D;E;I;L;M;N;O;P;R;S
0101210901,INOSIPLEX,,MEDICINES,46,424,"February 07, 2026",adhoc,E;I;L;N;O;P;S;X
0100040067,INOTECAN HCL,,MEDICINES,5675,5675,"July 02, 2025",adhoc,A;C;E;H;I;L;N;O;T
0104100102,INSULIN ASPART,,MEDICINES,424,424,"July 02, 2025",adhoc,A;I;L;N;P;R;S;T;U
0104100113,INSULIN DEGLUDEC,,MEDICINES,763,763,"July 02, 2025",adhoc,C;D;E;G;I;L;N;S;U
0101140743,INSULIN DEGLUDEC/INSULIN ASPART,,MEDICINES,2298,2298,"February 07, 2026",adhoc,A;C;D;E;G;I;L;N;P;R;S;T;U
0100140713,INSULIN GLARGINE,,MEDICINES,1029,4165,"February 07, 2026",adhoc,A;E;G;I;L;N;R;S;U
0101140747,INSULIN GLARGINE/LIXISENATIDE,,MEDICINES,2596,2862,"September 08, 2025",adhoc,A;D;E;G;I;L;N;R;S;T;U;X
0101140714,INSULIN GLULISINE,,MEDICINES,335,1241,"September 08, 2025",adhoc,E;G;I;L;N;S;U
0104100104,INSULIN GLULISINE,,MEDICINES,335,1241,"September 08, 2025",adhoc,E;G;I;L;N;S;U
0101140715,INSULIN LISPRO,,MEDICINES,420,1340,"September 08, 2025",adhoc,I;L;N;O;P;R;S;U
0104100105,INSULIN LISPRO,,MEDICINES,420,1340,"September 08, 2025",adhoc,I;L;N;O;P;R;S;U
0104100116,INSULIN LISPRO/INSULIN LISPRO PROTAMINE,,MEDICINES,514,514,"July 02, 2025",adhoc,A;E;I;L;M;N;O;P;R;S;T;U
0101040101,INTERFERON ALFA-2B,,MEDICINES,18159,18159,"July 02, 2025",adhoc,A;B;E;F;I;L;N;O;R;T;2
0100212107,IODIXANOL,,MEDICINES,4948,10539,"September 08, 2025",adhoc,A;D;I;L;N;O;X
0101212102,IODIZED OIL,,MEDICINES,63032,63032,"September 04, 2025",adhoc,D;E;I;L;O;Z
0100212103,IOHEXOL,,MEDICINES,3511,8734,"February 07, 2026",adhoc,E;H;I;L;O;X
0100212104,IOPAMIDOL,,MEDICINES,3093,8137,"September 11, 2025",adhoc,A;D;I;L;M;O;P
0100212105,IOPROMIDE,,MEDICINES,3675,5998,"February 07, 2026",adhoc,D;E;I;M;O;P;R
0100212106,IOVERSOL,,MEDICINES,5832,5832,"September 08, 2025",adhoc,E;I;L;O;R;S;V
0100050204,IPRATROPIUM BR/SALBUTAMOL,,MEDICINES,48,1774,"February 07, 2026",adhoc,A;B;I;L;M;O;P;R;S;T;U
0100050203,IPRATROPIUM BROMIDE,,MEDICINES,1995,1995,"February 07, 2026",adhoc,A;B;D;E;I;M;O;P;R;T;U
0100080903,IRBESARTAN,,MEDICINES,16,52,"February 07, 2026",adhoc,A;B;E;I;N;R;S;T
0101080903,IRBESARTAN,,MEDICINES,16,52,"February 07, 2026",adhoc,A;B;E;I;N;R;S;T
0103050401,IRBESARTAN,,MEDICINES,16,52,"February 07, 2026",adhoc,A;B;E;I;N;R;S;T
0101080919,IRBESARTAN/AMLODIPINE BESILATE,,MEDICINES,50,82,"September 08, 2025",adhoc,A;B;D;E;I;L;M;N;O;P;R;S;T
0101080904,IRBESARTAN/HCTZ,,MEDICINES,36,85,"February 07, 2026",adhoc,A;B;C;E;H;I;N;R;S;T;Z
0103050402,IRBESARTAN/HCTZ,,MEDICINES,36,85,"February 07, 2026",adhoc,A;B;C;E;H;I;N;R;S;T;Z
0104050601,IRBESARTAN/HCTZ,,MEDICINES,36,85,"February 07, 2026",adhoc,A;B;C;E;H;I;N;R;S;T;Z
010104002600,IRESSA; TABLET 250MG,GEFITINIB,MEDICINES,2787,2787,"July 02, 2025",adhoc,A;B;E;G;I;L;M;R;S;T;0;2;5
0100040033,IRINOTECAN,,MEDICINES,6448,6448,"July 02, 2025",adhoc,A;C;E;I;N;O;R;T
0100040034,IRINOTECAN HCL,,MEDICINES,3216,8910,"February 07, 2026",adhoc,A;C;E;H;I;L;N;O;R;T
0101200112,IRON,,MEDICINES,6,20,"September 08, 2025",adhoc,I;N;O;R
0100200028,IRON SUCROSE,,MEDICINES,414,853,"February 07, 2026",adhoc,C;E;I;N;O;R;S;U
0101030231,ISAVUCONAZONIUM SULFATE,,MEDICINES,3981,15120,"July 02, 2025",adhoc,A;C;E;F;I;L;M;N;O;S;T;U;V;Z
0101030209,ISOCONAZOLE/DIFLUCORTOLONE,,MEDICINES,734,1172,"February 07, 2026",adhoc,A;C;D;E;F;I;L;N;O;R;S;T;U;Z
0100010004,ISOFLURANE,,MEDICINES,46,5506,"September 08, 2025",adhoc,A;E;F;I;L;N;O;R;S;U
010008040100,ISOKET; AMPULE 10MG/10ML,ISOSORBIDE DINITRATE,MEDICINES,696,696,"July 02, 2025",adhoc,A;E;G;I;K;L;M;O;P;S;T;U;0;1
0100030405,ISONIAZID,,MEDICINES,0,6,"September 08, 2025",adhoc,A;D;I;N;O;S;Z
0101030406,ISONIAZID/PYRIDOXINE,,MEDICINES,167,175,"February 07, 2026",adhoc,A;D;E;I;N;O;P;R;S;X;Y;Z
0101050421,ISOPRENALINE,,MEDICINES,1742,1742,"September 08, 2025",adhoc,A;E;I;L;N;O;P;R;S
0101120206,ISOPROPANOL,,MEDICINES,478,909,"September 08, 2025",adhoc,A;I;L;N;O;P;R;S
0101050416,ISOPROTERENOL HCL,,MEDICINES,3038,3038,"September 08, 2025",adhoc,C;E;H;I;L;N;O;P;R;S;T
010012050100,ISOPTO CARPINE; EYE DROPS 2% 15ML,PILOCARPINEHCL,MEDICINES,299,299,"July 02, 2025",adhoc,A;C;D;E;I;L;M;N;O;P;R;S;T;Y;1;2;5
0100080401,ISOSORBIDE DINITRATE,,MEDICINES,32,696,"September 08, 2025",adhoc,A;B;D;E;I;N;O;R;S;T
0103050101,ISOSORBIDE DINITRATE,,MEDICINES,32,696,"September 08, 2025",adhoc,A;B;D;E;I;N;O;R;S;T
0100080402,ISOSORBIDE-5-MONONITRATE,,MEDICINES,61,90,"February 07, 2026",adhoc,A;B;D;E;I;M;N;O;R;S;T;5
0101080402,ISOSORBIDE-5-MONONITRATE,,MEDICINES,61,90,"February 07, 2026",adhoc,A;B;D;E;I;M;N;O;R;S;T;5
0101180602,ISOTRETINOIN,,MEDICINES,2959,2959,"September 08, 2025",adhoc,E;I;N;O;R;S;T
0100190100,ISOXSUPRINE HCL,,MEDICINES,42,348,"September 08, 2025",adhoc,C;E;H;I;L;N;O;P;R;S;U;X
0101130304,ISPHAGULA HUSK,,MEDICINES,60,60,"September 08, 2025",adhoc,A;G;H;I;K;L;P;S;U
0101131101,ITOPRIDE HCL,,MEDICINES,80,80,"July 02, 2025",adhoc,C;D;E;H;I;L;O;P;R;T
0100030210,ITRACONAZOLE,,MEDICINES,279,350,"September 08, 2025",adhoc,A;C;E;I;L;N;O;R;T;Z
0104050101,IVABRADINE,,MEDICINES,33,34,"July 02, 2025",adhoc,A;B;D;E;I;N;R;V
0101040104,IXAZOMIB CITRATE,,MEDICINES,80883,149145,"July 02, 2025",adhoc,A;B;C;E;I;M;O;R;T;X;Z
010114072605,JANUMET XR; TABLET 100MG/1000MG,SITAGLIPTIN/METFORMIN HCL,MEDICINES,62,62,"July 02, 2025",adhoc,A;B;E;G;J;L;M;N;R;S;T;U;X;0;1
010114072600,JANUMET; TABLET 50MG/ 1 Thousand MG,SITAGLIPTIN/METFORMIN HCL,MEDICINES,32,32,"July 02, 2025",adhoc,A;B;D;E;G;H;J;L;M;N;O;S;T;U;0;1;5
010114072601,JANUMET; TABLET 50MG/500MG,SITAGLIPTIN/METFORMIN HCL,MEDICINES,30,30,"July 02, 2025",adhoc,A;B;E;G;J;L;M;N;S;T;U;0;5
010114072602,JANUMET; TABLET 50MG/850MG,SITAGLIPTIN/METFORMIN HCL,MEDICINES,32,32,"July 02, 2025",adhoc,A;B;E;G;J;L;M;N;S;T;U;0;5;8
010114072500,JANUVIA; TABLET 100MG,SITAGLIPTIN PHOSPHATE,MEDICINES,65,65,"July 02, 2025",adhoc,A;B;E;G;I;J;L;M;N;S;T;U;V;0;1
010114072501,JANUVIA; TABLET 50MG,SITAGLIPTIN PHOSPHATE,MEDICINES,53,53,"July 02, 2025",adhoc,A;B;E;G;I;J;L;M;N;S;T;U;V;0;5
010114074404,JARDIANCE DUO; TABLET 12.5MG/1G,EMPAGLIFLOZIN/METFORMIN,MEDICINES,41,41,"July 02, 2025",adhoc,A;B;C;D;E;G;I;J;L;M;N;O;R;T;U;1;2;5
010114074403,JARDIANCE DUO; TABLET 12.5MG/500MG,EMPAGLIFLOZIN/METFORMIN,MEDICINES,41,41,"July 02, 2025",adhoc,A;B;C;D;E;G;I;J;L;M;N;O;R;T;U;0;1;2;5
010114074402,JARDIANCE DUO; TABLET 5MG/1G,EMPAGLIFLOZIN/METFORMIN,MEDICINES,41,41,"July 02, 2025",adhoc,A;B;C;D;E;G;I;J;L;M;N;O;R;T;U;1;5
010114074401,JARDIANCE DUO; TABLET 5MG/500MG,EMPAGLIFLOZIN/METFORMIN,MEDICINES,33,33,"July 02, 2025",adhoc,A;B;C;D;E;G;I;J;L;M;N;O;R;T;U;0;5
0101140739001,JARDIANCE; TABLET 10MG,EMPAGLIFLOZIN,MEDICINES,55,55,"July 02, 2025",adhoc,A;B;C;D;E;G;I;J;L;M;N;R;T;0;1
010105030101,KABIMIDINE; VIAL 100MCG/ML 2ML,DEXMEDETOMIDINE HCL,MEDICINES,2172,2172,"December 11, 2025",adhoc,A;B;C;D;E;G;I;K;L;M;N;V;0;1;2
01010400730001,KADCYLA; VIAL 100MG (REF),ADO-TRASTUZUMAB EMTANSINE,MEDICINES,81662,81662,"July 02, 2025",adhoc,A;C;D;E;F;G;I;K;L;M;R;V;Y;0;1
01010400730002,KADCYLA; VIAL 160MG (REF),ADO-TRASTUZUMAB EMTANSINE,MEDICINES,131150,131150,"July 02, 2025",adhoc,A;C;D;E;F;G;I;K;L;M;R;V;Y;0;1;6
010004005906,KANJINTI; VIAL 150MG (REF),TRASTUZUMAB,MEDICINES,32546,32546,"July 02, 2025",adhoc,A;E;F;G;I;J;K;L;M;N;R;T;V;0;1;5
010306020101,KEPDIN; ORAL SOLUTION 100MG/ML 300ML,LEVETIRACETAM,MEDICINES,1936,1936,"July 02, 2025",adhoc,A;D;E;G;I;K;L;M;N;O;P;R;S;T;U;0;1;3
010109001003,KEPPRA; ORAL SOLUTION 100MG/ML 300ML,LEVETIRACETAM,MEDICINES,1936,1936,"July 02, 2025",adhoc,A;E;G;I;K;L;M;N;O;P;R;S;T;U;0;1;3
0100010005,KETAMINE HCL,,MEDICINES,787,6573,"September 08, 2025",adhoc,A;C;E;H;I;K;L;M;N;T
0101200029,KETO ANALOGUES/AMINO ACIDS,,MEDICINES,44,142,"September 08, 2025",adhoc,A;C;D;E;G;I;K;L;M;N;O;S;T;U
0100030211,KETOCONAZOLE,,MEDICINES,96,486,"September 08, 2025",adhoc,A;C;E;K;L;N;O;T;Z
0101030211,KETOCONAZOLE,,MEDICINES,96,486,"September 08, 2025",adhoc,A;C;E;K;L;N;O;T;Z
0101030230,KETOCONAZOLE/ZINC PYRITHIONE,,MEDICINES,525,525,"September 08, 2025",adhoc,A;C;E;H;I;K;L;N;O;P;R;T;Y;Z
0101000006,KETOPROFEN,,MEDICINES,675,1022,"February 07, 2026",adhoc,E;F;K;N;O;P;R;T
0100000007,KETOROLAC,,MEDICINES,157,228,"September 08, 2025",adhoc,A;C;E;K;L;O;R;T
0101000008,KETOROLAC TROMETHAMINE,,MEDICINES,1367,1367,"September 08, 2025",adhoc,A;C;E;H;I;K;L;M;N;O;R;T
0101000009,KETOTIFEN HYDROGEN,,MEDICINES,857,1793,"September 08, 2025",adhoc,D;E;F;G;H;I;K;N;O;R;T;Y
010114073201,KOMBIGLYZE XR; TABLET 2.5MG/1 Thousand MG,SAXAGLIPTIN/METFORMIN HCL,MEDICINES,28,28,"July 02, 2025",adhoc,A;B;D;E;G;H;I;K;L;M;N;O;R;S;T;U;X;Y;Z;1;2;5
010114073202,KOMBIGLYZE XR; TABLET 5MG/1 Thousand MG,SAXAGLIPTIN/METFORMIN HCL,MEDICINES,68,68,"July 02, 2025",adhoc,A;B;D;E;G;H;I;K;L;M;N;O;R;S;T;U;X;Y;Z;1;5
010114073200,KOMBIGLYZE XR; TABLET 5MG/500MG,SAXAGLIPTIN/METFORMIN HCL,MEDICINES,68,68,"July 02, 2025",adhoc,A;B;E;G;I;K;L;M;O;R;S;T;X;Y;Z;0;5
010410011801,KOZTA; TABLET 100MG,SITAGLIPIN PHOSPHATE,MEDICINES,65,65,"July 02, 2025",adhoc,A;B;E;G;K;L;M;O;S;T;Z;0;1
010410011802,KOZTA; TABLET 50MG,SITAGLIPIN PHOSPHATE,MEDICINES,55,55,"July 02, 2025",adhoc,A;B;E;G;K;L;M;O;S;T;Z;0;5
0103070101,L-ALANINE/L-GLUTAMINE,,MEDICINES,2489,2489,"July 02, 2025",adhoc,A;E;G;I;L;M;N;T;U
0101080004,L-CARNITINE,,MEDICINES,41,138,"September 08, 2025",adhoc,A;C;E;I;L;N;R;T
0101200030,L-LYSINEHCL/FERRIC PYROPHOSPHATE/ELEMENTAL IRON,,MEDICINES,242,242,"September 08, 2025",adhoc,A;C;E;F;H;I;L;M;N;O;P;R;S;T;Y
0101110207,L-ORNITHINE-L-ASPARTATE,,MEDICINES,474,860,"February 07, 2026",adhoc,A;E;H;I;L;N;O;P;R;S;T
0101080302,LABETALOL HCL,,MEDICINES,799,3929,"September 08, 2025",adhoc,A;B;C;E;H;L;O;T
0101080706,LACIDIPINE,,MEDICINES,50,80,"February 07, 2026",adhoc,A;C;D;E;I;L;N;P
0101090021,LACOSAMIDE,,MEDICINES,54,5528,"September 08, 2025",adhoc,A;C;D;E;I;L;M;O;S
0100110018,LACTATED RINGERS,,MEDICINES,209,301,"February 07, 2026",adhoc,A;C;D;E;G;I;L;N;R;S;T
0101180442,LACTIC ACID/CHAMOMILE EXTR,,MEDICINES,355,355,"September 08, 2025",adhoc,A;C;D;E;H;I;L;M;O;R;T;X
0101180506,LACTIC ACID/SALICYLIC ACID,,MEDICINES,1196,1196,"September 08, 2025",adhoc,A;C;D;I;L;S;T;Y
0101120208,LACTO SERUM/LACTIC ACID,,MEDICINES,283,283,"September 08, 2025",adhoc,A;C;D;E;I;L;M;O;R;S;T;U
0101030815,LACTOBACILLUS ACIDOPHILUS/ESTRIOL,,MEDICINES,1464,1464,"February 07, 2026",adhoc,A;B;C;D;E;H;I;L;O;P;R;S;T;U
0101030199004,LACTOBACILLUS GASSERI/LACTOBACILLUS RHAMNOSUS,,MEDICINES,3177,3177,"September 08, 2025",adhoc,A;B;C;E;G;H;I;L;M;N;O;R;S;T;U
0101130509,LACTOBACILLUS REUTERI,,MEDICINES,60,1657,"February 07, 2026",adhoc,A;B;C;E;I;L;O;R;S;T;U
0101130502,LACTOBACILLUS/BIFIDUS BACTERIA/AMINO ACIDS/MULTIVI,,MEDICINES,90,90,"September 08, 2025",adhoc,A;B;C;D;E;F;I;L;M;N;O;R;S;T;U;V
0100130305,LACTULOSE,,MEDICINES,287,870,"September 08, 2025",adhoc,A;C;E;L;O;S;T;U
0101130305,LACTULOSE,,MEDICINES,287,870,"September 08, 2025",adhoc,A;C;E;L;O;S;T;U
0100160508,LAGUNDI,,MEDICINES,10,226,"September 08, 2025",adhoc,A;D;G;I;L;N;U
0101160508,LAGUNDI,,MEDICINES,10,226,"September 08, 2025",adhoc,A;D;G;I;L;N;U
0100030503,LAMIVUDINE,,MEDICINES,113,369,"September 08, 2025",adhoc,A;D;E;I;L;M;N;U;V
0100030517,LAMIVUDINE/TENOFOVIR,,MEDICINES,113,113,"July 02, 2025",adhoc,A;D;E;F;I;L;M;N;O;R;T;U;V
0100030518,LAMIVUDINE/TENOFOVIR/EFAVIRENZ,,MEDICINES,135,135,"July 02, 2025",adhoc,A;D;E;F;I;L;M;N;O;R;T;U;V;Z
0100030516,LAMIVUDINE/ZIDOVUDINE,,MEDICINES,113,113,"July 02, 2025",adhoc,A;D;E;I;L;M;N;O;U;V;Z
0100090009,LAMOTRIGINE,,MEDICINES,45,121,"February 07, 2026",adhoc,A;E;G;I;L;M;N;O;R;T
0101090009,LAMOTRIGINE,,MEDICINES,45,121,"February 07, 2026",adhoc,A;E;G;I;L;M;N;O;R;T
0100080101,LANOXIN,,MEDICINES,981,981,"February 07, 2026",adhoc,A;I;L;N;O;X
0100131001,LANSOPRAZOLE,,MEDICINES,63,1671,"September 08, 2025",adhoc,A;E;L;N;O;P;R;S;Z
0101131002,LANSOPRAZOLE,,MEDICINES,63,1671,"September 08, 2025",adhoc,A;E;L;N;O;P;R;S;Z
0104030011,LAPATINIB DITOSYLATE,,MEDICINES,486,486,"July 02, 2025",adhoc,A;B;D;E;I;L;N;O;P;S;T;Y
0100120700,LATANOPROST,,MEDICINES,2182,2182,"July 02, 2025",adhoc,A;L;N;O;P;R;S;T
0101120700,LATANOPROST/TIMOLOL,,MEDICINES,3332,3332,"February 07, 2026",adhoc,A;I;L;M;N;O;P;R;S;T
0101090402,LEMBOREXANT,,MEDICINES,145,145,"July 02, 2025",adhoc,A;B;E;L;M;N;O;R;T;X
01010400103,LENALIDOMIDE,,MEDICINES,409,1627,"July 02, 2025",adhoc,A;D;E;I;L;M;N;O
0104040201,LENOGRASTIM,,MEDICINES,5599,5599,"July 02, 2025",adhoc,A;E;G;I;L;M;N;O;R;S;T
0101040085,LENVATINIB,,MEDICINES,6685,8200,"February 07, 2026",adhoc,A;B;E;I;L;N;T;V
010009020300,LEPONEX; TABLET 100MG,CLOZAPINE,MEDICINES,77,77,"July 02, 2025",adhoc,A;B;C;E;G;L;M;N;O;P;T;X;0;1
010009020301,LEPONEX; TABLET 25MG,CLOZAPINE,MEDICINES,23,23,"July 02, 2025",adhoc,A;B;C;E;G;L;M;N;O;P;T;X;2;5
0104050407,LERCANIDIPINE,,MEDICINES,30,41,"July 02, 2025",adhoc,A;C;D;E;I;L;N;P;R
0101030516,LERONLIMAB,,MEDICINES,0,0,"July 02, 2025",adhoc,A;B;E;I;L;M;N;O;R
0101030520,LETERMOVIR,,MEDICINES,312984,312984,"July 02, 2025",adhoc,E;I;L;M;O;R;T;V
0100040036,LETROZOLE,,MEDICINES,503,542,"July 02, 2025",adhoc,E;L;O;R;T;Z
0100040039,LEUPRORELIN ACETATE,,MEDICINES,14681,37985,"February 07, 2026",adhoc,A;C;E;I;L;N;O;P;R;T;U
0101080719,LEVAMLODIPINE,,MEDICINES,11,61,"September 08, 2025",adhoc,A;D;E;I;L;M;N;O;P;V
0104050404,LEVAMLODIPINE,,MEDICINES,11,61,"September 08, 2025",adhoc,A;D;E;I;L;M;N;O;P;V
0100090010,LEVETIRACETAM,,MEDICINES,26,5128,"February 07, 2026",adhoc,A;C;E;I;L;M;R;T;V
0101090010,LEVETIRACETAM,,MEDICINES,26,5128,"February 07, 2026",adhoc,A;C;E;I;L;M;R;T;V
0103060201,LEVETIRACETAM,,MEDICINES,26,5128,"February 07, 2026",adhoc,A;C;E;I;L;M;R;T;V
0100010018,LEVOBUPIVACAINE HCL,,MEDICINES,311,311,"July 02, 2025",adhoc,A;B;C;E;H;I;L;N;O;P;U;V
0101020104,LEVOCETIRIZINE DIHCL,,MEDICINES,55,620,"February 07, 2026",adhoc,C;D;E;H;I;L;N;O;R;T;V;Z
0101020108,LEVOCETIRIZINE DIHCL/BETAMETHASONE SOD PHOSPHATE,,MEDICINES,55,55,"September 08, 2025",adhoc,A;B;C;D;E;H;I;L;M;N;O;P;R;S;T;V;Z
0101210403,LEVODOPA/BENSERAZIDE HCL,,MEDICINES,60,60,"September 08, 2025",adhoc,A;B;C;D;E;H;I;L;N;O;P;R;S;V;Z
0100210402,LEVODOPA/CARBIDOPA,,MEDICINES,41,131,"February 07, 2026",adhoc,A;B;C;D;E;I;L;O;P;R;V
0101210404,LEVODOPA/CARBIDOPA/ENTACAPONE,,MEDICINES,149,184,"September 08, 2025",adhoc,A;B;C;D;E;I;L;N;O;P;R;T;V
0101160002,LEVODROPROPIZINE,,MEDICINES,46,1376,"February 07, 2026",adhoc,D;E;I;L;N;O;P;R;V;Z
0100030160,LEVOFLOXACIN,,MEDICINES,132,3436,"September 08, 2025",adhoc,A;C;E;F;I;L;N;O;V;X
0101030160,LEVOFLOXACIN,,MEDICINES,132,3436,"September 08, 2025",adhoc,A;C;E;F;I;L;N;O;V;X
0101090208,LEVOMEPROMAZINE,,MEDICINES,15,38,"September 08, 2025",adhoc,A;E;I;L;M;N;O;P;R;V;Z
0101140300,LEVONORGESTREL/ETHINYLESTRADIOL,,MEDICINES,389,389,"September 08, 2025",adhoc,A;D;E;G;H;I;L;N;O;R;S;T;V;Y
01010811004,LEVOSIMENDAN,,MEDICINES,76112,76112,"December 18, 2025",adhoc,A;D;E;I;L;M;N;O;S;V
0100141200,LEVOTHYROXINE,,MEDICINES,9,49,"February 07, 2026",adhoc,E;H;I;L;N;O;R;T;V;X;Y
0101141200,LEVOTHYROXINE,,MEDICINES,9,49,"February 07, 2026",adhoc,E;H;I;L;N;O;R;T;V;X;Y
0100010006,LIDOCAINE,,MEDICINES,57,1187,"February 07, 2026",adhoc,A;C;D;E;I;L;N;O
0101010006,LIDOCAINE,,MEDICINES,57,1187,"February 07, 2026",adhoc,A;C;D;E;I;L;N;O
0100010007,LIDOCAINE HCL,,MEDICINES,102,4488,"September 08, 2025",adhoc,A;C;D;E;H;I;L;N;O
0101010008,LIDOCAINE HCL/CHLORHEXIDINE DIHCL,,MEDICINES,426,611,"February 07, 2026",adhoc,A;C;D;E;H;I;L;N;O;R;X
0101010019,LIDOCAINE HCL/EPINEPHRINE BITARTRATE,,MEDICINES,81,81,"December 01, 2025",adhoc,A;B;C;D;E;H;I;L;N;O;P;R;T
0101010018,LIDOCAINE HCL/EPINEPHRINE HCL,,MEDICINES,83,83,"September 08, 2025",adhoc,A;C;D;E;H;I;L;N;O;P;R
0100010017,LIDOCAINE HCL/PHENYLEPHRINE HCL,,MEDICINES,13,4635,"September 08, 2025",adhoc,A;C;D;E;H;I;L;N;O;P;R;Y
0101010020,LIDOCAINE HCL/PHENYLEPHRINE HCL,,MEDICINES,13,4635,"September 08, 2025",adhoc,A;C;D;E;H;I;L;N;O;P;R;Y
0101180405,LIGHT LIQUID PARAFFIN,,MEDICINES,521,521,"February 07, 2026",adhoc,A;D;F;G;H;I;L;N;P;Q;R;T;U
0104100109,LINAGLIPTIN,,MEDICINES,55,55,"July 02, 2025",adhoc,A;G;I;L;N;P;T
0104100111,LINAGLIPTIN/METFORMIN HCL,,MEDICINES,30,30,"July 02, 2025",adhoc,A;C;E;F;G;H;I;L;M;N;O;P;R;T
0100030161,LINEZOLID,,MEDICINES,2474,10189,"February 07, 2026",adhoc,D;E;I;L;N;O;Z
0101212403,LINOLEIC ACID/LINOLENIC ACID/TOCOPHEROL/ANISEED,,MEDICINES,1434,1434,"September 08, 2025",adhoc,A;C;D;E;H;I;L;N;O;P;R;S;T
0100110213,LIPIDS/OMEGA-3,,MEDICINES,2833,2833,"February 07, 2026",adhoc,A;D;E;G;I;L;M;O;P;S;3
0101200001,LIPOIC ACID/FATTY ACIDS/VIT E/VIT B COMPLEX,,MEDICINES,146,146,"September 08, 2025",adhoc,A;B;C;D;E;F;I;L;M;O;P;S;T;V;X;Y
0100030223,LIPOSOMAL AMPHOTERICIN B,,MEDICINES,21279,21279,"July 02, 2025",adhoc,A;B;C;E;H;I;L;M;N;O;P;R;S;T
0101040040,LIPOSOMAL DOXORUBICIN,,MEDICINES,34599,65377,"July 02, 2025",adhoc,A;B;C;D;I;L;M;N;O;P;R;S;U;X
0104100117,LIRAGLUTIDE,,MEDICINES,3173,3173,"July 02, 2025",adhoc,A;D;E;G;I;L;R;T;U
0100090500,LITHIUM CARBONATE,,MEDICINES,13,27,"February 07, 2026",adhoc,A;B;C;E;H;I;L;M;N;O;R;T;U
0101090500,LITHIUM CARBONATE,,MEDICINES,13,27,"February 07, 2026",adhoc,A;B;C;E;H;I;L;M;N;O;R;T;U
0101170030,LIVE ATTENUATED RECOMBINANT JAPANESE ENCEPHALITIS,,MEDICINES,3423,3423,"July 02, 2025",adhoc,A;B;C;D;E;H;I;J;L;M;N;O;P;R;S;T;U;V
0100170017,LIVE VARICELLA VIRUS VACCINE,,MEDICINES,4181,4601,"February 07, 2026",adhoc,A;C;E;I;L;N;R;S;U;V
0101140737,LIXISENATIDE,,MEDICINES,2274,2274,"September 08, 2025",adhoc,A;D;E;I;L;N;S;T;X
010108060700,LOGIMAX ER; TABLET 5MG/47.5MG,FELODIPINE/METOPROLOL TARTRATE,MEDICINES,31,31,"July 02, 2025",adhoc,A;B;E;F;G;I;L;M;O;R;T;X;4;5;7
0101030162,LOMEFLOXACIN HCL,,MEDICINES,547,547,"September 08, 2025",adhoc,A;C;E;F;H;I;L;M;N;O;X
010113061001,LONOXIE; VIAL 250MCG/5ML,PALONOSETRON,MEDICINES,3666,3666,"July 02, 2025",adhoc,A;C;E;G;I;L;M;N;O;P;V;X;0;2;5
0100130100,LOPERAMIDE,,MEDICINES,18,44,"September 08, 2025",adhoc,A;D;E;I;L;M;O;P;R
0100030513,LOPINAVIR/RITONAVIR,,MEDICINES,60,113,"September 08, 2025",adhoc,A;I;L;N;O;P;R;T;V
0100020203,LORATADINE,,MEDICINES,38,503,"September 08, 2025",adhoc,A;D;E;I;L;N;O;R;T
0101020203,LORATADINE,,MEDICINES,38,503,"September 08, 2025",adhoc,A;D;E;I;L;N;O;R;T
0101020204,LORATADINE/BETAMETHASONE,,MEDICINES,83,83,"February 07, 2026",adhoc,A;B;D;E;H;I;L;M;N;O;R;S;T
0101020206,LORATADINE/PHENYLEPHRINE HCL,,MEDICINES,465,465,"February 07, 2026",adhoc,A;C;D;E;H;I;L;N;O;P;R;T;Y
01010400101,LORLATINIB,,MEDICINES,3309,9927,"July 02, 2025",adhoc,A;B;I;L;N;O;R;T
0100080905,LOSARTAN K,,MEDICINES,23,47,"September 08, 2025",adhoc,A;K;L;N;O;R;S;T
0103050403,LOSARTAN K,,MEDICINES,23,47,"September 08, 2025",adhoc,A;K;L;N;O;R;S;T
0101080718,LOSARTAN K/AMLODIPINE CAMSYLATE,,MEDICINES,49,60,"February 07, 2026",adhoc,A;C;D;E;I;K;L;M;N;O;P;R;S;T;Y
0100080906,LOSARTAN K/HCTZ,,MEDICINES,44,59,"September 08, 2025",adhoc,A;C;H;K;L;N;O;R;S;T;Z
0101080906,LOSARTAN K/HCTZ,,MEDICINES,44,59,"September 08, 2025",adhoc,A;C;H;K;L;N;O;R;S;T;Z
0101080716,LOSARTAN POTASSIUM/AMLODIPINE BESILATE,,MEDICINES,38,60,"February 07, 2026",adhoc,A;B;D;E;I;L;M;N;O;P;R;S;T;U
0103050404,LOSARTAN POTASSIUM/HCTZ,,MEDICINES,26,34,"September 08, 2025",adhoc,A;C;H;I;L;M;N;O;P;R;S;T;U;Z
0104050602,LOSARTAN POTASSIUM/HCTZ,,MEDICINES,26,34,"September 08, 2025",adhoc,A;C;H;I;L;M;N;O;P;R;S;T;U;Z
0101140035,LOTEPREDNOL ETABONATE,,MEDICINES,943,943,"September 08, 2025",adhoc,A;B;D;E;L;N;O;P;R;T
0101030817,LOTEPREDNOL ETABONATE/TOBRAMYCIN,,MEDICINES,906,906,"September 08, 2025",adhoc,A;B;C;D;E;I;L;M;N;O;P;R;T;Y
0101140750,LUSEOGLIFLOZIN HYDRATE,,MEDICINES,46,49,"July 02, 2025",adhoc,A;D;E;F;G;H;I;L;N;O;R;S;T;U;Y;Z
0101030198,LYMECYCLINE,,MEDICINES,177,177,"September 08, 2025",adhoc,C;E;I;L;M;N;Y
010004005400,MABTHERA; VIAL 100MG/10ML (REF),RITUXIMAB,MEDICINES,12244,12244,"July 02, 2025",adhoc,A;B;E;F;G;H;I;L;M;R;T;V;0;1
010004005401,MABTHERA; VIAL 500MG/50ML (REF),RITUXIMAB,MEDICINES,59606,59606,"July 02, 2025",adhoc,A;B;E;F;G;H;I;L;M;R;T;V;0;5
010302001201,MABTHERA; VIAL 500MG/50ML (REF) (RAP),RITUXIMAB,MEDICINES,41714,41714,"July 02, 2025",adhoc,A;B;E;F;G;H;I;L;M;P;R;T;V;0;5
0101080413,MACITENTAN,,MEDICINES,8336,8336,"September 08, 2025",adhoc,A;C;E;I;M;N;T
0101130002,MAGNESIUM OXIDE,,MEDICINES,13,13,"September 08, 2025",adhoc,A;D;E;G;I;M;N;O;S;U;X
0100110019,MAGNESIUM SULFATE,,MEDICINES,91,188,"February 07, 2026",adhoc,A;E;F;G;I;L;M;N;S;T;U
0100110305,MANNITOL,,MEDICINES,271,669,"September 08, 2025",adhoc,A;I;L;M;N;O;T
0100170035,MEASLES/MUMPS/ RUBELLA VACCINE,,MEDICINES,1676,1676,"September 08, 2025",adhoc,A;B;C;E;I;L;M;N;P;R;S;U;V
0100030000,MEBENDAZOLE,,MEDICINES,175,175,"September 08, 2025",adhoc,A;B;D;E;L;M;N;O;Z
0100050006,MEBEVERINE HCL,,MEDICINES,45,45,"July 02, 2025",adhoc,B;C;E;H;I;L;M;N;R;V
0101130601,MECLIZINE HCL,,MEDICINES,14,23,"September 08, 2025",adhoc,C;E;H;I;L;M;N;Z
0100200031,MECOBALAMIN,,MEDICINES,39,759,"September 08, 2025",adhoc,A;B;C;E;I;L;M;N;O
0101211503,MEDICATION CASSETTE,,MEDICINES,1947,3089,"July 02, 2025",adhoc,A;C;D;E;I;M;N;O;S;T
0100141001,MEDROXYPROGESTERONE,,MEDICINES,268,268,"September 08, 2025",adhoc,D;E;G;M;N;O;P;R;S;T;X;Y
0100141002,MEDROXYPROGESTERONE ACETATE,,MEDICINES,142,206,"September 08, 2025",adhoc,A;C;D;E;G;M;N;O;P;R;S;T;X;Y
0100000010,MEFENAMIC ACID,,MEDICINES,28,366,"February 07, 2026",adhoc,A;C;D;E;F;I;M;N
0101000010,MEFENAMIC ACID,,MEDICINES,28,366,"February 07, 2026",adhoc,A;C;D;E;F;I;M;N
0100040041,MEGESTROL,,MEDICINES,362,362,"July 02, 2025",adhoc,E;G;L;M;O;R;S;T
0101211201,MELADININE,,MEDICINES,5219,5219,"September 08, 2025",adhoc,A;D;E;I;L;M;N
0101200060,MELATONIN,,MEDICINES,37,37,"September 08, 2025",adhoc,A;E;I;L;M;N;O;T
0101000011,MELOXICAM,,MEDICINES,110,165,"February 07, 2026",adhoc,A;C;E;I;L;M;O;X
0100040042,MELPHALAN,,MEDICINES,39,195414,"September 08, 2025",adhoc,A;E;H;L;M;N;P
0101040042,MELPHALAN,,MEDICINES,39,195414,"September 08, 2025",adhoc,A;E;H;L;M;N;P
0101210101,MEMANTINE,,MEDICINES,454,454,"September 08, 2025",adhoc,A;E;I;M;N;T
0100210101,MEMANTINE HCL,,MEDICINES,60,3031,"September 08, 2025",adhoc,A;C;E;H;I;L;M;N;T
0101200032,MENADIONE,,MEDICINES,6,6,"September 08, 2025",adhoc,A;D;E;I;M;N;O
0100170018,MENINGOCOCCAL POLYSACCHARIDE,,MEDICINES,4653,4653,"February 07, 2026",adhoc,A;C;D;E;G;H;I;L;M;N;O;P;R;S;Y
0100170041,MENINGOCOCCAL POLYSACCHARIDE A C W-135 Y,,MEDICINES,4858,4858,"July 02, 2025",adhoc,A;C;D;E;G;H;I;L;M;N;O;P;R;S;W;Y;1;3;5
0101170031,MENINGOCOCCAL POLYSACCHARIDE DIPHTHERIA,,MEDICINES,5119,5119,"September 08, 2025",adhoc,A;C;D;E;G;H;I;L;M;N;O;P;R;S;T;Y
0100040043,MERCAPTOPURINE,,MEDICINES,93,93,"February 07, 2026",adhoc,A;C;E;I;M;N;O;P;R;T;U
0100030163,MEROPENEM,,MEDICINES,2983,2983,"September 08, 2025",adhoc,E;M;N;O;P;R
01000301100,MEROPENEM TRIHYDRATE,,MEDICINES,1556,6830,"February 07, 2026",adhoc,A;D;E;H;I;M;N;O;P;R;T;Y
0100180102,MESALAZINE,,MEDICINES,123,402,"February 07, 2026",adhoc,A;E;I;L;M;N;S;Z
0101180102,MESALAZINE,,MEDICINES,123,402,"February 07, 2026",adhoc,A;E;I;L;M;N;S;Z
0100040044,MESNA,,MEDICINES,264,380,"July 02, 2025",adhoc,A;E;M;N;S
0101130405,METADOXINE,,MEDICINES,184,184,"September 08, 2025",adhoc,A;D;E;I;M;N;O;T;X
0100140716,METFORMIN,,MEDICINES,13,55,"September 08, 2025",adhoc,E;F;I;M;N;O;R;T
0101140716,METFORMIN,,MEDICINES,13,55,"September 08, 2025",adhoc,E;F;I;M;N;O;R;T
0100140717,METFORMIN HCL,,MEDICINES,9,14,"February 07, 2026",adhoc,C;E;F;H;I;L;M;N;O;R;T
0101140717,METFORMIN HCL,,MEDICINES,9,14,"February 07, 2026",adhoc,C;E;F;H;I;L;M;N;O;R;T
0101140718,METFORMIN/GLIBENCLAMIDE,,MEDICINES,27,39,"September 08, 2025",adhoc,A;B;C;D;E;F;G;I;L;M;N;O;R;T
0100040045,METHOTREXATE,,MEDICINES,16,11870,"February 07, 2026",adhoc,A;E;H;M;O;R;T;X
0103020011,METHOTREXATE,,MEDICINES,16,11870,"February 07, 2026",adhoc,A;E;H;M;O;R;T;X
0101180450,METHOXSALEN,,MEDICINES,4546,4546,"July 02, 2025",adhoc,A;E;H;L;M;N;O;S;T;X
0101070003,METHOXYPOLYETHYLENE GLYCOL-EPOETIN BETA,,MEDICINES,6774,24805,"February 07, 2026",adhoc,A;B;C;E;G;H;I;L;M;N;O;P;T;X;Y
0100081100,METHYLDOPA,,MEDICINES,38,38,"February 07, 2026",adhoc,A;D;E;H;L;M;O;P;T;Y
0100150002,METHYLERGOMETRINE,,MEDICINES,8,527,"September 08, 2025",adhoc,E;G;H;I;L;M;N;O;R;T;Y
0101150002,METHYLERGOMETRINE,,MEDICINES,8,527,"September 08, 2025",adhoc,E;G;H;I;L;M;N;O;R;T;Y
0100150003,METHYLERGOMETRINE MALEATE,,MEDICINES,325,325,"September 08, 2025",adhoc,A;E;G;H;I;L;M;N;O;R;T;Y
0100090901,METHYLPHENIDATE,,MEDICINES,139,139,"February 07, 2026",adhoc,A;D;E;H;I;L;M;N;P;T;Y
0100140022,METHYLPREDNISOLONE,,MEDICINES,15,772,"February 07, 2026",adhoc,D;E;H;I;L;M;N;O;P;R;S;T;Y
0101140019,METHYLPREDNISOLONE,,MEDICINES,15,772,"February 07, 2026",adhoc,D;E;H;I;L;M;N;O;P;R;S;T;Y
0101140020,METHYLPREDNISOLONE ACEPONATE,,MEDICINES,1047,1047,"September 08, 2025",adhoc,A;C;D;E;H;I;L;M;N;O;P;R;S;T;Y
0100140021,METHYLPREDNISOLONE SODIUM SUCCINATE,,MEDICINES,599,10606,"February 07, 2026",adhoc,A;C;D;E;H;I;L;M;N;O;P;R;S;T;U;Y
0100130602,METOCLOPRAMIDE,,MEDICINES,14,203,"February 07, 2026",adhoc,A;C;D;E;I;L;M;O;P;R;T
0100130603,METOCLOPRAMIDE,,MEDICINES,14,203,"February 07, 2026",adhoc,A;C;D;E;I;L;M;O;P;R;T
0100130604,METOCLOPRAMIDE HCL,,MEDICINES,120,120,"February 07, 2026",adhoc,A;C;D;E;H;I;L;M;O;P;R;T
0104050703,METOLAZONE,,MEDICINES,25,25,"July 02, 2025",adhoc,A;E;L;M;N;O;T;Z
0101080609,METOPROLOL SUCCINATE,,MEDICINES,11,79,"February 07, 2026",adhoc,A;C;E;I;L;M;N;O;P;R;S;T;U
0100080610,METOPROLOL TARTRATE,,MEDICINES,8,1411,"February 07, 2026",adhoc,A;E;L;M;O;P;R;T
0100080611,METOPROLOL TARTRATE,,MEDICINES,8,1411,"February 07, 2026",adhoc,A;E;L;M;O;P;R;T
0101080608,METOPROLOL TARTRATE/HCTZ,,MEDICINES,104,104,"September 08, 2025",adhoc,A;C;E;H;L;M;O;P;R;T;Z
01010811003,METOPROLOL TARTRATE/IVABRADINE,,MEDICINES,107,113,"September 08, 2025",adhoc,A;B;D;E;I;L;M;N;O;P;R;T;V
010111030601,METOZ; TABLET 5MG,METOLAZONE,MEDICINES,25,25,"July 02, 2025",adhoc,A;B;E;G;L;M;O;T;Z;5
0100030600,METRONIDAZOLE,,MEDICINES,21,315,"September 08, 2025",adhoc,A;D;E;I;L;M;N;O;R;T;Z
0103010200,METRONIDAZOLE,,MEDICINES,21,315,"September 08, 2025",adhoc,A;D;E;I;L;M;N;O;R;T;Z
0101030809,METRONIDAZOLE/MICONAZOLE,,MEDICINES,234,340,"February 07, 2026",adhoc,A;C;D;E;I;L;M;N;O;R;T;Z
0101030821,METRONIDAZOLE/MICONAZOLE/LIDOCAINE,,MEDICINES,373,373,"September 08, 2025",adhoc,A;C;D;E;I;L;M;N;O;R;T;Z
0101030810,METRONIDAZOLE/NYSTATIN,,MEDICINES,264,264,"September 08, 2025",adhoc,A;D;E;I;L;M;N;O;R;S;T;Y;Z
010114080002,MIACALCIC; NASAL SPRAY 200 UNITS/DOSE (REF),CALCITONIN SALMON,MEDICINES,4274,4274,"July 02, 2025",adhoc,A;C;D;E;F;I;L;M;N;O;P;R;S;T;U;Y;0;2
0100030222,MICAFUNGIN SODIUM,,MEDICINES,9911,9911,"February 07, 2026",adhoc,A;C;D;F;G;I;M;N;O;S;U
0100030225,MICAFUNGIN SODIUM/SODIUM CHLORIDE,,MEDICINES,9067,9067,"December 03, 2025",adhoc,A;C;D;E;F;G;H;I;L;M;N;O;R;S;U
010108091100,MICARDIS PLUS; TABLET 40MG/12.5MG,TELMISARTAN/HCTZ,MEDICINES,27,27,"July 02, 2025",adhoc,A;B;C;D;E;G;I;L;M;P;R;S;T;U;0;1;2;4;5
010108091101,MICARDIS PLUS; TABLET 80MG/12.5MG,TELMISARTAN/HCTZ,MEDICINES,48,48,"July 02, 2025",adhoc,A;B;C;D;E;G;I;L;M;P;R;S;T;U;0;1;2;5;8
010008091000,MICARDIS; TABLET 40MG,TELMISARTAN,MEDICINES,27,27,"July 02, 2025",adhoc,A;B;C;D;E;G;I;L;M;R;S;T;0;4
010008091001,MICARDIS; TABLET 80MG,TELMISARTAN,MEDICINES,48,48,"July 02, 2025",adhoc,A;B;C;D;E;G;I;L;M;R;S;T;0;8
0100030212,MICONAZOLE,,MEDICINES,449,1054,"September 08, 2025",adhoc,A;C;E;I;L;M;N;O;Z
0101030212,MICONAZOLE,,MEDICINES,449,1054,"September 08, 2025",adhoc,A;C;E;I;L;M;N;O;Z
0100090011,MIDAZOLAM,,MEDICINES,48,492,"September 08, 2025",adhoc,A;D;I;L;M;O;Z
0101050305,MIDODRINE HCL,,MEDICINES,132,363,"September 08, 2025",adhoc,C;D;E;H;I;L;M;N;O;R
0101110215,MILK FORMULA,,MEDICINES,321,3474,"September 08, 2025",adhoc,A;F;I;K;L;M;O;R;U
0101211801,MILK FORMULA,,MEDICINES,321,3474,"September 08, 2025",adhoc,A;F;I;K;L;M;O;R;U
0101080414,MILRINONE,,MEDICINES,3346,3346,"July 02, 2025",adhoc,E;I;L;M;N;O;R
0101130313,MINERAL OIL,,MEDICINES,124,217,"February 07, 2026",adhoc,A;E;I;L;M;N;O;R
0101180426,MINERAL OIL,,MEDICINES,124,217,"February 07, 2026",adhoc,A;E;I;L;M;N;O;R
0101120413,MINERAL OILS/GLYCEROL/POLOXAMER 188/TROMETTHAMINE,,MEDICINES,45,45,"September 08, 2025",adhoc,A;C;E;G;H;I;L;M;N;O;P;R;S;T;X;Y;1;8
0101110301000,MINIRIN MELT; TABLET 60MCG,DESMOPRESSIN ACETATE,MEDICINES,57,57,"July 02, 2025",adhoc,A;B;C;D;E;G;I;L;M;N;R;T;0;6
010011030100,MINIRIN; TABLET 100MCG,DESMOPRESSIN ACETATE,MEDICINES,70,70,"July 02, 2025",adhoc,A;B;C;D;E;G;I;L;M;N;R;T;0;1
0101030164,MINOCYCLINE,,MEDICINES,91,148,"September 08, 2025",adhoc,C;E;I;L;M;N;O;Y
0101212401,MINOXIDIL,,MEDICINES,2638,2638,"September 08, 2025",adhoc,D;I;L;M;N;O;X
0101050214,MIRABEGRON,,MEDICINES,126,126,"February 07, 2026",adhoc,A;B;E;G;I;M;N;O;R
0101090104,MIRTAZAPINE,,MEDICINES,123,200,"February 07, 2026",adhoc,A;E;I;M;N;P;R;T;Z
010108091405,MISTACOR AM; TABLET 40MG/10MG,TELMISARTAN/AMLODIPINE,MEDICINES,27,27,"July 02, 2025",adhoc,A;B;C;E;G;I;L;M;O;R;S;T;0;1;4
010108091404,MISTACOR AM; TABLET 40MG/5MG,TELMISARTAN/AMLODIPINE,MEDICINES,27,27,"July 02, 2025",adhoc,A;B;C;E;G;I;L;M;O;R;S;T;0;4;5
010108091407,MISTACOR AM; TABLET 80MG/10MG,TELMISARTAN/AMLODIPINE,MEDICINES,38,38,"July 02, 2025",adhoc,A;B;C;E;G;I;L;M;O;R;S;T;0;1;8
010108091406,MISTACOR AM; TABLET 80MG/5MG,TELMISARTAN/AMLODIPINE,MEDICINES,38,38,"July 02, 2025",adhoc,A;B;C;E;G;I;L;M;O;R;S;T;0;5;8
0104030005,MITOMYCIN,,MEDICINES,1961,1961,"July 02, 2025",adhoc,C;I;M;N;O;T;Y
0100040048,MITOXANTRONE HCL,,MEDICINES,11970,11970,"July 02, 2025",adhoc,A;C;E;H;I;L;M;N;O;R;T;X
0100110604,MODIFIED FLUID GELATIN,,MEDICINES,2645,2645,"September 08, 2025",adhoc,A;D;E;F;G;I;L;M;N;O;T;U
0101030517,MOLNUPIRAVIR,,MEDICINES,81,204,"September 08, 2025",adhoc,A;I;L;M;N;O;P;R;U;V
0101160120,MOMETASONE FUROATE,,MEDICINES,555,1644,"February 07, 2026",adhoc,A;E;F;M;N;O;R;S;T;U
0101180104,MOMETASONE FUROATE,,MEDICINES,555,1644,"February 07, 2026",adhoc,A;E;F;M;N;O;R;S;T;U
0100130306,MONOBASIC NA PHOSPHATE/DIBASIC NA PHOSPHATE,,MEDICINES,424,546,"February 07, 2026",adhoc,A;B;C;D;E;H;I;M;N;O;P;S;T
0101130306,MONOBASIC NA PHOSPHATE/DIBASIC NA PHOSPHATE,,MEDICINES,424,546,"February 07, 2026",adhoc,A;B;C;D;E;H;I;M;N;O;P;S;T
0100160201,MONTELUKAST,,MEDICINES,42,65,"September 08, 2025",adhoc,A;E;K;L;M;N;O;S;T;U
0101160201,MONTELUKAST,,MEDICINES,42,65,"September 08, 2025",adhoc,A;E;K;L;M;N;O;S;T;U
0100160204,MONTELUKAST NA,,MEDICINES,39,47,"September 08, 2025",adhoc,A;E;K;L;M;N;O;S;T;U
0101160202,MONTELUKAST NA/LEVOCETIRIZINE DIHCL,,MEDICINES,39,61,"February 07, 2026",adhoc,A;C;D;E;H;I;K;L;M;N;O;R;S;T;U;V;Z
0101200033,MORINGA OLEIFERA,,MEDICINES,20,20,"September 08, 2025",adhoc,A;E;F;G;I;L;M;N;O;R
0101200069,MORINGA OLEIFERA/FERROUS SULFATE/FOLIC ACID/CYANOC,,MEDICINES,22,22,"September 08, 2025",adhoc,A;C;D;E;F;G;I;L;M;N;O;R;S;T;U;Y
0101070608,MOROCTOCOG ALFA,,MEDICINES,9804,19608,"July 02, 2025",adhoc,A;C;F;G;L;M;O;R;T
0100000204,MORPHINE SULFATE,,MEDICINES,159,394,"February 07, 2026",adhoc,A;E;F;H;I;L;M;N;O;P;R;S;T;U
0101131102,MOSAPRIDE,,MEDICINES,61,125,"September 08, 2025",adhoc,A;D;E;I;M;O;P;R;S
0100030165,MOXIFLOXACIN,,MEDICINES,367,1910,"February 07, 2026",adhoc,A;C;F;I;L;M;N;O;X
0101030165,MOXIFLOXACIN,,MEDICINES,367,1910,"February 07, 2026",adhoc,A;C;F;I;L;M;N;O;X
0101030813,MOXIFLOXACIN/DEXAMETHASONE,,MEDICINES,853,920,"July 02, 2025",adhoc,A;C;D;E;F;H;I;L;M;N;O;S;T;X
0100030166,MOXIFLOXACINHCL,,MEDICINES,958,958,"February 07, 2026",adhoc,A;C;F;H;I;L;M;N;O;X
0101130506,MULTISTRAIN PROBIOTIC,,MEDICINES,53,134,"September 08, 2025",adhoc,A;B;C;I;L;M;N;O;P;R;S;T;U
0101200107,MULTISTRAIN PROBIOTIC,,MEDICINES,53,134,"September 08, 2025",adhoc,A;B;C;I;L;M;N;O;P;R;S;T;U
0100200034,MULTIVITAMINS,,MEDICINES,12,375,"February 07, 2026",adhoc,A;I;L;M;N;S;T;U;V
0101200034,MULTIVITAMINS,,MEDICINES,12,375,"February 07, 2026",adhoc,A;I;L;M;N;S;T;U;V
0101200103,MULTIVITAMINS/DEXTROSE,,MEDICINES,1940,1940,"September 08, 2025",adhoc,A;D;E;I;L;M;N;O;R;S;T;U;V;X
0101200035,MULTIVITAMINS/GINSENG,,MEDICINES,44,44,"September 08, 2025",adhoc,A;E;G;I;L;M;N;S;T;U;V
0101200036,MULTIVITAMINS/IRON,,MEDICINES,40,136,"February 07, 2026",adhoc,A;I;L;M;N;O;R;S;T;U;V
0101200019,MULTIVITAMINS/IRON/DOCUSATE SODIUM,,MEDICINES,32,32,"September 08, 2025",adhoc,A;C;D;E;I;L;M;N;O;R;S;T;U;V
0101200037,MULTIVITAMINS/LYSINE,,MEDICINES,446,446,"September 08, 2025",adhoc,A;E;I;L;M;N;S;T;U;V;Y
0101200038,MULTIVITAMINS/MINERALS,,MEDICINES,14,283,"September 08, 2025",adhoc,A;E;I;L;M;N;R;S;T;U;V
010120010,MULTIVITAMINS/MINERALS/COPPER,,MEDICINES,14,14,"September 08, 2025",adhoc,A;C;E;I;L;M;N;O;P;R;S;T;U;V
0101200039,MULTIVITAMINS/MINERALS/DEANOL/GINSENG EXTRACT,,MEDICINES,43,43,"July 02, 2025",adhoc,A;C;D;E;G;I;L;M;N;O;R;S;T;U;V;X
0101200040,MULTIVITAMINS/MINERALS/IRON,,MEDICINES,18,18,"September 08, 2025",adhoc,A;E;I;L;M;N;O;R;S;T;U;V
0101200094,MULTIVITAMINS/MINERALS/LYSINE,,MEDICINES,244,244,"September 08, 2025",adhoc,A;E;I;L;M;N;R;S;T;U;V;Y
0101200106,MULTIVITAMINS/SILYBIN-PHOSPHATIDYLCHOLINE,,MEDICINES,69,69,"February 07, 2026",adhoc,A;B;C;D;E;H;I;L;M;N;O;P;S;T;U;V;Y
0101200041,MULTIVITAMINS/TAURINE/CHORELLAGROWTH,,MEDICINES,312,312,"February 07, 2026",adhoc,A;C;E;G;H;I;L;M;N;O;R;S;T;U;V;W
0101200042,MULTIVITAMINS/VIT C,,MEDICINES,450,450,"September 08, 2025",adhoc,A;C;I;L;M;N;S;T;U;V
0100030167,MUPIROCIN,,MEDICINES,462,1559,"February 07, 2026",adhoc,C;I;M;N;O;P;R;U
0101030167,MUPIROCIN,,MEDICINES,462,1559,"February 07, 2026",adhoc,C;I;M;N;O;P;R;U
0101140037,MUPIROCIN/BETAMETHASONE DIPROPIONATE,,MEDICINES,874,874,"September 08, 2025",adhoc,A;B;C;D;E;H;I;M;N;O;P;R;S;T;U
010104000302,MVASI; VIAL 100MG/4ML (REF),BEVACIZUMAB,MEDICINES,15282,15282,"July 02, 2025",adhoc,A;B;E;F;G;I;L;M;R;S;V;0;1;4
010104000303,MVASI; VIAL 400MG/16ML (REF),BEVACIZUMAB,MEDICINES,54032,54032,"July 02, 2025",adhoc,A;B;E;F;G;I;L;M;R;S;V;0;1;4;6
0103110203,MYCOPHENOLATE SODIUM,,MEDICINES,94,94,"July 02, 2025",adhoc,A;C;D;E;H;I;L;M;N;O;P;S;T;U;Y
0100211002,MYCOPHENOLATEMOFETIL,,MEDICINES,153,217,"September 08, 2025",adhoc,A;C;E;F;H;I;L;M;N;O;P;T;Y
010021100601,MYFORTIC; TABLET 360MG,MYCOPHENOLATE SODIUM,MEDICINES,94,94,"July 02, 2025",adhoc,A;B;C;E;F;G;I;L;M;O;R;T;Y;0;3;6
0101040047001,MYTOXID; VIAL 10MG,MITOMYCIN,MEDICINES,1961,1961,"July 02, 2025",adhoc,A;D;G;I;L;M;O;T;V;X;Y;0;1
0100210202,N-ACETYLCYSTEINE,,MEDICINES,3747,3747,"September 08, 2025",adhoc,A;C;E;I;L;N;S;T;Y
0101180408,N-BUTYL-2-CYANOACRYLATE,,MEDICINES,2990,2990,"September 08, 2025",adhoc,A;B;C;E;L;N;O;R;T;U;Y;2
0100110021,NA CHLORIDE/TRI NA CITRATE DIHYDRATE/POTASSIUM CH,,MEDICINES,27,30,"September 08, 2025",adhoc,A;C;D;E;H;I;L;M;N;O;P;R;S;T;U;Y
0104080001,NA DIHYDRO AZAPENTACENE,,MEDICINES,314,314,"July 02, 2025",adhoc,A;C;D;E;H;I;N;O;P;R;T;Y;Z
0100110042,NACL/KCL/CACL DIHYDRATE/MGCL HEXAHYDRATE,,MEDICINES,1248,1641,"September 08, 2025",adhoc,A;C;D;E;G;H;I;K;L;M;N;R;T;X;Y
0100110041,NACL/KCL/DIBASIC SOD PHOSPHATE/SODIUM BICARBONATE,,MEDICINES,4883,4883,"September 08, 2025",adhoc,A;B;C;D;E;H;I;K;L;M;N;O;P;R;S;T;U
0101180407,NACOCOYLISETHIONATE,,MEDICINES,186,1253,"September 08, 2025",adhoc,A;C;E;H;I;L;N;O;S;T;Y
0101030199016,NADIFLOXACIN,,MEDICINES,764,2969,"February 07, 2026",adhoc,A;C;D;F;I;L;N;O;X
0101070105,NADROPARIN CALCIUM,,MEDICINES,595,1390,"September 08, 2025",adhoc,A;C;D;I;L;M;N;O;P;R;U
0104040001,NADROPARIN CALCIUM,,MEDICINES,595,1390,"September 08, 2025",adhoc,A;C;D;I;L;M;N;O;P;R;U
0100000205,NALBUPHINE,,MEDICINES,288,363,"September 08, 2025",adhoc,A;B;E;H;I;L;N;P;U
0100210203,NALOXONE HCL,,MEDICINES,989,2472,"February 07, 2026",adhoc,A;C;E;H;L;N;O;X
0100210207,NALTREXONE HCL,,MEDICINES,214,214,"July 02, 2025",adhoc,A;C;E;H;L;N;O;R;T;X
0100000012,NAPROXEN SODIUM,,MEDICINES,20,51,"September 08, 2025",adhoc,A;D;E;I;M;N;O;P;R;S;U;X
0101000022,NAPROXEN SODIUM/PARACETAMOL,,MEDICINES,36,36,"July 02, 2025",adhoc,A;C;D;E;I;L;M;N;O;P;R;S;T;U;X
010113060601,NASEA OD; TABLET 100MCG,RAMOSETRON,MEDICINES,839,839,"July 02, 2025",adhoc,A;B;C;D;E;G;L;M;N;O;R;S;T;0;1
010113060600,NASEA; AMPULE 300MCG/2ML,RAMOSETRON,MEDICINES,1420,1420,"July 02, 2025",adhoc,A;C;E;G;L;M;N;P;R;S;U;0;2;3
010011030402,NATRIXAM; TABLET 1.5MG/10MG,INDAPAMIDE/AMLODIPINE BESYLATE,MEDICINES,28,28,"July 02, 2025",adhoc,A;B;E;G;I;L;M;N;R;T;X;0;1;5
0100140402,NATURAL CONJUGATED ESTROGENS,,MEDICINES,78,78,"February 07, 2026",adhoc,A;C;D;E;G;J;L;N;O;R;S;T;U
0101180418,NATURAL LIPIDS/PALMITOYL ETHANOL AMIDE EMOLLIENT,,MEDICINES,1310,2611,"July 02, 2025",adhoc,A;D;E;H;I;L;M;N;O;P;R;S;T;U;Y
0101160102,NATURAL SEAWATER,,MEDICINES,1518,1518,"July 02, 2025",adhoc,A;E;L;N;R;S;T;U;W
0101080612,NEBIVOLOL,,MEDICINES,20,38,"October 15, 2025",adhoc,B;E;I;L;N;O;V
0101080720,NEBIVOLOL/AMLODIPINE,,MEDICINES,38,38,"September 08, 2025",adhoc,A;B;D;E;I;L;M;N;O;P;V
0100030168,NEOMYCIN/POLYMIXINB/FLUOCINOLONE,,MEDICINES,706,706,"September 08, 2025",adhoc,B;C;E;F;I;L;M;N;O;P;U;X;Y
0100050007,NEOSTIGMINE METHYLSULFATE,,MEDICINES,286,1588,"February 07, 2026",adhoc,A;E;F;G;H;I;L;M;N;O;S;T;U;Y
0100000015,NEPAFENAC,,MEDICINES,1338,1338,"February 07, 2026",adhoc,A;C;E;F;N;P
0101130611,NETUPITANT/PALONOSETRON HCL,,MEDICINES,13490,13490,"September 04, 2025",adhoc,A;C;E;H;I;L;N;O;P;R;S;T;U
0100030519,NEVIRAPINE,,MEDICINES,113,113,"July 02, 2025",adhoc,A;E;I;N;P;R;V
010108071900,NF-ASOMEX; TABLET 2.5MG,LEVAMLODIPINE,MEDICINES,11,11,"July 02, 2025",adhoc,A;B;E;F;G;L;M;N;O;S;T;X;2;5
010118050701,NF-IP-DAIVOBET; GEL 50MCG/500MCG/G 30G,CALCIPOTRIOL/BETAMETHASONE,MEDICINES,1726,1726,"July 02, 2025",adhoc,A;B;C;D;E;F;G;I;L;M;N;O;P;T;V;0;3;5
010004003102,NF-IPHOX; VIAL 1G,IFOSFAMIDE,MEDICINES,2340,2340,"July 02, 2025",adhoc,A;F;G;H;I;L;N;O;P;V;X;1
010403000603,NF-TOCILIZUMAB HETERO; VIAL 400MG/20ML,TOCILIZUMAB,MEDICINES,25741,25741,"July 02, 2025",adhoc,A;B;C;E;F;G;H;I;L;M;N;O;R;T;U;V;Z;0;2;4
010118050700,NF-XAMIOL; TOPICAL GEL 50MCG/500MCG 30G,CALCIPOTRIOL/BETAMETHASONE,MEDICINES,1726,1726,"July 02, 2025",adhoc,A;C;E;F;G;I;L;M;N;O;P;T;X;0;3;5
0100080717,NICARDIPINE HCL,,MEDICINES,195,2092,"February 07, 2026",adhoc,A;C;D;E;H;I;L;N;P;R
0101090301,NICOTINAMIDE/PIZOTIFEN/VIT B1B2B6,,MEDICINES,98,1095,"September 08, 2025",adhoc,A;B;C;D;E;F;I;M;N;O;P;T;V;Z;1;2;6
0101200070,NICOTINAMIDE/PIZOTIFEN/VIT B1B2B6,,MEDICINES,98,1095,"September 08, 2025",adhoc,A;B;C;D;E;F;I;M;N;O;P;T;V;Z;1;2;6
0101080209,NICOTINIC ACID,,MEDICINES,560,972,"September 08, 2025",adhoc,A;C;D;I;N;O;T
0100080711,NIFEDIPINE,,MEDICINES,10,81,"September 08, 2025",adhoc,D;E;F;I;N;P
0101080711,NIFEDIPINE,,MEDICINES,10,81,"September 08, 2025",adhoc,D;E;F;I;N;P
0101040086,NILOTINIB,,MEDICINES,2574,3423,"July 02, 2025",adhoc,B;I;L;N;O;T
0103050302,NIMODIPINE,,MEDICINES,44,1886,"September 08, 2025",adhoc,D;E;I;M;N;O;P
0104050405,NIMODIPINE,,MEDICINES,44,1886,"September 08, 2025",adhoc,D;E;I;M;N;O;P
010008071200,NIMOTOP; TABLET 30MG,NIMODIPINE,MEDICINES,44,44,"July 02, 2025",adhoc,A;B;E;G;I;L;M;N;O;P;T;0;3
010008071201,NIMOTOP; VIAL 10MG/50ML,NIMODIPINE,MEDICINES,1886,1886,"July 02, 2025",adhoc,A;G;I;L;M;N;O;P;T;V;0;1;5
0101040049,NIMOTUZUMAB,,MEDICINES,33075,33075,"January 30, 2026",adhoc,A;B;I;M;N;O;T;U;Z
0101040082,NINTEDANIB ESILATE,,MEDICINES,2087,3147,"July 02, 2025",adhoc,A;B;D;E;I;L;N;S;T
0101030518,NIRMATRELVIR/RITONAVIR,,MEDICINES,36361,36361,"July 02, 2025",adhoc,A;E;I;L;M;N;O;R;T;V
0100030172,NITROFURANTOIN,,MEDICINES,45,139,"December 18, 2025",adhoc,A;F;I;N;O;R;T;U
0103050501,NITROGLYCERIN,,MEDICINES,64,401,"September 08, 2025",adhoc,C;E;G;I;L;N;O;R;T;Y
0104050801,NITROGLYCERIN,,MEDICINES,64,401,"September 08, 2025",adhoc,C;E;G;I;L;N;O;R;T;Y
010008140101,NITROSAN; AMPULE 10MG/10ML,NITROGLYCERIN,MEDICINES,401,401,"July 02, 2025",adhoc,A;E;G;I;L;M;N;O;P;R;S;T;U;0;1
0101070609,NONACOG ALFA (COAGULATION FACTOR IX),,MEDICINES,11423,37009,"February 07, 2026",adhoc,A;C;F;G;I;L;N;O;R;T;U;X
0100050507,NOREPINEPHRINE,,MEDICINES,940,1818,"February 07, 2026",adhoc,E;H;I;N;O;P;R
0100050505,NOREPINEPHRINE BITARTRATE,,MEDICINES,810,2686,"September 08, 2025",adhoc,A;B;E;H;I;N;O;P;R;T
0100141003,NORETHISTERONE,,MEDICINES,71,71,"September 08, 2025",adhoc,E;H;I;N;O;R;S;T
010108080500,NORTEN; TABLET 10MG,IMIDAPRIL,MEDICINES,25,25,"July 02, 2025",adhoc,A;B;E;G;I;L;M;N;O;R;T;0;1
010114070100,NOVOMIX 30; FLEXPEN 100IU/ML 3ML (REF),BIPHASIC INSULIN ASPART,MEDICINES,477,477,"July 02, 2025",adhoc,B;E;F;I;L;M;N;O;P;R;U;V;X;0;1;3
010114071100,NOVORAPID; FLEXPEN 100 UNITS/ML 3ML (REF),INSULIN ASPART,MEDICINES,424,424,"July 02, 2025",adhoc,A;D;E;F;I;L;M;N;O;P;R;S;T;U;V;X;0;1;3
0100280000,NOZZLE,,MEDICINES,70,210,"September 08, 2025",adhoc,E;L;N;O;Z
0101350101,NOZZLE,,MEDICINES,70,210,"September 08, 2025",adhoc,E;L;N;O;Z
010019020103,NUELIN SR; TABLET 250MG,THEOPHYLLINE,MEDICINES,17,17,"July 02, 2025",adhoc,A;B;E;G;I;L;M;N;R;S;T;U;0;2;5
0100030214,NYSTATIN,,MEDICINES,572,1161,"September 08, 2025",adhoc,A;I;N;S;T;Y
0101030214,NYSTATIN,,MEDICINES,572,1161,"September 08, 2025",adhoc,A;I;N;S;T;Y
0101040088,OBINUTUZUMAB,,MEDICINES,114729,288122,"July 02, 2025",adhoc,A;B;I;M;N;O;T;U;Z
0100211003,OCTREOTIDE,,MEDICINES,1388,88729,"September 08, 2025",adhoc,C;D;E;I;O;R;T
0101211003,OCTREOTIDE,,MEDICINES,1388,88729,"September 08, 2025",adhoc,C;D;E;I;O;R;T
0104140201,OCTREOTIDE,,MEDICINES,1388,88729,"September 08, 2025",adhoc,C;D;E;I;O;R;T
0101180446,OCTYLDODECYL/NEOPENTANOATE/WATER/TRIETHANOLAMINE,,MEDICINES,1350,1350,"September 08, 2025",adhoc,A;C;D;E;H;I;L;M;N;O;P;R;T;W;Y
0100030174,OFLOXACIN,,MEDICINES,156,2749,"September 08, 2025",adhoc,A;C;F;I;L;N;O;X
0101030174,OFLOXACIN,,MEDICINES,156,2749,"September 08, 2025",adhoc,A;C;F;I;L;N;O;X
0100090209,OLANZAPINE,,MEDICINES,107,574,"November 28, 2025",adhoc,A;E;I;L;N;O;P;Z
0101090209,OLANZAPINE,,MEDICINES,107,574,"November 28, 2025",adhoc,A;E;I;L;N;O;P;Z
0101080908,OLMESARTAN,,MEDICINES,79,143,"July 02, 2025",adhoc,A;E;L;M;N;O;R;S;T
0101080917,OLMESARTAN/AMLODIPINE BESILATE,,MEDICINES,37,54,"September 08, 2025",adhoc,A;B;D;E;I;L;M;N;O;P;R;S;T
0101080909,OLMESARTAN/HCTZ,,MEDICINES,102,102,"September 08, 2025",adhoc,A;C;E;H;L;M;N;O;R;S;T;Z
0100050418,OLODATEROL,,MEDICINES,1892,1892,"September 08, 2025",adhoc,A;D;E;L;O;R;T
0100131004,OMEPRAZOLE,,MEDICINES,64,1280,"September 08, 2025",adhoc,A;E;L;M;O;P;R;Z
0101131004,OMEPRAZOLE,,MEDICINES,64,1280,"September 08, 2025",adhoc,A;E;L;M;O;P;R;Z
0101131006,OMEPRAZOLE/SODIUM BICARBONATE,,MEDICINES,55,73,"September 08, 2025",adhoc,A;B;C;D;E;I;L;M;N;O;P;R;S;T;U;Z
010105040600,ONBREZ; BREEZHALER CAPSULE 150MCG 10S,INDACATEROL MALEATE,MEDICINES,791,791,"July 02, 2025",adhoc,A;B;C;E;G;H;I;L;M;N;O;P;R;S;U;Z;0;1;5
010105040601,ONBREZ; BREEZHALER CAPSULE 300MCG 10S,INDACATEROL MALEATE,MEDICINES,772,772,"July 02, 2025",adhoc,A;B;C;E;G;H;I;L;M;N;O;P;R;S;U;Z;0;1;3
0100130605,ONDANSETRON,,MEDICINES,268,1505,"September 08, 2025",adhoc,A;D;E;N;O;R;S;T
010114072400,ONGLYZA; TABLET 2.5MG,SAXAGLIPTIN,MEDICINES,47,47,"July 02, 2025",adhoc,A;B;E;G;L;M;N;O;S;T;Y;Z;2;5
010114072401,ONGLYZA; TABLET 5MG,SAXAGLIPTIN,MEDICINES,57,57,"July 02, 2025",adhoc,A;B;E;G;L;M;N;O;S;T;Y;Z;5
0101130700,ORLISTAT,,MEDICINES,60,72,"September 08, 2025",adhoc,A;I;L;O;R;S;T
0101000206,ORPHENADRINE CITRATE/PARACETAMOL,,MEDICINES,47,79,"September 08, 2025",adhoc,A;C;D;E;H;I;L;M;N;O;P;R;T
0103010101,OSELTAMIVIR,,MEDICINES,107,107,"July 02, 2025",adhoc,A;E;I;L;M;O;R;S;T;V
0101050208,OTILONIUM BROMIDE,,MEDICINES,39,39,"September 11, 2025",adhoc,B;D;E;I;L;M;N;O;R;T;U
0100030175,OXACILLIN NA,,MEDICINES,478,546,"February 07, 2026",adhoc,A;C;I;L;N;O;X
0100040050,OXALIPLATIN,,MEDICINES,200,27065,"February 07, 2026",adhoc,A;I;L;N;O;P;T;X
0100090012,OXCARBAZEPINE,,MEDICINES,26,1321,"September 08, 2025",adhoc,A;B;C;E;I;N;O;P;R;X;Z
0101010009,OXYBUPROCAINE,,MEDICINES,368,368,"September 08, 2025",adhoc,A;B;C;E;I;N;O;P;R;U;X;Y
0100000207,OXYCODONE,,MEDICINES,306,1948,"September 08, 2025",adhoc,C;D;E;N;O;X;Y
0103000102,OXYCODONE HCL,,MEDICINES,1284,1284,"July 02, 2025",adhoc,C;D;E;H;L;N;O;X;Y
010300010201,OXYMARC; AMPULE 20MG/2ML,OXYCODONE HCL,MEDICINES,1284,1284,"July 02, 2025",adhoc,A;C;E;G;L;M;O;P;R;U;X;Y;0;2
0100050303,OXYMETAZOLINE HCL,,MEDICINES,507,539,"December 01, 2025",adhoc,A;C;E;H;I;L;M;N;O;T;X;Y;Z
0101030176,OXYTETRACYCLINE/POLYMIXIN B,,MEDICINES,1187,1187,"February 07, 2026",adhoc,A;B;C;E;I;L;M;N;O;P;R;T;X;Y
0100150004,OXYTOCIN,,MEDICINES,275,552,"February 07, 2026",adhoc,C;I;N;O;T;X;Y
0100040051,PACLITAXEL,,MEDICINES,3839,48720,"September 08, 2025",adhoc,A;C;E;I;L;P;T;X
0101040051,PACLITAXEL,,MEDICINES,3839,48720,"September 08, 2025",adhoc,A;C;E;I;L;P;T;X
0100040052,PACLITAXEL NANO PARTICLE CREMOPHER-FREE,,MEDICINES,7633,21424,"September 08, 2025",adhoc,A;C;E;F;H;I;L;M;N;O;P;R;T;X
0101040052,PACLITAXEL NANO PARTICLE CREMOPHER-FREE,,MEDICINES,7633,21424,"September 08, 2025",adhoc,A;C;E;F;H;I;L;M;N;O;P;R;T;X
0101211504,PACLITAXEL SET,,MEDICINES,1106,1106,"September 08, 2025",adhoc,A;C;E;I;L;P;S;T;X
0101040098,PALBOCICLIB,,MEDICINES,8449,8561,"July 02, 2025",adhoc,A;B;C;I;L;O;P
0101090210,PALIPERIDONE,,MEDICINES,883,883,"September 11, 2025",adhoc,A;D;E;I;L;N;O;P;R
0101090214,PALIPERIDONE PALMITATE,,MEDICINES,16220,16220,"February 07, 2026",adhoc,A;D;E;I;L;M;N;O;P;R;T
0104090002,PALONOSETRON,,MEDICINES,1280,3666,"July 02, 2025",adhoc,A;E;L;N;O;P;R;S;T
0104090002001,PALOSET; VIAL 250MCG/5ML,PALONOSETRON,MEDICINES,3666,3666,"July 02, 2025",adhoc,A;C;E;G;I;L;M;O;P;S;T;V;0;2;5
0101040202,PAMIDRONATE,,MEDICINES,6876,20048,"July 02, 2025",adhoc,A;D;E;I;M;N;O;P;R;T
0101130504,PANCREATIN,,MEDICINES,90,90,"September 08, 2025",adhoc,A;C;E;I;N;P;R;T
0104030007,PANITUMUMAB,,MEDICINES,28929,28929,"July 02, 2025",adhoc,A;B;I;M;N;P;T;U
0100131005,PANTOPRAZOLE,,MEDICINES,66,1817,"February 07, 2026",adhoc,A;E;L;N;O;P;R;T;Z
0101131005,PANTOPRAZOLE,,MEDICINES,66,1817,"February 07, 2026",adhoc,A;E;L;N;O;P;R;T;Z
0101131007,PANTOPRAZOLE/DOMPERIDONE,,MEDICINES,93,93,"September 08, 2025",adhoc,A;D;E;I;L;M;N;O;P;R;T;Z
0100000502,PARACETAMOL,,MEDICINES,8,1098,"September 08, 2025",adhoc,A;C;E;L;M;O;P;R;T
0101000502,PARACETAMOL,,MEDICINES,8,1098,"September 08, 2025",adhoc,A;C;E;L;M;O;P;R;T
0101000603,PARACETAMOL/ORPHENADRINE CITRATE,,MEDICINES,21,32,"September 11, 2025",adhoc,A;C;D;E;H;I;L;M;N;O;P;R;T
0101160112,PARACETAMOL/PHENYLPROPANOLAMINE,,MEDICINES,12,12,"September 08, 2025",adhoc,A;C;E;H;I;L;M;N;O;P;R;T;Y
0101270000,PARACETAMOL/PROPYPHENAZONE/CAFFEINE,,MEDICINES,12,12,"September 08, 2025",adhoc,A;C;E;F;H;I;L;M;N;O;P;R;T;Y;Z
0101200002,PARACETAMOL/VIT B1B6B12,,MEDICINES,51,55,"September 08, 2025",adhoc,A;B;C;E;I;L;M;O;P;R;T;V;1;2;6
0104000101,PARECOXIB,,MEDICINES,478,478,"July 02, 2025",adhoc,A;B;C;E;I;O;P;R;X
0101140801,PARICALCITOL,,MEDICINES,1230,1828,"February 07, 2026",adhoc,A;C;I;L;O;P;R;T
010021040100,PARLODEL; TABLET 2.5MG,BROMOCRIPTINE MESYLATE,MEDICINES,97,97,"July 02, 2025",adhoc,A;B;D;E;G;L;M;O;P;R;T;2;5
0104060001,PAROXETINE HCL,,MEDICINES,68,68,"July 02, 2025",adhoc,A;C;E;H;I;L;N;O;P;R;T;X
0101212108,PATENT BLUE V SODIUM,,MEDICINES,21390,21390,"July 02, 2025",adhoc,A;B;D;E;I;L;M;N;O;P;S;T;U;V
0101040069,PAZOPANIB,,MEDICINES,1417,79345,"July 02, 2025",adhoc,A;B;I;N;O;P;Z
0101070402,PEGFILGRASTIM,,MEDICINES,24727,52946,"February 07, 2026",adhoc,A;E;F;G;I;L;M;P;R;S;T
0101040100,PEGYLATED INTERFERON ALFA 2B,,MEDICINES,14336,26762,"July 02, 2025",adhoc,A;B;D;E;F;G;I;L;N;O;P;R;T;Y;2
0101040080,PEMBROLIZUMAB,,MEDICINES,31777,211847,"July 02, 2025",adhoc,A;B;E;I;L;M;O;P;R;U;Z
0101040053,PEMETREXED DISODIUM,,MEDICINES,11627,109795,"February 07, 2026",adhoc,D;E;I;M;O;P;R;S;T;U;X
0101010017,PENTAFLUOROPROPANE/TETRAFLUOROETHANE,,MEDICINES,13812,13812,"July 02, 2025",adhoc,A;E;F;H;L;N;O;P;R;T;U
0101030232,PENTAMIDINE ISETHIONATE,,MEDICINES,61396,61396,"July 02, 2025",adhoc,A;D;E;H;I;M;N;O;P;S;T
0101160003,PENTOXYVERINE,,MEDICINES,109,109,"September 08, 2025",adhoc,E;I;N;O;P;R;T;V;X;Y
0101090023,PERAMPANEL,,MEDICINES,110,160,"February 07, 2026",adhoc,A;E;L;M;N;P;R
0101080816,PERINDOPRIL,,MEDICINES,94,99,"February 07, 2026",adhoc,D;E;I;L;N;O;P;R
0104050505,PERINDOPRIL/AMLODIPINE,,MEDICINES,32,47,"July 02, 2025",adhoc,A;D;E;I;L;M;N;O;P;R
0104050504,PERINDOPRIL/AMLODIPINE BESILATE,,MEDICINES,20,20,"July 02, 2025",adhoc,A;B;D;E;I;L;M;N;O;P;R;S;T
0104050502,PERINDOPRIL/INDAPAMIDE,,MEDICINES,25,30,"July 02, 2025",adhoc,A;D;E;I;L;M;N;O;P;R
0104050503,PERINDOPRIL/INDAPAMIDE/AMLODIPINE BESYLATE,,MEDICINES,44,50,"July 02, 2025",adhoc,A;B;D;E;I;L;M;N;O;P;R;S;T;Y
0101040084000,PERJETA; VIAL 420MG/14ML (REF),PERTUZUMAB,MEDICINES,155460,155460,"July 02, 2025",adhoc,A;E;F;G;I;J;L;M;P;R;T;V;0;1;2;4
0101040084001,PERJETA; VIAL 420MG/14ML (REF) (RAP),PERTUZUMAB,MEDICINES,93267,93267,"July 02, 2025",adhoc,A;E;F;G;I;J;L;M;P;R;T;V;0;1;2;4
0100030702,PERMETHRIN,,MEDICINES,255,430,"February 07, 2026",adhoc,E;H;I;M;N;P;R;T
0104030010,PERTUZUMAB,,MEDICINES,93267,155460,"July 02, 2025",adhoc,A;B;E;M;P;R;T;U;Z
01010400102,PERTUZUMAB/TRASTUZUMAB,,MEDICINES,144289,452306,"July 02, 2025",adhoc,A;B;E;M;P;R;S;T;U;Z
0100000209,PETHIDINE HCL,,MEDICINES,195,932,"October 23, 2025",adhoc,C;D;E;H;I;L;N;P;T
0101000209,PETHIDINE HCL,,MEDICINES,195,932,"October 23, 2025",adhoc,C;D;E;H;I;L;N;P;T
0100090013,PHENOBARBITAL,,MEDICINES,8,14,"September 08, 2025",adhoc,A;B;E;H;I;L;N;O;P;R;T
0100030177,PHENOXYMETHYL PENICILLIN K,,MEDICINES,21,38,"February 07, 2026",adhoc,C;E;H;I;K;L;M;N;O;P;T;X;Y
0101030177,PHENOXYMETHYL PENICILLIN K,,MEDICINES,21,38,"February 07, 2026",adhoc,C;E;H;I;K;L;M;N;O;P;T;X;Y
0101160103,PHENYLEPHRINE,,MEDICINES,1206,1206,"September 08, 2025",adhoc,E;H;I;L;N;P;R;Y
0101050506,PHENYLEPHRINE HCL,,MEDICINES,143,1729,"December 01, 2025",adhoc,C;E;H;I;L;N;P;R;Y
0101160104,PHENYLEPHRINE HCL,,MEDICINES,143,1729,"December 01, 2025",adhoc,C;E;H;I;L;N;P;R;Y
0101050304,PHENYLEPHRINE HCL/BROMPHENIRAMINE MALEATE,,MEDICINES,177,177,"September 08, 2025",adhoc,A;B;C;E;H;I;L;M;N;O;P;R;T;Y
0101160109,PHENYLEPHRINE HCL/CHLORPHENAMINE MALEATE,,MEDICINES,164,205,"February 07, 2026",adhoc,A;C;E;H;I;L;M;N;O;P;R;T;Y
0101160105,PHENYLEPHRINE HCL/PARACETAMOL/CHLORPHENAMINE MALEA,,MEDICINES,10,176,"September 08, 2025",adhoc,A;C;E;H;I;L;M;N;O;P;R;T;Y
0101160110,PHENYLPROPANOLAMINE HCL/BROMPHENIRAMINE MALEATE,,MEDICINES,15,188,"September 08, 2025",adhoc,A;B;C;E;H;I;L;M;N;O;P;R;T;Y
0101160119,PHENYLPROPANOLAMINE HCL/PARACETAMOL,,MEDICINES,13,13,"July 02, 2025",adhoc,A;C;E;H;I;L;M;N;O;P;R;T;Y
0101160107,PHENYLPROPANOLAMINE/CHLORPHENIRAMINE/PARACETAMOL,,MEDICINES,14,19,"February 07, 2026",adhoc,A;C;E;H;I;L;M;N;O;P;R;T;Y
0101120802,PHENYRAMINE MALEATE/NAPHAZOLINE HCL,,MEDICINES,814,814,"September 08, 2025",adhoc,A;C;E;H;I;L;M;N;O;P;R;T;Y;Z
0100090014,PHENYTOIN,,MEDICINES,61,1391,"February 07, 2026",adhoc,E;H;I;N;O;P;T;Y
0100090022,PHENYTOIN SODIUM,,MEDICINES,987,8852,"September 08, 2025",adhoc,D;E;H;I;M;N;O;P;S;T;U;Y
0101200096,PHOSPHATIDYL CHOLINE/NICOTINAMIDE/TOCOPHERYL/VIT B,,MEDICINES,52,52,"September 08, 2025",adhoc,A;B;C;D;E;H;I;L;M;N;O;P;R;S;T;V;Y
0101130402,PHOSPHOLIPIDS,,MEDICINES,66,66,"September 24, 2025",adhoc,D;H;I;L;O;P;S
0100070602,PHYTOMENADIONE,,MEDICINES,461,564,"September 08, 2025",adhoc,A;D;E;H;I;M;N;O;P;T;Y
0101120500,PILOCARPINE,,MEDICINES,413,413,"September 08, 2025",adhoc,A;C;E;I;L;N;O;P;R
0103080001,PILOCARPINEHCL,,MEDICINES,299,299,"July 02, 2025",adhoc,A;C;E;H;I;L;N;O;P;R
0101211006,PIMECROLIMUS,,MEDICINES,2734,2734,"September 08, 2025",adhoc,C;E;I;L;M;O;P;R;S;U
0101190000,PINAVERIUM BR,,MEDICINES,35,35,"September 08, 2025",adhoc,A;B;E;I;M;N;P;R;U;V
0101211400,PINENE/CAMPHENE/CINEOL/FENCHONE/BORNEOL/ANETHOL/OL,,MEDICINES,57,57,"February 07, 2026",adhoc,A;B;C;E;F;H;I;L;M;N;O;P;R;T
0101211401,PINENE/CAMPHENE/CINEOL/MENTHONE/MENTHOL/BORNEOL/OL,,MEDICINES,78,78,"September 08, 2025",adhoc,A;B;C;E;H;I;L;M;N;O;P;R;T
0101140720,PIOGLITAZONE,,MEDICINES,26,40,"September 08, 2025",adhoc,A;E;G;I;L;N;O;P;T;Z
0101140721,PIOGLITAZONE HCL,,MEDICINES,111,176,"September 08, 2025",adhoc,A;C;E;G;H;I;L;N;O;P;T;Z
0101140733,PIOGLITAZONE HCL/METFORMIN HCL,,MEDICINES,26,46,"September 08, 2025",adhoc,A;C;E;F;G;H;I;L;M;N;O;P;R;T;Z
0101140722,PIOGLITAZONE/METFORMIN,,MEDICINES,35,59,"September 08, 2025",adhoc,A;E;F;G;I;L;M;N;O;P;R;T;Z
0100030178,PIPERACILLIN NA/TAZOBACTAM,,MEDICINES,1082,2224,"September 08, 2025",adhoc,A;B;C;E;I;L;M;N;O;P;R;T;Z
0101090801,PIRACETAM,,MEDICINES,30,50,"July 02, 2025",adhoc,A;C;E;I;M;P;R;T
0101120904,PIRENOXINE,,MEDICINES,571,571,"September 08, 2025",adhoc,E;I;N;O;P;R;X
0101340101,PIRFENIDONE,,MEDICINES,1458,4526,"July 02, 2025",adhoc,D;E;F;I;N;O;P;R
0101000013,PIROXICAM,,MEDICINES,130,558,"September 08, 2025",adhoc,A;C;I;M;O;P;R;X
0101080214,PITAVASTATIN CALCIUM,,MEDICINES,48,54,"February 07, 2026",adhoc,A;C;I;L;M;N;P;S;T;U;V
0101090601,PIZOTIFEN,,MEDICINES,41,41,"September 08, 2025",adhoc,E;F;I;N;O;P;T;Z
0101090302,PIZOTIFEN/VIT B1B6B12/NICOTINAMIDE,,MEDICINES,112,1132,"February 07, 2026",adhoc,A;B;C;D;E;F;I;M;N;O;P;T;V;Z;1;2;6
010007020200,PLAVIX; TABLET 75MG,CLOPIDOGREL,MEDICINES,75,75,"July 02, 2025",adhoc,A;B;C;E;G;I;L;M;P;T;V;X;5;7
0101070403,PLERIXAFOR,,MEDICINES,112230,112230,"July 02, 2025",adhoc,A;E;F;I;L;O;P;R;X
0100170034,PNEUMOCOCCAL 13-VALENT CONJUGATE,,MEDICINES,7238,7238,"September 08, 2025",adhoc,A;C;E;G;J;L;M;N;O;P;T;U;V;1;3
0101170038,PNEUMOCOCCAL CONJUGATE VACCINE 20-VALENT(ADSORBED),,MEDICINES,7077,7077,"September 11, 2025",adhoc,A;B;C;D;E;G;I;J;L;M;N;O;P;R;S;T;U;V;0;2
0100170019,PNEUMOCOCCAL VACCINE,,MEDICINES,4260,4260,"February 07, 2026",adhoc,A;C;E;I;L;M;N;O;P;U;V
0101180417,POLIHEXANIDE,,MEDICINES,2348,2348,"September 08, 2025",adhoc,A;D;E;H;I;L;N;O;P;X
0101120907,POLOXAMER/PEG-75/NA BORATE/CARBOMER/METHYL PARABEN,,MEDICINES,872,872,"September 08, 2025",adhoc,A;B;C;E;G;H;L;M;N;O;P;R;T;X;Y;5;7
0101130314,POLYETHYLENE GLYCOL 3350,,MEDICINES,98,98,"February 07, 2026",adhoc,C;E;G;H;L;N;O;P;T;Y;0;3;5
0101120405,POLYETHYLENE GLYCOL/PROPYLENE GLYCOL,,MEDICINES,476,940,"February 07, 2026",adhoc,C;E;G;H;L;N;O;P;R;T;Y
0101180409,POLYGLYCERYL METHACRYLATE,,MEDICINES,1143,1143,"February 07, 2026",adhoc,A;C;E;G;H;L;M;O;P;R;T;Y
0101120100,POLYMIXIN B SULFATE/NEOMYCIN/DEXAMETHASONE,,MEDICINES,446,446,"September 08, 2025",adhoc,A;B;C;D;E;F;H;I;L;M;N;O;P;S;T;U;X;Y
0100030199004,POLYMYXIN B SULFATE,,MEDICINES,5534,5534,"September 08, 2025",adhoc,A;B;E;F;I;L;M;N;O;P;S;T;U;X;Y
0101030180,POLYMYXIN B SULFATE/BACITRACIN/NEOMYCIN SULFATE,,MEDICINES,370,370,"September 08, 2025",adhoc,A;B;C;E;F;I;L;M;N;O;P;R;S;T;U;X;Y
0101180601,POLYSILOXANE/VITAMIN C,,MEDICINES,1160,1517,"September 08, 2025",adhoc,A;C;E;I;L;M;N;O;P;S;T;V;X;Y
0101120410,POLYURETHANE FOAM,,MEDICINES,497,2478,"September 08, 2025",adhoc,A;E;F;H;L;M;N;O;P;R;T;U;Y
0101212501,POLYURETHANE FOAM/POVIDONE IODINE,,MEDICINES,4585,4585,"September 08, 2025",adhoc,A;D;E;F;H;I;L;M;N;O;P;R;T;U;V;Y
0101120409,POLYURETHANE FOAM/SILVER,,MEDICINES,1573,1573,"September 08, 2025",adhoc,A;E;F;H;I;L;M;N;O;P;R;S;T;U;V;Y
0101110046,POTASSIUM ACID PHOSPHATE,,MEDICINES,2915,2915,"September 08, 2025",adhoc,A;C;D;E;H;I;M;O;P;S;T;U
0100110024,POTASSIUM CHLORIDE,,MEDICINES,37,136,"February 07, 2026",adhoc,A;C;D;E;H;I;L;M;O;P;R;S;T;U
0100110026,POTASSIUM CITRATE,,MEDICINES,47,51,"September 08, 2025",adhoc,A;C;E;I;M;O;P;R;S;T;U
0101120210,POTASSIUM IODIDE/SODIUM IODIDE,,MEDICINES,598,598,"September 08, 2025",adhoc,A;D;E;I;M;O;P;S;T;U
0100120211,POVIDONE IODINE,,MEDICINES,47,1040,"September 08, 2025",adhoc,D;E;I;N;O;P;V
0101120211,POVIDONE IODINE,,MEDICINES,47,1040,"September 08, 2025",adhoc,D;E;I;N;O;P;V
0101210408,PRAMIPEXOLE,,MEDICINES,128,128,"September 08, 2025",adhoc,A;E;I;L;M;O;P;R;X
0103050002,PRAVASTATIN,,MEDICINES,17,21,"July 02, 2025",adhoc,A;I;N;P;R;S;T;V
010008021000,PRAVAZ; TABLET 20MG,PRAVASTATIN,MEDICINES,17,17,"July 02, 2025",adhoc,A;B;E;G;L;M;P;R;T;V;Z;0;2
010008021001,PRAVAZ; TABLET 40MG,PRAVASTATIN,MEDICINES,21,21,"July 02, 2025",adhoc,A;B;E;G;L;M;P;R;T;V;Z;0;4
010105030100,PRECEDEX; VIAL 100MCG/ML 2ML,DEXMEDETOMIDINE HCL,MEDICINES,2172,2172,"July 02, 2025",adhoc,A;C;D;E;G;I;L;M;P;R;V;X;0;1;2
0100140023,PREDNISOLONE,,MEDICINES,352,418,"September 08, 2025",adhoc,D;E;I;L;N;O;P;R;S
0101140023,PREDNISOLONE,,MEDICINES,352,418,"September 08, 2025",adhoc,D;E;I;L;N;O;P;R;S
0100140024,PREDNISOLONE ACETATE,,MEDICINES,394,692,"September 08, 2025",adhoc,A;C;D;E;I;L;N;O;P;R;S;T
0101140024,PREDNISOLONE ACETATE,,MEDICINES,394,692,"September 08, 2025",adhoc,A;C;D;E;I;L;N;O;P;R;S;T
0101030823,PREDNISOLONE ACETATE/OFLOXACIN,,MEDICINES,993,993,"September 08, 2025",adhoc,A;C;D;E;F;I;L;N;O;P;R;S;T;X
0100140025,PREDNISONE,,MEDICINES,6,317,"September 08, 2025",adhoc,D;E;I;N;O;P;R;S
0101140025,PREDNISONE,,MEDICINES,6,317,"September 08, 2025",adhoc,D;E;I;N;O;P;R;S
0101090015,PREGABALIN,,MEDICINES,38,228,"September 08, 2025",adhoc,A;B;E;G;I;L;N;P;R
0101090022,PREGABALIN/METHYCOBALAMIN,,MEDICINES,62,62,"September 08, 2025",adhoc,A;B;C;E;G;H;I;L;M;N;O;P;R;T;Y
0101140029,PRENISOLONE,,MEDICINES,336,572,"September 08, 2025",adhoc,E;I;L;N;O;P;R;S
0100030306,PRIMAQUINE DIPHOSPHATE,,MEDICINES,5,5,"September 08, 2025",adhoc,A;D;E;H;I;M;N;O;P;Q;R;S;T;U
0101050408,PROCATEROL HCL,,MEDICINES,23,384,"September 08, 2025",adhoc,A;C;E;H;L;O;P;R;T
0101141004,PROGESTERONE,,MEDICINES,57,264,"September 08, 2025",adhoc,E;G;N;O;P;R;S;T
010104020601,PROLIA; PREFILLED SYRINGE 60MG/ML (REF),DENOSUMAB,MEDICINES,12110,12110,"July 02, 2025",adhoc,A;D;E;F;G;I;L;M;N;O;P;R;S;Y;0;6
0100010010,PROPARACAINE,,MEDICINES,9,1377,"February 07, 2026",adhoc,A;C;E;I;N;O;P;R
0101050212,PROPIVERINE HCL,,MEDICINES,68,68,"September 08, 2025",adhoc,C;E;H;I;L;N;O;P;R;V
0100010011,PROPOFOL,,MEDICINES,600,2462,"September 08, 2025",adhoc,F;L;O;P;R
0100080614,PROPRANOLOL HCL,,MEDICINES,31,51,"September 08, 2025",adhoc,A;C;H;L;N;O;P;R
0101180434,PROPYLENE GLYCOL/LONICERA CAPRIFOLIUM/POPULUS TREM,,MEDICINES,87,1103,"September 08, 2025",adhoc,A;C;E;F;G;I;L;M;N;O;P;R;S;T;U;Y
0100141302,PROPYLTHIOURACIL,,MEDICINES,19,19,"September 08, 2025",adhoc,A;C;H;I;L;O;P;R;T;U;Y
0100210204,PROTAMINE SULFATE,,MEDICINES,3167,3167,"September 08, 2025",adhoc,A;E;F;I;L;M;N;O;P;R;S;T;U
0101211802,PROTEIN/CARBOHYDRATES/FAT/HMB/ARGININE/GLUTAMINE/C,,MEDICINES,351,351,"February 07, 2026",adhoc,A;B;C;D;E;F;G;H;I;L;M;N;O;P;R;S;T;U;Y
0101130311,PRUCALOPRIDE,,MEDICINES,99,102,"February 07, 2026",adhoc,A;C;D;E;I;L;O;P;R;U
0101200104,PSYLLIUM,,MEDICINES,201,201,"September 08, 2025",adhoc,I;L;M;P;S;U;Y
0101130308,PSYLLIUM FIBER,,MEDICINES,26,26,"September 08, 2025",adhoc,B;E;F;I;L;M;P;R;S;U;Y
010004004501,PTERIN; TABLET 2.5MG,METHOTREXATE,MEDICINES,35,35,"July 02, 2025",adhoc,A;B;E;G;I;L;M;N;P;R;T;2;5
010004004504,PTERIN; VIAL 25MG/ML 2ML,METHOTREXATE,MEDICINES,1516,1516,"July 02, 2025",adhoc,A;E;G;I;L;M;N;P;R;T;V;2;5
0101200090,PUMPKIN SEED/SAW PALMETTO/NETTLE/VIT E,,MEDICINES,5097,5097,"September 08, 2025",adhoc,A;D;E;I;K;L;M;N;O;P;S;T;U;V;W
0101211602,PURIFIED COLLAGENASE ENZYMES,,MEDICINES,9077,46029,"September 08, 2025",adhoc,A;C;D;E;F;G;I;L;M;N;O;P;R;S;U;Y;Z
0100170020,PURIFIED PROTEIN DERIVATIVE,,MEDICINES,1306,1306,"September 08, 2025",adhoc,A;D;E;F;I;N;O;P;R;T;U;V
0100170021,PURIFIED VI CAPSULAR POLYSACCHARIDE OF SALMONELLA,,MEDICINES,1872,1872,"February 07, 2026",adhoc,A;C;D;E;F;H;I;L;M;N;O;P;R;S;U;V;Y
0101030001,PYRANTEL/OXANTEL,,MEDICINES,363,363,"September 08, 2025",adhoc,A;E;L;N;O;P;R;T;X;Y
0100030408,PYRAZINAMIDE,,MEDICINES,9,379,"September 08, 2025",adhoc,A;D;E;I;M;N;P;R;Y;Z
0101030408,PYRAZINAMIDE,,MEDICINES,9,379,"September 08, 2025",adhoc,A;D;E;I;M;N;P;R;Y;Z
0101030703,PYRETHRIN,,MEDICINES,130,130,"September 08, 2025",adhoc,E;H;I;N;P;R;T;Y
0100050008,PYRIDOSTIGMINE,,MEDICINES,86,86,"February 07, 2026",adhoc,D;E;G;I;M;N;O;P;R;S;T;Y
0100170027,QUADRIVALENT HUMAN PAPILLOMAVIRUS RECOMBINAT VACCI,,MEDICINES,8789,8789,"September 08, 2025",adhoc,A;B;C;D;E;H;I;L;M;N;O;P;Q;R;S;T;U;V
0100170030,QUADRIVALENT INFLUENZA VACCINE,,MEDICINES,1337,1459,"September 06, 2025",adhoc,A;C;D;E;F;I;L;N;Q;R;T;U;V;Z
0100090108,QUETIAPINE FUMARATE,,MEDICINES,59,602,"September 08, 2025",adhoc,A;E;F;I;M;N;P;Q;R;T;U
0101090108,QUETIAPINE FUMARATE,,MEDICINES,59,602,"September 08, 2025",adhoc,A;E;F;I;M;N;P;Q;R;T;U
010112090300,QUINAX; EYE DROPS 150MCG/ML 15ML,NA DIHYDRO AZAPENTACENE,MEDICINES,314,314,"July 02, 2025",adhoc,A;C;D;E;G;I;L;M;N;O;P;Q;R;S;U;X;Y;0;1;5
0103120101,RABBIT ANTI-HUMAN THYMOCYTE IMMUNOGLOBULIN,,MEDICINES,16402,16402,"July 02, 2025",adhoc,A;B;C;E;G;H;I;L;M;N;O;R;T;U;Y
0100131003,RABEPRAZOLE SODIUM,,MEDICINES,121,1516,"February 07, 2026",adhoc,A;B;D;E;I;L;M;O;P;R;S;U;Z
0101131003,RABEPRAZOLE SODIUM,,MEDICINES,121,1516,"February 07, 2026",adhoc,A;B;D;E;I;L;M;O;P;R;S;U;Z
0100170029,RABIES VACCINE (CHICK EMBRYO CELL),,MEDICINES,3305,3305,"September 08, 2025",adhoc,A;B;C;E;H;I;K;L;M;N;O;R;S;V;Y
0100170022,RABIES VACCINE (VERO CELL),,MEDICINES,2313,3302,"September 08, 2025",adhoc,A;B;C;E;I;L;N;O;R;S;V
0101130101,RACECADOTRIL,,MEDICINES,90,111,"February 07, 2026",adhoc,A;C;D;E;I;L;O;R;T
0101200056,RADIX ASTRAGALI/RADIX SALVIAE MILTIORRHIZAE/RADIX,,MEDICINES,391,391,"September 11, 2025",adhoc,A;D;E;G;H;I;L;M;O;R;S;T;V;X;Z
0104090001,RAMOSETRON,,MEDICINES,839,1420,"July 02, 2025",adhoc,A;E;M;N;O;R;S;T
010112100,RANIBIZUMAB,,MEDICINES,43744,43744,"July 02, 2025",adhoc,A;B;I;M;N;R;U;Z
0100130802,RANITIDINE,,MEDICINES,30,50,"September 08, 2025",adhoc,A;D;E;I;N;R;T
0100130803,RANITIDINE HCL,,MEDICINES,82,82,"September 08, 2025",adhoc,A;C;D;E;H;I;L;N;R;T
01010811001,RANOLAZINE,,MEDICINES,37,65,"February 07, 2026",adhoc,A;E;I;L;N;O;R;Z
010021100400,RAPAMUNE; TABLET 1MG,SIROLIMUS,MEDICINES,247,247,"July 02, 2025",adhoc,A;B;E;G;L;M;N;P;R;S;T;U;1
0101050703,RASAGILINE,,MEDICINES,427,427,"September 08, 2025",adhoc,A;E;G;I;L;N;R;S
0101190001,REBAMIPIDE,,MEDICINES,96,96,"September 08, 2025",adhoc,A;B;D;E;I;M;P;R
0101060000,RECOMBINANT COAGULATION FACTOR V111A,,MEDICINES,77139,77139,"September 04, 2025",adhoc,A;B;C;E;F;G;I;L;M;N;O;R;T;U;V;1
0101180443,RED VINE LEAF EXTRACT,,MEDICINES,972,972,"September 08, 2025",adhoc,A;C;D;E;F;I;L;N;R;T;V;X
0103010102,REMDESIVIR,,MEDICINES,4390,8780,"September 08, 2025",adhoc,D;E;I;M;R;S;V
0104010201,REMDESIVIR,,MEDICINES,4390,8780,"September 08, 2025",adhoc,D;E;I;M;R;S;V
01012601002,REMDESIVIR-EVA PHARMA; VIAL 100MG (CSP),REMDESIVIR,MEDICINES,4390,4390,"July 02, 2025",adhoc,A;C;D;E;G;H;I;L;M;P;R;S;V;0;1
010104003200,REMICADE; VIAL 100MG (REF),INFLIXIMAB,MEDICINES,26785,26785,"July 02, 2025",adhoc,A;C;D;E;F;G;I;L;M;R;V;0;1
0100000211,REMIFENTANIL HCL,,MEDICINES,2862,5202,"October 14, 2025",adhoc,A;C;E;F;H;I;L;M;N;R;T
010104003201,REMSIMA; VIAL 100MG (REF),INFLIXIMAB,MEDICINES,26785,26785,"July 02, 2025",adhoc,A;E;F;G;I;L;M;R;S;V;0;1
010111010200,RENVELA; TABLET 800MG,SEVELAMER CARBONATE,MEDICINES,50,50,"July 02, 2025",adhoc,A;B;E;G;L;M;N;R;S;T;V;0;8
0101170036,RESPIRATORY SYNCYTIAL VIRUS VACCINE,,MEDICINES,16897,19305,"February 07, 2026",adhoc,A;C;E;I;L;N;O;P;R;S;T;U;V;Y
01010301101,RETAPAMULIN,,MEDICINES,588,588,"September 08, 2025",adhoc,A;E;I;L;M;N;P;R;T;U
0101070302,RETEPLASE,,MEDICINES,54000,54000,"February 07, 2026",adhoc,A;E;L;P;R;S;T
0101170023,RH IMMUNOGLOBULIN,,MEDICINES,20947,20947,"September 04, 2025",adhoc,B;G;H;I;L;M;N;O;R;U
0101040092,RIBOCICLIB SUCCINATE,,MEDICINES,40921,40921,"February 07, 2026",adhoc,A;B;C;E;I;L;N;O;R;S;T;U
0100030409,RIFAMPICIN,,MEDICINES,24,668,"September 08, 2025",adhoc,A;C;F;I;M;N;P;R
0101030410,RIFAMPICIN/INH,,MEDICINES,61,66,"September 08, 2025",adhoc,A;C;F;H;I;M;N;P;R
0100030414,RIFAMPICIN/ISONIAZID,,MEDICINES,15,21,"September 08, 2025",adhoc,A;C;D;F;I;M;N;O;P;R;S;Z
0100030411,RIFAMPICIN/ISONIAZID/ETHAMBUTOL,,MEDICINES,21,21,"September 08, 2025",adhoc,A;B;C;D;E;F;H;I;L;M;N;O;P;R;S;T;U;Z
0101030412,RIFAMPICIN/ISONIAZID/VITB6,,MEDICINES,691,691,"September 08, 2025",adhoc,A;B;C;D;F;I;M;N;O;P;R;S;T;V;Z;6
0101030413,RIFAMPICIN/ISONIAZID/VITB6/PYRAZINAMIDE,,MEDICINES,944,944,"September 08, 2025",adhoc,A;B;C;D;E;F;I;M;N;O;P;R;S;T;V;Y;Z;6
0100030185,RIFAXIMIN,,MEDICINES,139,139,"September 08, 2025",adhoc,A;F;I;M;N;R;X
0101090605,RIMEGEPANT,,MEDICINES,1809,1809,"July 02, 2025",adhoc,A;E;G;I;M;N;P;R;T
0100090211,RISPERIDONE,,MEDICINES,219,26646,"September 08, 2025",adhoc,D;E;I;N;O;P;R;S
0101090211,RISPERIDONE,,MEDICINES,219,26646,"September 08, 2025",adhoc,D;E;I;N;O;P;R;S
0101040054,RITUXIMAB,,MEDICINES,12244,181737,"September 08, 2025",adhoc,A;B;I;M;R;T;U;X
0103020012,RITUXIMAB,,MEDICINES,12244,181737,"September 08, 2025",adhoc,A;B;I;M;R;T;U;X
0100070107,RIVAROXABAN,,MEDICINES,242,242,"September 08, 2025",adhoc,A;B;I;N;O;R;V;X
0101070107,RIVAROXABAN,,MEDICINES,242,242,"September 08, 2025",adhoc,A;B;I;N;O;R;V;X
0101050010,RIVASTIGMINE,,MEDICINES,204,405,"February 07, 2026",adhoc,A;E;G;I;M;N;R;S;T;V
0100050607,ROCURONIUM BR,,MEDICINES,656,932,"February 07, 2026",adhoc,B;C;I;M;N;O;R;U
0101040207,ROMOSOZUMAB,,MEDICINES,50750,50750,"July 02, 2025",adhoc,A;B;M;O;R;S;U;Z
0101210409,ROPINIROLE HCL,,MEDICINES,160,188,"September 08, 2025",adhoc,C;E;H;I;L;N;O;P;R
0100010013,ROPIVACAINE HCL,,MEDICINES,1035,1035,"February 07, 2026",adhoc,A;C;E;H;I;L;N;O;P;R;V
0100080212,ROSUVASTATIN,,MEDICINES,33,47,"September 08, 2025",adhoc,A;I;N;O;R;S;T;U;V
0101080212,ROSUVASTATIN,,MEDICINES,33,47,"September 08, 2025",adhoc,A;I;N;O;R;S;T;U;V
0101080219,ROSUVASTATIN CA/EZETIMIBE,,MEDICINES,77,84,"July 02, 2025",adhoc,A;B;C;E;I;M;N;O;R;S;T;U;V;Z
0100080213,ROSUVASTATIN CALCIUM,,MEDICINES,50,196,"September 08, 2025",adhoc,A;C;I;L;M;N;O;R;S;T;U;V
0101080217,ROSUVASTATIN CALCIUM,,MEDICINES,50,196,"September 08, 2025",adhoc,A;C;I;L;M;N;O;R;S;T;U;V
0101080220,ROSUVASTATIN/EZETIMIBE,,MEDICINES,90,98,"July 02, 2025",adhoc,A;B;E;I;M;N;O;R;S;T;U;V;Z
0101050701,ROTIGOTINE,,MEDICINES,358,471,"September 08, 2025",adhoc,E;G;I;N;O;R;T
0101030181,ROXITHROMYCIN,,MEDICINES,157,157,"September 08, 2025",adhoc,C;H;I;M;N;O;R;T;X;Y
0101020107,RUPATADINE FUMARATE,,MEDICINES,71,71,"September 08, 2025",adhoc,A;D;E;F;I;M;N;P;R;T;U
010004005403,RUXIENCE; VIAL 100MG/10ML (REF),RITUXIMAB,MEDICINES,12244,12244,"July 02, 2025",adhoc,A;C;E;F;G;I;L;M;N;R;U;V;X;0;1
010004005404,RUXIENCE; VIAL 500MG/50ML (REF),RITUXIMAB,MEDICINES,59606,59606,"July 02, 2025",adhoc,A;C;E;F;G;I;L;M;N;R;U;V;X;0;5
0101040077,RUXOLITINIB,,MEDICINES,3111,6221,"July 02, 2025",adhoc,B;I;L;N;O;R;T;U;X
0101130507,SACCHAROMYCES BOULARDII,,MEDICINES,58,58,"September 08, 2025",adhoc,A;B;C;D;E;H;I;L;M;O;R;S;U;Y
0100080918,SACUBITRIL/VALSARTAN,,MEDICINES,366,368,"February 07, 2026",adhoc,A;B;C;I;L;N;R;S;T;U;V
0101050705,SAFINAMIDE MESILATE,,MEDICINES,291,291,"October 15, 2025",adhoc,A;D;E;F;I;L;M;N;S;T
0100050012,SALBUTAMOL,,MEDICINES,54,269,"February 07, 2026",adhoc,A;B;L;M;O;S;T;U
0100050409,SALBUTAMOL,,MEDICINES,54,269,"February 07, 2026",adhoc,A;B;L;M;O;S;T;U
0100050410,SALBUTAMOL SULFATE,,MEDICINES,15,912,"February 07, 2026",adhoc,A;B;E;F;L;M;O;S;T;U
0101050410,SALBUTAMOL SULFATE,,MEDICINES,15,912,"February 07, 2026",adhoc,A;B;E;F;L;M;O;S;T;U
0101160406,SALBUTAMOL/GUAIFENESIN,,MEDICINES,138,138,"February 07, 2026",adhoc,A;B;E;F;G;I;L;M;N;O;S;T;U
0101050412,SALMETEROL,,MEDICINES,1759,1759,"September 08, 2025",adhoc,A;E;L;M;O;R;S;T
0100050413,SALMETEROL/FLUTICASONE,,MEDICINES,449,3157,"February 07, 2026",adhoc,A;C;E;F;I;L;M;N;O;R;S;T;U
0101050413,SALMETEROL/FLUTICASONE,,MEDICINES,449,3157,"February 07, 2026",adhoc,A;C;E;F;I;L;M;N;O;R;S;T;U
0103030102,SALMETEROL/FLUTICASONE,,MEDICINES,449,3157,"February 07, 2026",adhoc,A;C;E;F;I;L;M;N;O;R;S;T;U
0100211402,SAMBONG LEAF,,MEDICINES,11,16,"September 08, 2025",adhoc,A;B;E;F;G;L;M;N;O;S
0101211402,SAMBONG LEAF,,MEDICINES,11,16,"September 08, 2025",adhoc,A;B;E;F;G;L;M;N;O;S
0101120913,SAMBUCUS NIGRA/PRIMULA VERIS & ELATIOR/RUMEX CRISP,,MEDICINES,31,575,"September 08, 2025",adhoc,A;B;C;E;G;I;L;M;N;O;P;R;S;T;U;V;X
010021100003,SANDIMMUN NEORAL; SOLUTION 100MG/ML 50ML,CICLOSPORIN,MEDICINES,8308,8308,"July 02, 2025",adhoc,A;C;D;E;G;I;L;M;N;O;R;S;T;U;0;1;5
010121100301,SANDOSTATIN LAR; VIAL 20MG,OCTREOTIDE,MEDICINES,67857,67857,"July 02, 2025",adhoc,A;D;G;I;L;M;N;O;R;S;T;V;0;2
010121100302,SANDOSTATIN LAR; VIAL 30MG,OCTREOTIDE,MEDICINES,88729,88729,"July 02, 2025",adhoc,A;D;G;I;L;M;N;O;R;S;T;V;0;3
0104100106,SAXAGLIPTIN,,MEDICINES,47,57,"July 02, 2025",adhoc,A;G;I;L;N;P;S;T;X
0101140748,SAXAGLIPTIN/DAPAGLIFLOZIN,,MEDICINES,129,129,"July 02, 2025",adhoc,A;D;F;G;I;L;N;O;P;S;T;X;Z
0104100110,SAXAGLIPTIN/METFORMIN HCL,,MEDICINES,28,68,"July 02, 2025",adhoc,A;C;E;F;G;H;I;L;M;N;O;P;R;S;T;X
010114072901,SAXENDA; PREFILLED PEN 6MG/ML 3ML (REF),LIRAGLUTIDE,MEDICINES,3173,3173,"July 02, 2025",adhoc,A;D;E;F;G;I;L;M;N;P;R;S;X;3;6
010404000301,SCAPHO; PREFILLED SYRINGE 150MG/ML (REF),SECUKINUMAB,MEDICINES,23822,23822,"July 02, 2025",adhoc,A;C;D;E;F;G;H;I;L;M;N;O;P;R;S;Y;0;1;5
0101160111,SEA WATER,,MEDICINES,902,1304,"September 08, 2025",adhoc,A;E;R;S;T;W
0101212802,SECUKINUMAB,,MEDICINES,23822,71365,"February 07, 2026",adhoc,A;B;C;E;I;K;M;N;S;U
0104140301,SECUKINUMAB,,MEDICINES,23822,71365,"February 07, 2026",adhoc,A;B;C;E;I;K;M;N;S;U
0100050701,SELEGILINE HCL,,MEDICINES,95,95,"September 08, 2025",adhoc,C;E;G;H;I;L;N;S
0101140749,SEMAGLUTIDE,,MEDICINES,10863,12400,"February 07, 2026",adhoc,A;D;E;G;I;L;M;S;T;U
010005041303,SERETIDE; INHALER 25MCG/125MCG 120D,SALMETEROL/FLUTICASONE,MEDICINES,699,699,"July 02, 2025",adhoc,A;C;D;E;G;H;I;L;M;N;R;S;T;0;1;2;5
010005041304,SERETIDE; INHALER 25MCG/250MCG 120D,SALMETEROL/FLUTICASONE,MEDICINES,981,981,"July 02, 2025",adhoc,A;C;D;E;G;H;I;L;M;N;R;S;T;0;1;2;5
010005041305,SERETIDE; INHALER 25MCG/50MCG 120D,SALMETEROL/FLUTICASONE,MEDICINES,481,481,"July 02, 2025",adhoc,A;C;D;E;G;H;I;L;M;N;R;S;T;0;1;2;5
010109010600,SEROXAT; TABLET 20MG,PAROXETINE HCL,MEDICINES,68,68,"July 02, 2025",adhoc,A;B;E;G;L;M;O;P;R;S;T;X;0;2
0101030229,SERTACONAZOLE NITRATE,,MEDICINES,1174,1174,"September 08, 2025",adhoc,A;C;E;I;L;N;O;R;S;T;Z
0100090109,SERTRALINE HCL,,MEDICINES,96,258,"September 08, 2025",adhoc,A;C;E;H;I;L;N;R;S;T
0101180603,SESAMUM INDICUM/CERA FLAVA/OPUNTIA DILLENI,,MEDICINES,1884,1884,"September 08, 2025",adhoc,A;C;D;E;F;I;L;M;N;O;P;R;S;T;U;V
0100110102,SEVELAMER CARBONATE,,MEDICINES,50,144,"September 08, 2025",adhoc,A;B;C;E;L;M;N;O;R;S;T;V
0103070001,SEVELAMER CARBONATE,,MEDICINES,50,144,"September 08, 2025",adhoc,A;B;C;E;L;M;N;O;R;S;T;V
0100010014,SEVOFLURANE,,MEDICINES,81,26668,"July 02, 2025",adhoc,A;E;F;L;N;O;R;S;U;V
0101180421,SHEA BUTTTER/DIMETHICONOL/CYCLOPENTACILOXANE/PANTH,,MEDICINES,2532,2532,"September 08, 2025",adhoc,A;B;C;D;E;H;I;L;M;N;O;P;R;S;T;U;X;Y
0101211100,SILDENAFIL CITRATE,,MEDICINES,978,1646,"February 07, 2026",adhoc,A;C;D;E;F;I;L;N;R;S;T
0101080507,SILODOSIN,,MEDICINES,64,64,"February 07, 2026",adhoc,D;I;L;N;O;S
0100030811,SILVER SULFADIAZINE,,MEDICINES,509,4840,"February 07, 2026",adhoc,A;D;E;F;I;L;N;R;S;U;V;Z
0101030811,SILVER SULFADIAZINE,,MEDICINES,509,4840,"February 07, 2026",adhoc,A;D;E;F;I;L;N;R;S;U;V;Z
0101180451,SILVER SULFADIAZINE/CERIUM NITRATE,,MEDICINES,9930,9930,"September 08, 2025",adhoc,A;C;D;E;F;I;L;M;N;R;S;T;U;V;Z
0101200053,SILYMARIN,,MEDICINES,38,66,"September 08, 2025",adhoc,A;I;L;M;N;R;S;Y
0101130201,SIMETHICONE,,MEDICINES,18,191,"February 07, 2026",adhoc,C;E;H;I;M;N;O;S;T
0101050209,SIMETHICONE/ALVERINE CITRATE,,MEDICINES,33,33,"September 08, 2025",adhoc,A;C;E;H;I;L;M;N;O;R;S;T;V
0101130508,SIMETHICONE/URSODEOXYCHOLIC ACID/PANCREATIN/LIPASE,,MEDICINES,81,81,"September 08, 2025",adhoc,A;C;D;E;H;I;L;M;N;O;P;R;S;T;U;X;Y
010121080300,SIMPONI; PREFILLED SYR 50MG/0.5ML,GOLIMUMAB,MEDICINES,61648,61648,"July 02, 2025",adhoc,D;E;F;G;I;L;M;N;O;P;R;S;Y;0;5
010021100700,SIMULECT; VIAL 20MG,BASILIXIMAB,MEDICINES,67476,67476,"July 02, 2025",adhoc,A;B;C;E;G;I;L;M;S;T;U;V;0;2
0100080211,SIMVASTATIN,,MEDICINES,36,80,"September 08, 2025",adhoc,A;I;M;N;S;T;V
0101080211,SIMVASTATIN,,MEDICINES,36,80,"September 08, 2025",adhoc,A;I;M;N;S;T;V
0103110201,SIROLIMUS,,MEDICINES,247,247,"July 02, 2025",adhoc,I;L;M;O;R;S;U
0104100118,SITAGLIPIN PHOSPHATE,,MEDICINES,55,65,"July 02, 2025",adhoc,A;E;G;H;I;L;N;O;P;S;T
0104100107,SITAGLIPTIN PHOSPHATE,,MEDICINES,53,65,"July 02, 2025",adhoc,A;E;G;H;I;L;N;O;P;S;T
0104100108,SITAGLIPTIN/METFORMIN HCL,,MEDICINES,30,62,"July 02, 2025",adhoc,A;C;E;F;G;H;I;L;M;N;O;P;R;S;T
0101180420,SOAP,,MEDICINES,90,118,"September 08, 2025",adhoc,A;O;P;S
0101130005,SOD ALGINATE/SOD BICARBONATE/CA CARBONATE,,MEDICINES,399,399,"September 08, 2025",adhoc,A;B;C;D;E;G;I;L;N;O;R;S;T
0101200095,SODIUM ASCORBATE,,MEDICINES,14,14,"September 08, 2025",adhoc,A;B;C;D;E;I;M;O;R;S;T;U
0101200099,SODIUM ASCORBATE/ZINC SULFATE MONOHYDRATE,,MEDICINES,14,14,"September 08, 2025",adhoc,A;B;C;D;E;F;H;I;L;M;N;O;R;S;T;U;Y;Z
0100110033,SODIUM BICARBONATE,,MEDICINES,2,848,"September 08, 2025",adhoc,A;B;C;D;E;I;M;N;O;R;S;T;U
0101110037,SODIUM BICARBONATE/SODIUM CITRATE/CITRIC ACID/TART,,MEDICINES,49,49,"July 02, 2025",adhoc,A;B;C;D;E;I;M;N;O;R;S;T;U
0100110034,SODIUM CHLORIDE,,MEDICINES,19,341,"February 07, 2026",adhoc,C;D;E;H;I;L;M;O;R;S;U
0101110034,SODIUM CHLORIDE,,MEDICINES,19,341,"February 07, 2026",adhoc,C;D;E;H;I;L;M;O;R;S;U
0101120909,SODIUM CHLORIDE,,MEDICINES,19,341,"February 07, 2026",adhoc,C;D;E;H;I;L;M;O;R;S;U
0101160117,SODIUM CHLORIDE,,MEDICINES,19,341,"February 07, 2026",adhoc,C;D;E;H;I;L;M;O;R;S;U
0100110035,SODIUM CHLORIDE 0.9%,,MEDICINES,124,309,"September 08, 2025",adhoc,C;D;E;H;I;L;M;O;R;S;U;0;9
0101110035,SODIUM CHLORIDE 0.9%,,MEDICINES,124,309,"September 08, 2025",adhoc,C;D;E;H;I;L;M;O;R;S;U;0;9
0101160116,SODIUM CHLORIDE/POTASSIUM CHLORIDE/CA LACTATE,,MEDICINES,27,583,"September 08, 2025",adhoc,A;C;D;E;H;I;L;M;O;P;R;S;T;U
0101110036,SODIUM CHLORIDE/POTASSIUM CHLORIDE/MAGNESIUM SULFA,,MEDICINES,406,406,"September 08, 2025",adhoc,A;C;D;E;F;G;H;I;L;M;N;O;P;R;S;T;U
0100110036,SODIUM CHLORIDE/POTASSIUM CHLORIDE/MAGNESIUM SULFATE,,MEDICINES,444,2844,"September 08, 2025",adhoc,A;C;D;E;F;G;H;I;L;M;N;O;P;R;S;T;U
0101211900,SODIUM CHONDROITIN SULFATE/SODIUM HYALURONATE,,MEDICINES,5852,5890,"July 02, 2025",adhoc,A;C;D;E;F;H;I;L;M;N;O;R;S;T;U;Y
0100030187,SODIUM FUSIDATE,,MEDICINES,206,2491,"September 08, 2025",adhoc,A;D;E;F;I;M;O;S;T;U
0101030187,SODIUM FUSIDATE,,MEDICINES,206,2491,"September 08, 2025",adhoc,A;D;E;F;I;M;O;S;T;U
0100120905,SODIUM HYALURONATE,,MEDICINES,635,6836,"September 08, 2025",adhoc,A;D;E;H;I;L;M;N;O;R;S;T;U;Y
0101120905,SODIUM HYALURONATE,,MEDICINES,635,6836,"September 08, 2025",adhoc,A;D;E;H;I;L;M;N;O;R;S;T;U;Y
0100080409,SODIUM NITROPRUSSIDE,,MEDICINES,1587,1587,"July 02, 2025",adhoc,D;E;I;M;N;O;P;R;S;T;U
0101130312,SODIUM PICOSULFATE/MAGNESIUM OXIDE/CITRIC ACID,,MEDICINES,781,882,"September 08, 2025",adhoc,A;C;D;E;F;G;I;L;M;N;O;P;R;S;T;U;X
0100090017,SODIUM VALPROATE,,MEDICINES,466,3572,"September 08, 2025",adhoc,A;D;E;I;L;M;O;P;R;S;T;U;V
0101090024,SODIUM VALPROATE,,MEDICINES,466,3572,"September 08, 2025",adhoc,A;D;E;I;L;M;O;P;R;S;T;U;V
0101090020,SODIUM VALPROATE/VALPROIC ACID,,MEDICINES,50,61,"September 08, 2025",adhoc,A;C;D;E;I;L;M;O;P;R;S;T;U;V
0101110042,SODIUM/POTASSIUM/CALCIUM/MAGNESIUM/CHLORIDE/ACETAT,,MEDICINES,524,524,"September 08, 2025",adhoc,A;C;D;E;G;H;I;L;M;N;O;P;R;S;T;U
0101110044,SODIUM/POTASSIUM/CARBOHYDRATES/SUGAR,,MEDICINES,95,95,"September 11, 2025",adhoc,A;B;C;D;E;G;H;I;M;O;P;R;S;T;U;Y
0101110014,SODIUM/POTASSIUM/MAGNESIUM/CALCIUM/CL/LACTATE,,MEDICINES,231,231,"September 08, 2025",adhoc,A;C;D;E;G;I;L;M;N;O;P;S;T;U
0100030512,SOFOSBUVIR,,MEDICINES,1304,1304,"February 07, 2026",adhoc,B;F;I;O;R;S;U;V
0100030523,SOFOSBUVIR/VELPATASVIR,,MEDICINES,1304,1304,"July 02, 2025",adhoc,A;B;E;F;I;L;O;P;R;S;T;U;V
0101050206,SOLIFENACIN SUCCINATE,,MEDICINES,116,127,"February 07, 2026",adhoc,A;C;E;F;I;L;N;O;S;T;U
0100070111,SOMATOSTATIN,,MEDICINES,5536,7375,"July 02, 2025",adhoc,A;I;M;N;O;S;T
0100110215,SOYA BEAN OIL/MCT/OLIVE OIL/PURIFIED FISH OIL,,MEDICINES,2301,3177,"September 08, 2025",adhoc,A;B;C;D;E;F;H;I;L;M;N;O;P;R;S;T;U;V;Y
0101110214,SOYA BEAN OIL/MCT/OLIVE OIL/PURIFIED FISH OIL,,MEDICINES,2301,3177,"September 08, 2025",adhoc,A;B;C;D;E;F;H;I;L;M;N;O;P;R;S;T;U;V;Y
0101130004,SPHERICAL CARBON ADSORBENT,,MEDICINES,616,616,"September 08, 2025",adhoc,A;B;C;D;E;H;I;L;N;O;P;R;S;T
010105020701,SPIRIVA RESPIMAT W/ DEVICE; INH SOLN 4ML,TIOTROPIUM BROMIDE,MEDICINES,2988,2988,"July 02, 2025",adhoc,A;C;D;E;H;I;L;M;N;O;P;R;S;T;V;W;4
010005020702,SPIRIVA; CAPSULE 18MCG 5S,TIOTROPIUM BROMIDE,MEDICINES,461,461,"July 02, 2025",adhoc,A;C;E;G;I;L;M;P;R;S;T;U;V;1;5;8
0100081000,SPIRONOLACTONE,,MEDICINES,48,109,"September 08, 2025",adhoc,A;C;E;I;L;N;O;P;R;S;T
0101081001,SPIRONOLACTONE/HYDROFLUMETHIAZIDE,,MEDICINES,35,35,"September 08, 2025",adhoc,A;C;D;E;F;H;I;L;M;N;O;P;R;S;T;U;Y;Z
0101120911,SQUALENE/MINERAL OIL/SPEARMINT OIL,,MEDICINES,840,840,"September 08, 2025",adhoc,A;E;I;L;M;N;O;P;Q;R;S;T;U
010121080400,STELARA; PREFILLED SYR 45MG/0.5ML (REF),USTEKINUMAB,MEDICINES,160923,160923,"July 02, 2025",adhoc,A;D;E;F;G;I;L;M;P;R;S;T;U;Y;0;4;5
0101180801,STERILE LUBRICANT/LIDOCAINE,,MEDICINES,446,446,"July 02, 2025",adhoc,A;B;C;D;E;I;L;N;O;R;S;T;U
0100212501,STERILE WATER,,MEDICINES,17,366,"February 07, 2026",adhoc,A;E;I;L;R;S;T;W
0100250000,STERILE WATER,,MEDICINES,17,366,"February 07, 2026",adhoc,A;E;I;L;R;S;T;W
0101110500,STERILE WATER,,MEDICINES,17,366,"February 07, 2026",adhoc,A;E;I;L;R;S;T;W
0101110038,STERILIZED WATER,,MEDICINES,66,66,"September 08, 2025",adhoc,A;D;E;I;L;R;S;T;W;Z
0101180437,STIMU-TEX AS,,MEDICINES,1100,1100,"September 08, 2025",adhoc,A;E;I;M;S;T;U;X
010000020203,SUBLIMAZE; AMPULE 50MCG/ML 10ML,FENTANYL CITRATE,MEDICINES,577,577,"July 02, 2025",adhoc,A;B;C;E;F;G;I;L;M;P;S;U;Z;0;1;5
010000020204,SUBLIMAZE; AMPULE 50MCG/ML 2ML,FENTANYL CITRATE,MEDICINES,152,152,"July 02, 2025",adhoc,A;B;C;E;F;G;I;L;M;P;S;U;Z;0;2;5
0100050605,SUCCINYLCHOLINE,,MEDICINES,523,523,"September 08, 2025",adhoc,C;E;H;I;L;N;O;S;U;Y
0100190002,SUCRALFATE,,MEDICINES,97,97,"September 08, 2025",adhoc,A;C;E;F;L;R;S;T;U
0101200110,SUCROSOMIAL IRON/VIT C/FOLIC ACID/VIT D3/VIT B612,,MEDICINES,116,116,"July 02, 2025",adhoc,A;B;C;D;F;I;L;M;N;O;R;S;T;U;V;1;2;3;6
0100210205,SUGAMMADEX,,MEDICINES,7599,10890,"February 07, 2026",adhoc,A;D;E;G;M;S;U;X
0100030191,SULFAMETHOXAZOLE/TRIMETHOPRIM,,MEDICINES,18,3345,"September 08, 2025",adhoc,A;E;F;H;I;L;M;O;P;R;S;T;U;X;Z
0101030191,SULFAMETHOXAZOLE/TRIMETHOPRIM,,MEDICINES,18,3345,"September 08, 2025",adhoc,A;E;F;H;I;L;M;O;P;R;S;T;U;X;Z
0101030227,SULFUR,,MEDICINES,91,91,"September 08, 2025",adhoc,F;L;R;S;U
0101120220,SULFURIC ETHER,,MEDICINES,131,1648,"September 08, 2025",adhoc,C;E;F;H;I;L;R;S;T;U
0101070205,SULODEXIDE,,MEDICINES,88,767,"September 08, 2025",adhoc,D;E;I;L;O;S;U;X
0101030192,SULTAMICILLIN TOSYLATE,,MEDICINES,141,1276,"February 07, 2026",adhoc,A;C;E;I;L;M;N;O;S;T;U;Y
0103060101,SUMATRIPTAN SUCCINATE,,MEDICINES,217,217,"July 02, 2025",adhoc,A;C;E;I;M;N;P;R;S;T;U
010016060000,SURVANTA; VIAL 25MG/ML 8ML (REF),BERACTANT,MEDICINES,19600,19600,"July 02, 2025",adhoc,A;B;E;F;G;I;L;M;N;R;S;T;U;V;2;5;8
010306010101,SUTRIP; TABLET 50MG,SUMATRIPTAN SUCCINATE,MEDICINES,217,217,"July 02, 2025",adhoc,A;B;E;G;I;L;M;P;R;S;T;U;0;5
0101211005,TACROLIMUS,,MEDICINES,67,4707,"September 08, 2025",adhoc,A;C;I;L;M;O;R;S;T;U
0103110202,TACROLIMUS,,MEDICINES,67,4707,"September 08, 2025",adhoc,A;C;I;L;M;O;R;S;T;U
0104140202,TACROLIMUS,,MEDICINES,67,4707,"September 08, 2025",adhoc,A;C;I;L;M;O;R;S;T;U
0101211101,TADALAFIL,,MEDICINES,446,1681,"February 07, 2026",adhoc,A;D;F;I;L;T
0101120704,TAFLUPROST,,MEDICINES,1754,2345,"September 08, 2025",adhoc,A;F;L;O;P;R;S;T;U
010108000300,TAMBOCOR; TABLET 100MG,FLECAINIDE,MEDICINES,72,72,"July 02, 2025",adhoc,A;B;C;E;F;G;L;M;O;R;T;0;1
010003050400,TAMIFLU; CAPSULE 75MG,OSELTAMIVIR,MEDICINES,107,107,"July 02, 2025",adhoc,A;C;E;F;G;I;L;M;O;P;S;T;U;5;7
0100040055,TAMOXIFEN,,MEDICINES,70,70,"February 07, 2026",adhoc,A;E;F;I;M;N;O;T;X
0100080504,TAMSULOSIN HCL,,MEDICINES,54,170,"February 07, 2026",adhoc,A;C;H;I;L;M;N;O;S;T;U
0101081400,TAMSULOSIN HCL,,MEDICINES,54,170,"February 07, 2026",adhoc,A;C;H;I;L;M;N;O;S;T;U
0101080508,TAMSULOSIN HCL/FINASTERIDE,,MEDICINES,75,75,"September 08, 2025",adhoc,A;C;D;E;F;H;I;L;M;N;O;R;S;T;U
010104001900,TARCEVA; TABLET 150MG,ERLOTINIB,MEDICINES,1890,1890,"July 02, 2025",adhoc,A;B;C;E;G;L;M;R;T;V;0;1;5
0101030199005,TEDIZOLID PHOSPHATE,,MEDICINES,17433,19530,"September 08, 2025",adhoc,A;D;E;H;I;L;O;P;S;T;Z
0100040056,TEGAFUR/URACIL,,MEDICINES,283,283,"July 02, 2025",adhoc,A;C;E;F;G;I;L;R;T;U
0101030199010,TEICOPLANIN,,MEDICINES,5113,5113,"July 02, 2025",adhoc,A;C;E;I;L;N;O;P;T
0101030510,TELBIVUDINE,,MEDICINES,492,492,"September 08, 2025",adhoc,B;D;E;I;L;N;T;U;V
0100080910,TELMISARTAN,,MEDICINES,20,63,"September 08, 2025",adhoc,A;E;I;L;M;N;R;S;T
0103050405,TELMISARTAN,,MEDICINES,20,63,"September 08, 2025",adhoc,A;E;I;L;M;N;R;S;T
0104050604,TELMISARTAN/AMLODIPINE,,MEDICINES,27,38,"July 02, 2025",adhoc,A;D;E;I;L;M;N;O;P;R;S;T
0100080911,TELMISARTAN/HCTZ,,MEDICINES,27,63,"September 08, 2025",adhoc,A;C;E;H;I;L;M;N;R;S;T;Z
0101080911,TELMISARTAN/HCTZ,,MEDICINES,27,63,"September 08, 2025",adhoc,A;C;E;H;I;L;M;N;R;S;T;Z
0103050406,TELMISARTAN/HCTZ,,MEDICINES,27,63,"September 08, 2025",adhoc,A;C;E;H;I;L;M;N;R;S;T;Z
0104050603,TELMISARTAN/HCTZ,,MEDICINES,27,63,"September 08, 2025",adhoc,A;C;E;H;I;L;M;N;R;S;T;Z
0101040066,TEMOZOLOMIDE,,MEDICINES,1644,42635,"July 02, 2025",adhoc,D;E;I;L;M;O;T;Z
010403000601,TEMZIVA; VIAL 400MG/20ML (REF),TOCILIZUMAB,MEDICINES,25741,25741,"July 02, 2025",adhoc,A;E;F;G;I;L;M;R;T;V;Z;0;2;4
0101070306,TENECTEPLASE,,MEDICINES,51300,51300,"July 02, 2025",adhoc,A;C;E;L;N;P;S;T
0101140746,TENELIGLIPTIN,,MEDICINES,42,42,"September 08, 2025",adhoc,E;G;I;L;N;P;T
0100030520,TENOFOVIR,,MEDICINES,113,113,"July 02, 2025",adhoc,E;F;I;N;O;R;T;V
0100030521,TENOFOVIR ALAFENAMIDE,,MEDICINES,144,144,"July 02, 2025",adhoc,A;D;E;F;I;L;M;N;O;R;T;V
0100030511,TENOFOVIR DISOPROXIL FUMARATE,,MEDICINES,75,82,"September 08, 2025",adhoc,A;D;E;F;I;L;M;N;O;P;R;S;T;U;V;X
0100030217,TERBINAFINE HCL,,MEDICINES,477,838,"September 08, 2025",adhoc,A;B;C;E;F;H;I;L;N;R;T
0100030218,TERBINAFINE HCL,,MEDICINES,477,838,"September 08, 2025",adhoc,A;B;C;E;F;H;I;L;N;R;T
0100050414,TERBUTALINE SULFATE,,MEDICINES,30,407,"October 23, 2025",adhoc,A;B;E;F;I;L;N;R;S;T;U
0101050414,TERBUTALINE SULFATE,,MEDICINES,30,407,"October 23, 2025",adhoc,A;B;E;F;I;L;N;R;S;T;U
0101210611,TERIPARATIDE,,MEDICINES,53704,53704,"February 07, 2026",adhoc,A;D;E;I;P;R;T
0101141401,TERLIPRESSIN,,MEDICINES,7923,7923,"September 08, 2025",adhoc,E;I;L;N;P;R;S;T
0100140102,TESTOSTERONE UNDECANOATE,,MEDICINES,18868,18868,"September 04, 2025",adhoc,A;C;D;E;N;O;R;S;T;U
0100170026,TETANUS TOXOID ADSORBED,,MEDICINES,163,280,"February 07, 2026",adhoc,A;B;D;E;I;N;O;R;S;T;U;X
0101120803,TETRAHYDROZOLINE HCL,,MEDICINES,160,160,"September 08, 2025",adhoc,A;C;D;E;H;I;L;N;O;R;T;Y;Z
0101040068,THALIDOMIDE,,MEDICINES,441,441,"July 02, 2025",adhoc,A;D;E;H;I;L;M;O;T
0101190201,THEOPHYLLINE,,MEDICINES,17,37,"September 08, 2025",adhoc,E;H;I;L;N;O;P;T;Y
0104160101,THEOPHYLLINE,,MEDICINES,17,37,"September 08, 2025",adhoc,E;H;I;L;N;O;P;T;Y
0100141303,THIAMAZOLE,,MEDICINES,16,49,"February 07, 2026",adhoc,A;E;H;I;L;M;O;T;Z
0101141303,THIAMAZOLE,,MEDICINES,16,49,"February 07, 2026",adhoc,A;E;H;I;L;M;O;T;Z
0101200046,THIAMINE,,MEDICINES,1757,1757,"September 11, 2025",adhoc,A;E;H;I;M;N;T
0101200077,THIAMINE/RIBOFLAVIN/PYRIDOXINE/ASCORBIC ACID/NICOT,,MEDICINES,1337,1337,"September 08, 2025",adhoc,A;B;C;D;E;F;H;I;L;M;N;O;P;R;S;T;V;X;Y
0101090806,THIOCTIC ACID,,MEDICINES,117,1395,"September 08, 2025",adhoc,A;C;D;H;I;O;T
01010400108,THIOTEPA,,MEDICINES,37580,187898,"July 02, 2025",adhoc,A;E;H;I;O;P;T
0101070603,THROMBIN RECOMBINANT,,MEDICINES,19753,19753,"September 04, 2025",adhoc,A;B;C;E;H;I;M;N;O;R;T
010117002800,THYMOGLOBULINE; VIAL 5MG/ML 5ML (REF),RABBIT ANTI-HUMAN THYMOCYTE IMMUNOGLOBULIN,MEDICINES,16402,16402,"July 02, 2025",adhoc,A;B;E;F;G;H;I;L;M;N;O;R;T;U;V;Y;5
0101141501,THYROTROPIN ALFA,,MEDICINES,184851,184851,"November 05, 2025",adhoc,A;F;H;I;L;N;O;P;R;T;Y
0101070209,TICAGRELOR,,MEDICINES,80,131,"September 08, 2025",adhoc,A;C;E;G;I;L;O;R;T
0104040103,TICAGRELOR,,MEDICINES,80,131,"September 08, 2025",adhoc,A;C;E;G;I;L;O;R;T
010404010301,TICALOR; TABLET 90MG,TICAGRELOR,MEDICINES,80,80,"July 02, 2025",adhoc,A;B;C;E;G;I;L;M;O;R;T;0;9
0104010104,TICARCILLIN/CLAVULANIC ACID,,MEDICINES,462,756,"July 02, 2025",adhoc,A;C;D;I;L;N;R;T;U;V
0101070206,TICLOPIDINE,,MEDICINES,243,243,"September 08, 2025",adhoc,C;D;E;I;L;N;O;P;T
0101030194,TIGECYCLINE,,MEDICINES,4340,8384,"September 08, 2025",adhoc,C;E;G;I;L;N;T;Y
01010301112,TIGECYCLINE/SODIUM CHLORIDE,,MEDICINES,4516,8560,"December 03, 2025",adhoc,C;D;E;G;H;I;L;M;N;O;R;S;T;U;Y
0100080617,TIMOLOL,,MEDICINES,550,1119,"September 08, 2025",adhoc,I;L;M;O;T
0100080618,TIMOLOL MALEATE,,MEDICINES,1168,1168,"February 07, 2026",adhoc,A;E;I;L;M;O;T
0103040101,TINZAPARIN,,MEDICINES,904,904,"July 02, 2025",adhoc,A;I;N;P;R;T;Z
0100050207,TIOTROPIUM BROMIDE,,MEDICINES,461,4349,"February 07, 2026",adhoc,B;D;E;I;M;O;P;R;T;U
0101050207,TIOTROPIUM BROMIDE,,MEDICINES,461,4349,"February 07, 2026",adhoc,B;D;E;I;M;O;P;R;T;U
0103030001,TIOTROPIUM BROMIDE,,MEDICINES,461,4349,"February 07, 2026",adhoc,B;D;E;I;M;O;P;R;T;U
0104020101,TIOTROPIUM BROMIDE,,MEDICINES,461,4349,"February 07, 2026",adhoc,B;D;E;I;M;O;P;R;T;U
0101050420,TIOTROPIUM/OLODATEROL,,MEDICINES,4598,4871,"February 07, 2026",adhoc,A;D;E;I;L;M;O;P;R;T;U
0104040101,TIROFIBAN,,MEDICINES,12016,12016,"July 02, 2025",adhoc,A;B;F;I;N;O;R;T
0101180432,TITANIUM DIOXIDE/ZINC OXIDE/CYCLOPENTASILOXANE/C12,,MEDICINES,2347,2347,"September 08, 2025",adhoc,A;C;D;E;I;L;M;N;O;P;S;T;U;X;Y;Z;1;2
0101050606,TIZANIDINE,,MEDICINES,69,69,"September 08, 2025",adhoc,A;D;E;I;N;T;Z
0100030195,TOBRAMYCIN,,MEDICINES,889,1098,"February 07, 2026",adhoc,A;B;C;I;M;N;O;R;T;Y
0100030812,TOBRAMYCIN/DEXAMETHASONE,,MEDICINES,1174,1187,"February 07, 2026",adhoc,A;B;C;D;E;H;I;M;N;O;R;S;T;X;Y
0103020014,TOCILIZUMAB,,MEDICINES,8065,25741,"July 02, 2025",adhoc,A;B;C;I;L;M;O;T;U;Z
010403000602,TOCILIZUMAB ARYOGEN;VIAL 400MG/20ML(REF),TOCILIZUMAB,MEDICINES,25741,25741,"July 02, 2025",adhoc,A;B;C;E;F;G;I;L;M;N;O;R;T;U;V;Y;Z;0;2;4
0101200088,TOCOTRIENOL/TOCOPHEROL COMPLEX,,MEDICINES,137,137,"September 08, 2025",adhoc,C;E;H;I;L;M;N;O;P;R;T;X
0104140103,TOFACITINIB CITRATE,,MEDICINES,814,814,"July 02, 2025",adhoc,A;B;C;E;F;I;N;O;R;T
010302001401,TOLIZUFIX; VIAL 80MG/4ML (EUA) (REF),TOCILIZUMAB,MEDICINES,8065,8065,"July 02, 2025",adhoc,A;E;F;G;I;L;M;O;R;T;U;V;X;Z;0;4;8
0101030219,TOLNAFTATE,,MEDICINES,376,526,"September 08, 2025",adhoc,A;E;F;L;N;O;T
0100110309,TOLVAPTAN,,MEDICINES,1583,1583,"September 08, 2025",adhoc,A;L;N;O;P;T;V
0100090016,TOPIRAMATE,,MEDICINES,68,267,"September 08, 2025",adhoc,A;E;I;M;O;P;R;T
01010400114,TORIPALIMAB,,MEDICINES,237128,237128,"November 25, 2025",adhoc,A;B;I;L;M;O;P;R;T
0100200004,TRACE ELEMENTS,,MEDICINES,303,303,"July 02, 2025",adhoc,A;C;E;L;M;N;R;S;T
010108040900,TRACLEER; TABLET 125MG,BOSENTAN,MEDICINES,1145,1145,"July 02, 2025",adhoc,A;B;C;E;G;L;M;R;T;1;2;5
010114073402,TRAJENTA DUO; TABLET 2.5MG/1 Thousand MG,LINAGLIPTIN/METFORMIN HCL,MEDICINES,30,30,"July 02, 2025",adhoc,A;B;D;E;G;H;J;L;M;N;O;R;S;T;U;1;2;5
010114073400,TRAJENTA DUO; TABLET 2.5MG/500MG,LINAGLIPTIN/METFORMIN HCL,MEDICINES,30,30,"July 02, 2025",adhoc,A;B;D;E;G;J;L;M;N;O;R;T;U;0;2;5
010114073401,TRAJENTA DUO; TABLET 2.5MG/850MG,LINAGLIPTIN/METFORMIN HCL,MEDICINES,30,30,"July 02, 2025",adhoc,A;B;D;E;G;J;L;M;N;O;R;T;U;0;2;5;8
010114073101,TRAJENTA; TABLET 5MG,LINAGLIPTIN,MEDICINES,55,55,"July 02, 2025",adhoc,A;B;E;G;J;L;M;N;R;T;5
0100000601,TRAMADOL HCL,,MEDICINES,41,1602,"September 08, 2025",adhoc,A;C;D;H;L;M;O;R;T
0101000601,TRAMADOL HCL,,MEDICINES,41,1602,"September 08, 2025",adhoc,A;C;D;H;L;M;O;R;T
0101000021,TRAMADOL HCL/DEXKETOPROFEN,,MEDICINES,100,100,"September 08, 2025",adhoc,A;C;D;E;F;H;K;L;M;N;O;P;R;T;X
0101000602,TRAMADOL HCL/PARACETAMOL,,MEDICINES,46,127,"February 07, 2026",adhoc,A;C;D;E;H;L;M;O;P;R;T
0100070604,TRANEXAMIC ACID,,MEDICINES,42,511,"September 08, 2025",adhoc,A;C;D;E;I;M;N;R;T;X
010008040602,TRANSDERM NITRO; PATCH 5MG,NITROGLYCERIN,MEDICINES,64,64,"July 02, 2025",adhoc,A;C;D;E;G;H;I;M;N;O;P;R;S;T;5
0100040059,TRASTUZUMAB,,MEDICINES,19528,130505,"September 08, 2025",adhoc,A;B;M;R;S;T;U;Z
0101040059,TRASTUZUMAB,,MEDICINES,19528,130505,"September 08, 2025",adhoc,A;B;M;R;S;T;U;Z
0103020013,TRASTUZUMAB,,MEDICINES,19528,130505,"September 08, 2025",adhoc,A;B;M;R;S;T;U;Z
01010400107,TRASTUZUMAB DERUXTICAN,,MEDICINES,92643,176476,"February 07, 2026",adhoc,A;B;C;D;E;I;M;N;R;S;T;U;X;Z
010004005905,TRAZIMERA; VIAL 150MG (REF),TRASTUZUMAB,MEDICINES,32546,32546,"July 02, 2025",adhoc,A;E;F;G;I;L;M;R;T;V;Z;0;1;5
010114073800,TRESIBA; FLEXPEN 100U/ML 3ML (REF),INSULIN DEGLUDEC,MEDICINES,763,763,"July 02, 2025",adhoc,A;B;E;F;I;L;M;N;P;R;S;T;U;X;0;1;3
0101040093,TRETINOIN,,MEDICINES,491,16215,"September 08, 2025",adhoc,E;I;N;O;R;T
0101180508,TRETINOIN,,MEDICINES,491,16215,"September 08, 2025",adhoc,E;I;N;O;R;T
0101140032,TRIAMCINOLONE ACETONIDE,,MEDICINES,391,1204,"September 08, 2025",adhoc,A;C;D;E;I;L;M;N;O;R;T
010103019302,TRICLAV; VIAL 1.6G (REF),TICARCILLIN/CLAVULANIC ACID,MEDICINES,462,462,"July 02, 2025",adhoc,A;C;E;F;G;I;L;R;T;V;1;6
010103019303,TRICLAV; VIAL 3.2G (REF),TICARCILLIN/CLAVULANIC ACID,MEDICINES,756,756,"July 02, 2025",adhoc,A;C;E;F;G;I;L;R;T;V;2;3
0100080408,TRIMETAZIDINE,,MEDICINES,21,112,"February 07, 2026",adhoc,A;D;E;I;M;N;R;T;Z
0101080408,TRIMETAZIDINE,,MEDICINES,21,112,"February 07, 2026",adhoc,A;D;E;I;M;N;R;T;Z
010108081702,TRIPLIXAM; TABLET 5MG/1.25MG/10MG,PERINDOPRIL/INDAPAMIDE/AMLODIPINE BESYLATE,MEDICINES,50,50,"July 02, 2025",adhoc,A;B;E;G;I;L;M;P;R;T;X;0;1;2;5
010108081701,TRIPLIXAM; TABLET 5MG/1.25MG/5MG,PERINDOPRIL/INDAPAMIDE/AMLODIPINE BESYLATE,MEDICINES,44,44,"July 02, 2025",adhoc,A;B;E;G;I;L;M;P;R;T;X;1;2;5
0100120600,TROPICAMIDE,,MEDICINES,1023,1023,"September 08, 2025",adhoc,A;C;D;E;I;M;O;P;R;T
0100120601,TROPICAMIDE/PHENYLEPHRINE,,MEDICINES,1191,1191,"February 07, 2026",adhoc,A;C;D;E;H;I;L;M;N;O;P;R;T;Y
0101120912,TRYPAN BLUE,,MEDICINES,481,507,"September 08, 2025",adhoc,A;B;E;L;N;P;R;T;U;Y
0101120914,TRYPAN BLUE/BLULIFE,,MEDICINES,393,8151,"July 02, 2025",adhoc,A;B;E;F;I;L;N;P;R;T;U;Y
0101050422,TULOBUTEROL,,MEDICINES,374,374,"September 08, 2025",adhoc,B;E;L;O;R;T;U
010108091401,TWYNSTA; TABLET 40MG/10MG,TELMISARTAN/AMLODIPINE,MEDICINES,27,27,"July 02, 2025",adhoc,A;B;E;G;L;M;N;S;T;W;Y;0;1;4
010108091400,TWYNSTA; TABLET 40MG/5MG,TELMISARTAN/AMLODIPINE,MEDICINES,27,27,"July 02, 2025",adhoc,A;B;E;G;L;M;N;S;T;W;Y;0;4;5
010108091403,TWYNSTA; TABLET 80MG/10MG,TELMISARTAN/AMLODIPINE,MEDICINES,38,38,"July 02, 2025",adhoc,A;B;E;G;L;M;N;S;T;W;Y;0;1;8
010108091402,TWYNSTA; TABLET 80MG/5MG,TELMISARTAN/AMLODIPINE,MEDICINES,38,38,"July 02, 2025",adhoc,A;B;E;G;L;M;N;S;T;W;Y;0;5;8
010104008700,TYKERB; TABLET 250MG,LAPATINIB DITOSYLATE,MEDICINES,486,486,"July 02, 2025",adhoc,A;B;E;G;K;L;M;R;T;Y;0;2;5
0101090802,UBIDECARENONE,,MEDICINES,47,58,"September 08, 2025",adhoc,A;B;C;D;E;I;N;O;R;U
0101141006,ULIPRISTAL ACETATE,,MEDICINES,15168,15168,"September 04, 2025",adhoc,A;C;E;I;L;P;R;S;T;U
0101050419,UMECLIDINIUM BR/VILANTEROL TRIFENATATE,,MEDICINES,4244,4244,"February 07, 2026",adhoc,A;B;C;D;E;F;I;L;M;N;O;R;T;U;V
0101120701,UNOPROSTONE ISOPROPYL,,MEDICINES,1362,1362,"September 08, 2025",adhoc,E;I;L;N;O;P;R;S;T;U;Y
0101180416,UREA,,MEDICINES,1089,1527,"September 08, 2025",adhoc,A;E;R;U
0101200093,URIDIN/VIT B12/FOLIC ACID,,MEDICINES,50,50,"February 07, 2026",adhoc,A;B;C;D;F;I;L;N;O;R;T;U;V;1;2
0100130403,URSODEOXYCHOLIC ACID,,MEDICINES,70,165,"February 07, 2026",adhoc,A;C;D;E;H;I;L;O;R;S;U;X;Y
0101130403,URSODEOXYCHOLIC ACID,,MEDICINES,70,165,"February 07, 2026",adhoc,A;C;D;E;H;I;L;O;R;S;U;X;Y
0104140102,USTEKINUMAB,,MEDICINES,160923,160923,"July 02, 2025",adhoc,A;B;E;I;K;M;N;S;T;U
0100030505,VALACICLOVIR,,MEDICINES,148,400,"February 07, 2026",adhoc,A;C;I;L;O;R;V
0100030506,VALGANCICLOVIR HCL,,MEDICINES,1965,2805,"February 07, 2026",adhoc,A;C;G;H;I;L;N;O;R;V
010108040302,VALHEART; TABLET 5MG,IVABRADINE,MEDICINES,33,33,"July 02, 2025",adhoc,A;B;E;G;H;I;L;M;R;T;V;5
010108040303,VALHEART; TABLET 7.5MG,IVABRADINE,MEDICINES,34,34,"July 02, 2025",adhoc,A;B;E;G;H;I;L;M;R;T;V;5;7
0100090018,VALPROIC ACID,,MEDICINES,77,1585,"September 08, 2025",adhoc,A;C;D;I;L;O;P;R;V
0101090018,VALPROIC ACID,,MEDICINES,77,1585,"September 08, 2025",adhoc,A;C;D;I;L;O;P;R;V
0100080912,VALSARTAN,,MEDICINES,41,154,"February 07, 2026",adhoc,A;L;N;R;S;T;V
0101080912,VALSARTAN,,MEDICINES,41,154,"February 07, 2026",adhoc,A;L;N;R;S;T;V
0100080913,VALSARTAN/HCTZ,,MEDICINES,44,193,"February 07, 2026",adhoc,A;C;H;L;N;R;S;T;V;Z
0101080913,VALSARTAN/HCTZ,,MEDICINES,44,193,"February 07, 2026",adhoc,A;C;H;L;N;R;S;T;V;Z
0100030196,VANCOMYCIN HCL,,MEDICINES,2390,2932,"February 07, 2026",adhoc,A;C;H;I;L;M;N;O;V;Y
01000301103,VANCOMYCIN HCL/SODIUM CHLORIDE,,MEDICINES,2124,2718,"December 03, 2025",adhoc,A;C;D;E;H;I;L;M;N;O;R;S;U;V;Y
0100211300,VARENICLINE,,MEDICINES,167,167,"September 04, 2025",adhoc,A;C;E;I;L;N;R;V
010108080600,VASCOR; TABLET 10MG,IMIDAPRIL HCL,MEDICINES,25,25,"July 02, 2025",adhoc,A;B;C;E;G;I;L;M;O;R;S;T;V;0;1
0100110307,VASOPRESSIN,,MEDICINES,4092,4092,"February 07, 2026",adhoc,A;E;I;N;O;P;R;S;V
010104007100,VECTIBIX; VIAL 20MG/ML 5ML (REF),PANITUMUMAB,MEDICINES,28929,28929,"July 02, 2025",adhoc,A;B;C;E;F;G;I;L;M;P;R;T;V;X;0;2;5
0101340102,VEDOLIZUMAB,,MEDICINES,14973,121588,"July 02, 2025",adhoc,A;B;D;E;I;L;M;O;U;V;Z
010114072603,VELMETIA; TABLET 50MG/1 ThousandMG,SITAGLIPTIN/METFORMIN HCL,MEDICINES,32,32,"July 02, 2025",adhoc,A;B;D;E;G;H;I;L;M;N;O;S;T;U;V;0;1;5
010114072604,VELMETIA; TABLET 50MG/500MG,SITAGLIPTIN/METFORMIN HCL,MEDICINES,30,30,"July 02, 2025",adhoc,A;B;E;G;I;L;M;S;T;V;0;5
010108041201,VENTAVIS; INHALATION SOLN 20MCG/2ML,ILOPROST,MEDICINES,1587,1587,"October 14, 2025",adhoc,A;C;E;G;H;I;L;M;N;O;S;T;V;0;2
0100080718,VERAPAMIL,,MEDICINES,2068,2068,"July 02, 2025",adhoc,A;E;I;L;M;P;R;V
0100080714,VERAPAMIL HCL,,MEDICINES,81,3892,"October 23, 2025",adhoc,A;C;E;H;I;L;M;P;R;V
0101080714,VERAPAMIL HCL,,MEDICINES,81,3892,"October 23, 2025",adhoc,A;C;E;H;I;L;M;P;R;V
010108081801,VIACORAM INITIO; TABLET 3.5MG/2.5MG,PERINDOPRIL/AMLODIPINE BESILATE,MEDICINES,20,20,"July 02, 2025",adhoc,A;B;C;E;G;I;L;M;N;O;P;R;T;V;2;3;5
010114072900,VICTOZA; PREFILLED SYRINGE 6MG/ML 3ML (REF),LIRAGLUTIDE,MEDICINES,3173,3173,"July 02, 2025",adhoc,A;C;D;E;F;G;I;L;M;N;O;P;R;S;T;V;Y;Z;3;6
0101200076,VIGNA RADIATA/EUCOMMIA ULMOIDES,,MEDICINES,59,59,"September 04, 2025",adhoc,A;C;D;E;G;I;L;M;N;O;R;S;T;U;V
0101140727,VILDAGLIPTIN,,MEDICINES,56,72,"February 07, 2026",adhoc,A;D;G;I;L;N;P;T;V
0101140730,VILDAGLIPTIN/METFORMIN HCL,,MEDICINES,56,67,"February 07, 2026",adhoc,A;C;D;E;F;G;H;I;L;M;N;O;P;R;T;V
0100040060,VINBLASTINE,,MEDICINES,2341,2341,"July 02, 2025",adhoc,A;B;E;I;L;N;S;T;V
0100040061,VINCRISTINE,,MEDICINES,37,1425,"July 02, 2025",adhoc,C;E;I;N;R;S;T;V
0101040063,VINORELBINE TARTRATE,,MEDICINES,13425,19912,"July 02, 2025",adhoc,A;B;E;I;L;N;O;R;T;V
0101180433,VIRGIN COCONUT OIL/MONOLAURIN,,MEDICINES,2029,2029,"September 04, 2025",adhoc,A;C;G;I;L;M;N;O;R;T;U;V
0101200105,VIT B1/VIT B2/VIT B6/VIT B12/NICOTINAMIDE/DEXPANTH,,MEDICINES,311,311,"September 04, 2025",adhoc,A;B;C;D;E;H;I;M;N;O;P;T;V;X;1;2;6
0101200048,VITAMIN A C E ZINC,,MEDICINES,31,31,"September 04, 2025",adhoc,A;C;E;I;M;N;T;V;Z
0101110211,VITAMIN A D E K,,MEDICINES,2821,2821,"September 04, 2025",adhoc,A;D;E;I;K;M;N;T;V
0101200087,VITAMIN A/VITAMIN D/CA HYPOPHOSPHITE,,MEDICINES,487,487,"September 04, 2025",adhoc,A;C;D;E;H;I;M;N;O;P;S;T;V;Y
0100200050,VITAMIN B1B6B12,,MEDICINES,8,634,"September 08, 2025",adhoc,A;B;I;M;N;T;V;1;2;6
0101200050,VITAMIN B1B6B12,,MEDICINES,8,634,"September 08, 2025",adhoc,A;B;I;M;N;T;V;1;2;6
0101200098,VITAMIN B1B6B12/ELEMENTAL IRON/LYSINE,,MEDICINES,197,197,"September 04, 2025",adhoc,A;B;E;I;L;M;N;O;R;S;T;V;Y;1;2;6
0101200073,VITAMIN B1B6B12/VITAMIN E,,MEDICINES,24,24,"September 04, 2025",adhoc,A;B;E;I;M;N;T;V;1;2;6
0101200074,VITAMIN C/ZINC,,MEDICINES,228,255,"September 06, 2025",adhoc,A;C;I;M;N;T;V;Z
0101200058,VITAMIN D3,,MEDICINES,11,1058,"September 06, 2025",adhoc,A;D;I;M;N;T;V;3
0101200051,VITAMIN E,,MEDICINES,14,19,"September 06, 2025",adhoc,A;E;I;M;N;T;V
0101200089,VITAMIN E/SELENIUM,,MEDICINES,30,30,"September 04, 2025",adhoc,A;E;I;L;M;N;S;T;U;V
0101130901,VONOPRAZAN FUMARATE,,MEDICINES,383,383,"February 07, 2026",adhoc,A;E;F;M;N;O;P;R;T;U;V;Z
0100030220,VORICONAZOLE,,MEDICINES,3052,11592,"February 07, 2026",adhoc,A;C;E;I;L;N;O;R;V;Z
0101090115,VORTIOXETINE,,MEDICINES,53,163,"September 08, 2025",adhoc,E;I;N;O;R;T;V;X
0104060002,VORTIOXETINE,,MEDICINES,53,163,"September 08, 2025",adhoc,E;I;N;O;R;T;V;X
010108020400,VYTORIN; TABLET 10MG/10MG,EZETIMIBE/SIMVASTATIN,MEDICINES,61,61,"July 02, 2025",adhoc,A;B;E;G;I;L;M;N;O;R;T;V;Y;0;1
010108020401,VYTORIN; TABLET 10MG/20MG,EZETIMIBE/SIMVASTATIN,MEDICINES,77,77,"July 02, 2025",adhoc,A;B;E;G;I;L;M;N;O;R;T;V;Y;0;1;2
0103040102,WARFARIN NA,,MEDICINES,27,47,"July 02, 2025",adhoc,A;F;I;N;R;W
0101180435,WATER/GLYCERIN/CETEARYL ALCOHOL/PETROLATUM,,MEDICINES,270,270,"September 03, 2025",adhoc,A;C;E;G;H;I;L;M;N;O;P;R;T;U;W;Y
0101180427,WATER/GLYCERIN/STEARIC ACID/PETROLATUM,,MEDICINES,143,143,"September 03, 2025",adhoc,A;C;D;E;G;I;L;M;N;O;P;R;S;T;U;W;Y
0101180428,WATER/SODIUM LAURETH SULFATE/COCAMIDOPROPYL BETAIN,,MEDICINES,205,483,"September 06, 2025",adhoc,A;B;C;D;E;F;H;I;L;M;N;O;P;R;S;T;U;W;Y
0101211202,WRIGHTIA & INDIGOFERA TINCTORIA/PSORALEA CORYLIFOL,,MEDICINES,1247,2046,"September 08, 2025",adhoc,A;C;D;E;F;G;H;I;L;N;O;P;R;S;T;W;Y
0101211203,WRIGHTIA & INDIGOFERA TINCTORIA/PSORALEA CORYLIFOL,,MEDICINES,1247,2046,"September 08, 2025",adhoc,A;C;D;E;F;G;H;I;L;N;O;P;R;S;T;W;Y
0101070111002,XAGULANT 2.5; TABLET 2.5MG,APIXABAN,MEDICINES,91,91,"July 02, 2025",adhoc,A;B;E;G;L;M;N;T;U;X;2;5
0101070111003,XAGULANT 5; TABLET 5MG,APIXABAN,MEDICINES,90,90,"July 02, 2025",adhoc,A;B;E;G;L;M;N;T;U;X;5
010114072502,XELEVIA; TABLET 100MG,SITAGLIPTIN PHOSPHATE,MEDICINES,65,65,"July 02, 2025",adhoc,A;B;E;G;I;L;M;S;T;V;X;0;1
010114072503,XELEVIA; TABLET 50MG,SITAGLIPTIN PHOSPHATE,MEDICINES,53,53,"July 02, 2025",adhoc,A;B;E;G;I;L;M;S;T;V;X;0;5
010021080201,XELJANZ; TABLET 5MG,TOFACITINIB CITRATE,MEDICINES,814,814,"July 02, 2025",adhoc,A;B;E;G;J;L;M;N;T;X;Z;5
010129000,XYLITOL,,MEDICINES,270,270,"September 04, 2025",adhoc,I;L;O;T;X;Y
0101030507,ZANAMIVIR,,MEDICINES,2158,2158,"September 03, 2025",adhoc,A;I;M;N;R;V;Z
010108070700,ZANIDIP; TABLET 10MG,LERCANIDIPINE,MEDICINES,30,30,"July 02, 2025",adhoc,A;B;D;E;G;I;L;M;N;P;T;Z;0;1
010108070701,ZANIDIP; TABLET 20MG,LERCANIDIPINE,MEDICINES,41,41,"July 02, 2025",adhoc,A;B;D;E;G;I;L;M;N;P;T;Z;0;2
0101040105,ZANUBRUTINIB,,MEDICINES,212484,212484,"July 02, 2025",adhoc,A;B;I;N;R;T;U;Z
010108060400,ZIAC; TABLET 2.5MG/6.25MG,BISOPROLOL/HCTZ,MEDICINES,16,16,"July 02, 2025",adhoc,A;B;C;E;G;I;L;M;T;Z;2;5;6
010108060401,ZIAC; TABLET 5MG/6.25MG,BISOPROLOL/HCTZ,MEDICINES,19,19,"July 02, 2025",adhoc,A;B;C;E;G;I;L;M;T;Z;2;5;6
0100030508,ZIDOVUDINE,,MEDICINES,113,113,"February 07, 2026",adhoc,D;E;I;N;O;U;V;Z
0100200005,ZINC,,MEDICINES,163,171,"February 07, 2026",adhoc,C;I;N;Z
0100200055,ZINC,,MEDICINES,163,171,"February 07, 2026",adhoc,C;I;N;Z
0100200054,ZINC GLUCONATE,,MEDICINES,8,10,"September 08, 2025",adhoc,A;C;E;G;I;L;N;O;T;U;Z
0101200111,ZINC GLUCONATE,,MEDICINES,8,10,"September 08, 2025",adhoc,A;C;E;G;I;L;N;O;T;U;Z
0101180441,ZINC OXIDE,,MEDICINES,321,321,"September 03, 2025",adhoc,C;D;E;I;N;O;X;Z
0101180425,ZINC OXIDE/ALLANTOIN/ALOE BARBADENSIS/GLYCERIN/GLY,,MEDICINES,277,277,"September 03, 2025",adhoc,A;B;C;D;E;G;I;L;N;O;R;S;T;X;Y;Z
0101180201,ZINC OXIDE/CALAMINE,,MEDICINES,107,107,"July 02, 2025",adhoc,A;C;D;E;I;L;M;N;O;X;Z
010004002800,ZOLADEX DEPOT; PREFILLED SYRINGE 3.6MG,GOSERELIN,MEDICINES,5783,5783,"July 02, 2025",adhoc,A;D;E;F;G;I;L;M;N;O;P;R;S;T;X;Y;Z;3;6
010004002801,ZOLADEX LADEPOT; PREFILLED SYRINGE 10.8MG,GOSERELIN,MEDICINES,19725,19725,"July 02, 2025",adhoc,A;D;E;F;G;I;L;M;N;O;P;R;S;T;X;Y;Z;0;1;8
0100210609,ZOLEDRONIC ACID,,MEDICINES,16083,37349,"February 07, 2026",adhoc,A;C;D;E;I;L;N;O;R;Z
0101040204,ZOLEDRONIC ACID,,MEDICINES,16083,37349,"February 07, 2026",adhoc,A;C;D;E;I;L;N;O;R;Z
0100210610,ZOLEDRONIC HCL,,MEDICINES,29137,29137,"July 02, 2025",adhoc,C;D;E;H;I;L;N;O;R;Z
0100090401,ZOLPIDEM,,MEDICINES,89,197,"February 07, 2026",adhoc,D;E;I;L;M;O;P;Z
0101090019,ZONISAMIDE,,MEDICINES,75,75,"September 03, 2025",adhoc,A;D;E;I;M;N;O;S;Z
0101040032,INFLIXIMAB,,MEDICINES PHIC EXCLUDED,26785,48128,"October 23, 2025",adhoc,A;B;F;I;L;M;N;X
04220055,BASIC BEHAVIORAL AND PSYCHIATRIC CLINICAL EVALUATION,,MEMORY PLUS,11000,13800,"March 03, 2026",adhoc,A;B;C;D;E;H;I;L;N;O;P;R;S;T;U;V;Y
04220056,COGNITIVE REHABILITATION PROGRAM DEVELOPMENT,,MEMORY PLUS,12500,15700,"March 03, 2026",adhoc,A;B;C;D;E;G;H;I;L;M;N;O;P;R;T;V
04220016,COMPREHENSIVE GERIATRIC ASSESSMENT/CONSULT,,MEMORY PLUS,1770,5200,"March 03, 2026",adhoc,A;C;E;G;H;I;L;M;N;O;P;R;S;T;U;V
04220017,GERIATRIC CONSULT,,MEMORY PLUS,2780,3500,"March 03, 2026",adhoc,A;C;E;G;I;L;N;O;R;S;T;U
04220054,MEMORY AND BRAIN WELLNESS SCREEN,,MEMORY PLUS,2000,2500,"March 03, 2026",adhoc,A;B;C;D;E;I;L;M;N;O;R;S;W;Y
04220018,MEMORY PLUS CENTER - CONSULTATION,,MEMORY PLUS,11900,14900,"March 03, 2026",adhoc,A;C;E;I;L;M;N;O;P;R;S;T;U;Y
04220041,MEMORY PLUS CENTER - FOLLOW UP,,MEMORY PLUS,6350,8000,"March 03, 2026",adhoc,C;E;F;L;M;N;O;P;R;S;T;U;W;Y
04220035,MEMORY PLUS PACKAGE,,MEMORY PLUS,21000,57500,"March 03, 2026",adhoc,A;C;E;G;K;L;M;O;P;R;S;U;Y
04220042,NEUROCOGNITIVE EVALUATION,,MEMORY PLUS,11250,14100,"March 03, 2026",adhoc,A;C;E;G;I;L;N;O;R;T;U;V
04220019,MOOD DISORDERS CONSULTATION AND EVALUATION,,MOOD DISORDERS CLINIC,7520,11500,"March 03, 2026",adhoc,A;C;D;E;I;L;M;N;O;R;S;T;U;V
04220020,BLEPHAROSPASM SPASM,,MOVEMENT DISORDERS,16000,39200,"March 03, 2026",adhoc,A;B;E;H;L;M;O;P;R;S
04220021,CERVICAL DYSTONIA SPASM,,MOVEMENT DISORDERS,16000,40400,"March 03, 2026",adhoc,A;C;D;E;I;L;M;N;O;P;R;S;T;V;Y
04220022,HEMIFACIAL SPASM,,MOVEMENT DISORDERS,16000,40400,"March 03, 2026",adhoc,A;C;E;F;H;I;L;M;P;S
18390001,MOVEMENT DISORDER PACKAGE,,MOVEMENT DISORDERS,14700,18400,"March 03, 2026",adhoc,A;C;D;E;G;I;K;M;N;O;P;R;S;T;V
04220023,SPASTICY (BODY) SPASM,,MOVEMENT DISORDERS,16500,41800,"March 03, 2026",adhoc,A;B;C;D;I;M;O;P;S;T;Y
04220024,SPECIAL PROCEDURES SPASM,,MOVEMENT DISORDERS,16500,41800,"March 03, 2026",adhoc,A;C;D;E;I;L;M;O;P;R;S;U
0430030001,MR CHOLANGIOPANCREATOGRAPHY W/ CONTRAST,,MRI,18900,36500,"March 04, 2026",adhoc,A;C;E;G;H;I;L;M;N;O;P;R;S;T;W;Y
0430030002,MR ENTEROGRAPHY,,MRI,18200,53100,"March 04, 2026",adhoc,A;E;G;H;M;N;O;P;R;T;Y
0430030003,MR SPECTROSCOPY,,MRI,11150,34000,"March 04, 2026",adhoc,C;E;M;O;P;R;S;T;Y
0430030004,MRA ABDOMEN W/ CONTRAST,,MRI,25600,49700,"March 04, 2026",adhoc,A;B;C;D;E;M;N;O;R;S;T;W
0430030128,MRA ABDOMINAL AORTA W/ CONTRAST,,MRI,25400,49500,"March 04, 2026",adhoc,A;B;C;D;I;L;M;N;O;R;S;T;W
0430030005,MRA BRAIN W/ AND W/O CONTRAST,,MRI,10900,29000,"March 04, 2026",adhoc,A;B;C;D;I;M;N;O;R;S;T;W
0430030006,MRA CHEST W/ IV CONTRAST,,MRI,24700,48600,"March 04, 2026",adhoc,A;C;E;H;I;M;N;O;R;S;T;V;W
0430030007,MRA FACE W/ CONTRAST,,MRI,24700,48600,"March 04, 2026",adhoc,A;C;E;F;M;N;O;R;S;T;W
0430030008,MRA KIDNEY (RENAL ARTERIES) W/ CONTRAST,,MRI,24700,48600,"March 04, 2026",adhoc,A;C;D;E;I;K;L;M;N;O;R;S;T;W;Y
0430030009,MRA NECK & CAROTID W/ CONTRAST,,MRI,19100,37200,"March 04, 2026",adhoc,A;C;D;E;I;K;M;N;O;R;S;T;W
0430030129,MRA NECK W/O CONTRAST,,MRI,10900,23400,"March 04, 2026",adhoc,A;C;E;K;M;N;O;R;S;T;W
0430030010,MRA PERIPHERAL W/ CONTRAST,,MRI,30800,56600,"March 04, 2026",adhoc,A;C;E;H;I;L;M;N;O;P;R;S;T;W
0430030011,MRA RENAL ARTERIES W/O CONTRAST,,MRI,16700,32700,"March 04, 2026",adhoc,A;C;E;I;L;M;N;O;R;S;T;W
0430030012,MRA THORACIC AORTA W/ CONTRAST,,MRI,25400,49500,"March 04, 2026",adhoc,A;C;H;I;M;N;O;R;S;T;W
0430030013,MRA UPPER ABDOMEN W/ CONTRAST,,MRI,25000,49000,"March 04, 2026",adhoc,A;B;C;D;E;M;N;O;P;R;S;T;U;W
0430030014,MRI & MRA HEAD & MRA CAROTID W/ IV CONTRAST,,MRI,22800,46200,"March 04, 2026",adhoc,A;C;D;E;H;I;M;N;O;R;S;T;V;W
0430030015,MRI ADRENAL GLANDS W/ AND W/O CONTRAST,,MRI,12600,34800,"March 04, 2026",adhoc,A;C;D;E;G;I;L;M;N;O;R;S;T;W
0430030033,MRI ANKLE W/ AND W/O CONTRAST,,MRI,11300,28800,"March 04, 2026",adhoc,A;C;D;E;I;K;L;M;N;O;R;S;T;W
0430030034,MRI ARM W/ AND W/O CONTRAST,,MRI,11300,28800,"March 04, 2026",adhoc,A;C;D;I;M;N;O;R;S;T;W
0430030016,MRI ARTHROGRAM,,MRI,14800,28800,"March 04, 2026",adhoc,A;G;H;I;M;O;R;T
0430030130,MRI BRAIN CSF FLOW W/O CONTRAST,,MRI,17700,33400,"March 04, 2026",adhoc,A;B;C;F;I;L;M;N;O;R;S;T;W
0430030131,MRI BRAIN DWIS ONLY W/O CONTRAST,,MRI,7800,18300,"March 04, 2026",adhoc,A;B;C;D;I;L;M;N;O;R;S;T;W;Y
0430030132,MRI BRAIN KOLIBRI W/ AND W/O CONTRAST,,MRI,11300,26600,"March 04, 2026",adhoc,A;B;C;D;I;K;L;M;N;O;R;S;T;W
0430030133,MRI BRAIN PERFUSION W/ CONTRAST,,MRI,30400,56200,"March 04, 2026",adhoc,A;B;C;E;F;I;M;N;O;P;R;S;T;U;W
0430030018,MRI BRAIN STEM RECONSTRUCTION (THIN SLICE 1MM),,MRI,2850,3600,"March 04, 2026",adhoc,A;B;C;E;H;I;L;M;N;O;R;S;T;U;1
0430030134,MRI BRAIN W/ AND W/O CONTRAST,,MRI,11300,26700,"March 04, 2026",adhoc,A;B;C;D;I;M;N;O;R;S;T;W
0430030125,MRI BRAIN W/ CONTRAST & MR SPECTROSCOPY,,MRI,20100,37700,"March 04, 2026",adhoc,A;B;C;E;I;M;N;O;P;R;S;T;W;Y
0430030135,MRI BRAIN W/ CONTRAST & MRA INTRACRANIAL VESSELS,,MRI,16300,31800,"March 04, 2026",adhoc,A;B;C;E;I;L;M;N;O;R;S;T;V;W
0430030127,MRI BRAIN W/O CONTRAST & MRA INTRACRANIAL VESSELS,,MRI,12600,25600,"March 04, 2026",adhoc,A;B;C;E;I;L;M;N;O;R;S;T;V;W
0430030019,MRI CARDIAC W/ AND W/O CONTRAST,,MRI,28300,57400,"March 04, 2026",adhoc,A;C;D;I;M;N;O;R;S;T;W
0430030020,MRI CERVICAL SPINE W/ AND W/O CONTRAST,,MRI,11300,29200,"March 04, 2026",adhoc,A;C;D;E;I;L;M;N;O;P;R;S;T;V;W
0430030021,MRI CERVICO-THORACIC SPINE W/ AND W/O CONTRAST,,MRI,18600,46700,"March 04, 2026",adhoc,A;C;D;E;H;I;M;N;O;P;R;S;T;V;W
0430030022,MRI CHEST W/ AND W/O CONTRAST,,MRI,12100,33900,"March 04, 2026",adhoc,A;C;D;E;H;I;M;N;O;R;S;T;W
0430030023,MRI CHOLANGIOPANCREATOGRAPHY W/O CONTRAST,,MRI,12500,25400,"March 04, 2026",adhoc,A;C;E;G;H;I;L;M;N;O;P;R;S;T;W;Y
0430030024,MRI COCCYX W/ CONTRAST,,MRI,14500,28400,"March 04, 2026",adhoc,A;C;I;M;N;O;R;S;T;W;X;Y
0430030035,MRI ELBOW W/ AND W/O CONTRAST,,MRI,11300,28800,"March 04, 2026",adhoc,A;B;C;D;E;I;L;M;N;O;R;S;T;W
0430030025,MRI FIBER TRACKING OF BRAIN (TRACTOGRAPHY) W/O CONTRAST,,MRI,16200,31800,"March 04, 2026",adhoc,A;B;C;E;F;G;H;I;K;M;N;O;P;R;S;T;W;Y
0430030036,MRI FOOT W/ AND W/O CONTRAST,,MRI,11300,29700,"March 04, 2026",adhoc,A;C;D;F;I;M;N;O;R;S;T;W
0430030037,MRI FOREARM W/ AND W/O CONTRAST,,MRI,11300,28800,"March 04, 2026",adhoc,A;C;D;E;F;I;M;N;O;R;S;T;W
0430030029,MRI FUNCTIONAL FOR THE BRAIN W/O CONTRAST,,MRI,16200,31800,"March 04, 2026",adhoc,A;B;C;E;F;H;I;L;M;N;O;R;S;T;U;W
0430030038,MRI HAND W/ AND W/O CONTRAST,,MRI,11300,28800,"March 04, 2026",adhoc,A;C;D;H;I;M;N;O;R;S;T;W
0430030031,MRI HIP JOINT/PELVIC BONE W/ AND W/O CONTRAST,,MRI,12300,28900,"March 04, 2026",adhoc,A;B;C;D;E;H;I;J;L;M;N;O;P;R;S;T;V;W
0430030032,MRI INTERNAL ACOUSTIC CANAL W/ AND W/O CONTRAST,,MRI,11900,28400,"March 04, 2026",adhoc,A;C;D;E;I;L;M;N;O;R;S;T;U;W
0430030040,MRI KNEE W/ AND W/O CONTRAST,,MRI,11300,28800,"March 04, 2026",adhoc,A;C;D;E;I;K;M;N;O;R;S;T;W
0430030041,MRI LEG W/ AND W/O CONTRAST,,MRI,11300,29700,"March 04, 2026",adhoc,A;C;D;E;G;I;L;M;N;O;R;S;T;W
0430030136,MRI LIVER W/ PRIMOVIST,,MRI,38900,70900,"March 04, 2026",adhoc,E;I;L;M;O;P;R;S;T;V;W
0430030126,MRI LOWER ABDOMEN/PELVIS W/ AND W/O CONTRAST,,MRI,12600,35800,"March 04, 2026",adhoc,A;B;C;D;E;I;L;M;N;O;P;R;S;T;V;W
0430030047,MRI LUMBAR SPINE W/ AND W/O CONTRAST,,MRI,10900,29200,"March 04, 2026",adhoc,A;B;C;D;E;I;L;M;N;O;P;R;S;T;U;W
0430030124,MRI LUMBOSACRAL SPINE W/ AND W/O CONTRAST,,MRI,18600,46700,"March 04, 2026",adhoc,A;B;C;D;E;I;L;M;N;O;P;R;S;T;U;W
0430030048,MRI MAMMOGRAPHY W/ CONTRAST,,MRI,20100,37700,"March 04, 2026",adhoc,A;C;G;H;I;M;N;O;P;R;S;T;W;Y
0430030049,MRI MULTIPARAMETRIC PROSTATE W/ AND W/O CONTRAST,,MRI,12100,45600,"March 04, 2026",adhoc,A;C;D;E;I;L;M;N;O;P;R;S;T;U;W
0430030050,MRI NECK/NASOPHARYNX W/ AND W/O CONTRAST,,MRI,11500,30400,"March 04, 2026",adhoc,A;C;D;E;H;I;K;M;N;O;P;R;S;T;W;X;Y
0430030142,MRI OF THE LIVER (PRIMOVIST) WITH MRCP,,MRI,41000,51300,"March 04, 2026",adhoc,C;E;F;H;I;L;M;O;P;R;S;T;V;W
0430030051,MRI ORBITS W/ AND W/O CONTRAST,,MRI,11900,28900,"March 04, 2026",adhoc,A;B;C;D;I;M;N;O;R;S;T;W
0430030052,MRI SACRUM OR COCCYX W/O CONTRAST,,MRI,11300,23900,"March 04, 2026",adhoc,A;C;I;M;N;O;R;S;T;U;W;X;Y
0430030139,MRI SACRUM W/ CONTRAST,,MRI,15200,28800,"March 04, 2026",adhoc,A;C;I;M;N;O;R;S;T;U;W
0430030053,MRI SELLA TURCICA (PITUITARY GLAND) W/ AND W/O CONTRAST,,MRI,11900,28400,"March 04, 2026",adhoc,A;C;D;E;G;I;L;M;N;O;P;R;S;T;U;W;Y
0430030042,MRI SHOULDER W/ AND W/O CONTRAST,,MRI,11300,28800,"March 04, 2026",adhoc,A;C;D;E;H;I;L;M;N;O;R;S;T;U;W
0430030140,MRI SPECTROSCOPY W/ IV CONTRAST,,MRI,26200,50500,"March 04, 2026",adhoc,A;C;E;I;M;N;O;P;R;S;T;V;W;Y
0430030055,MRI TEMPOROMANDIBULAR JOINT W/O CONTRAST,,MRI,14400,27800,"March 04, 2026",adhoc,A;B;C;D;E;I;J;L;M;N;O;P;R;S;T;U;W
0430030043,MRI THIGH W/ AND W/O CONTRAST,,MRI,11300,28800,"March 04, 2026",adhoc,A;C;D;G;H;I;M;N;O;R;S;T;W
0430030056,MRI THORACIC SPINE W/ AND W/O CONTRAST,,MRI,11300,29200,"March 04, 2026",adhoc,A;C;D;E;H;I;M;N;O;P;R;S;T;W
0430030057,MRI THORACO-LUMBAR SPINE W/ AND W/O CONTRAST,,MRI,18600,46700,"March 04, 2026",adhoc,A;B;C;D;E;H;I;L;M;N;O;P;R;S;T;U;W
0430030058,MRI UPPER ABDOMEN (LIVER SPECIFIC),,MRI,38900,70900,"March 04, 2026",adhoc,A;B;C;D;E;F;I;L;M;N;O;P;R;S;U;V
0430030046,MRI UPPER AND LOWER ABDOMEN,,MRI,12600,35800,"March 04, 2026",adhoc,A;B;D;E;I;L;M;N;O;P;R;U;W
0430030075,MRI WHOLE ABDOMEN W/ AND W/O CONTRAST,,MRI,21600,52200,"March 04, 2026",adhoc,A;B;C;D;E;H;I;L;M;N;O;R;S;T;W
0430030143,MRI WHOLE ABDOMEN W/ PRIMOVIST,,MRI,51300,95800,"March 04, 2026",adhoc,A;B;D;E;H;I;L;M;N;O;P;R;S;T;V;W
0430030076,MRI WHOLE BODY,,MRI,56800,103400,"March 04, 2026",adhoc,B;D;E;H;I;L;M;O;R;W;Y
0430030077,MRI WHOLE SPINE,,MRI,28900,68300,"March 04, 2026",adhoc,E;H;I;L;M;N;O;P;R;S;W
0430030044,MRI WRIST W/ AND W/O CONTRAST,,MRI,11300,28800,"March 04, 2026",adhoc,A;C;D;I;M;N;O;R;S;T;W
0430030078,MRI/MRV BRAIN W/ AND W/O CONTRAST,,MRI,12200,31800,"March 04, 2026",adhoc,A;B;C;D;I;M;N;O;R;S;T;V;W
0430030079,MRV BRAIN W/ AND W/O CONTRAST,,MRI,10900,29000,"March 04, 2026",adhoc,A;B;C;D;I;M;N;O;R;S;T;V;W
0430030141,POST PROCESSING FEE (PROSTATE CONTOURING),,MRI,2710,3400,"March 04, 2026",adhoc,A;C;E;F;G;I;N;O;P;R;S;T;U
1838020002,MWC FEMALE PRE-BOARDING EXAM PACKAGE OUP,,MWC HEALTH SCREENING,2950,3700,"July 29, 2026",adhoc,A;B;C;D;E;F;G;I;K;L;M;N;O;P;R;U;W;X
1838020003,MWC GERIATRIC FEMALE PACKAGE,,MWC HEALTH SCREENING,28500,28500,"July 29, 2026",adhoc,A;C;E;F;G;I;K;L;M;P;R;T;W
1838020006,MWC WOMENS HEALTH SCREENING RIDER - POST MENOPAUSAL,,MWC HEALTH SCREENING,12000,12000,"July 29, 2026",adhoc,A;C;D;E;G;H;I;L;M;N;O;P;R;S;T;U;W
04220025,NEUROPSYCHOLOGY - CONSULTATION,,NEUROPSYCHOLOGY,4000,5000,"March 03, 2026",adhoc,A;C;E;G;H;I;L;N;O;P;R;S;T;U;Y
04220026,BUBBLE TEST W/ TRANSCRANIAL DOPPLER,,NEUROVASCULAR LABORATORY,11100,14800,"March 03, 2026",adhoc,A;B;C;D;E;I;L;N;O;P;R;S;T;U;W
04220027,PORTABLE TRANSCRANIAL DOPPLER MONITORING,,NEUROVASCULAR LABORATORY,7100,19100,"March 03, 2026",adhoc,A;B;C;D;E;G;I;L;M;N;O;P;R;S;T
04220028,ROUTINE TRANSCRANIAL DOPPLER,,NEUROVASCULAR LABORATORY,7250,11400,"March 03, 2026",adhoc,A;C;D;E;I;L;N;O;P;R;S;T;U
04420003,BCG INJECTION,,NEWBORN SERVICES UNIT,336,500,"March 04, 2026",adhoc,B;C;E;G;I;J;N;O;T
04420004,BP MONITORING,,NEWBORN SERVICES UNIT,116,1600,"March 04, 2026",adhoc,B;G;I;M;N;O;P;R;T
04420005,CAPILLARY BLOOD GLUCOSE - NEWBORN SERVICE,,NEWBORN SERVICES UNIT,320,370,"March 04, 2026",adhoc,A;B;C;D;E;G;I;L;N;O;P;R;S;U;V;W;Y
04420006,EYE CARE,,NEWBORN SERVICES UNIT,147,170,"March 04, 2026",adhoc,A;C;E;R;Y
04420007,MILK PREPARATION (FOR 24 HOURS),,NEWBORN SERVICES UNIT,315,500,"March 04, 2026",adhoc,A;E;F;H;I;K;L;M;N;O;P;R;S;T;U;2;4
04420008,NEW BORN SERVICE FEE,,NEWBORN SERVICES UNIT,1050,1250,"March 04, 2026",adhoc,B;C;E;F;I;N;O;R;S;V;W
04420009,NURSERY SERVICE FEE,,NEWBORN SERVICES UNIT,3250,3700,"March 04, 2026",adhoc,C;E;F;I;N;R;S;U;V;Y
04420011,USE OF CIRCUMCISION ROOM,,NEWBORN SERVICES UNIT,1160,1400,"March 04, 2026",adhoc,C;E;F;I;M;N;O;R;S;U
04420012,USE OF TREATMENT ROOM,,NEWBORN SERVICES UNIT,380,550,"March 04, 2026",adhoc,A;E;F;M;N;O;R;S;T;U
04450002,ESKETAMINE ADMINISTRATION AND CARE,,NP-UNIT,3150,3150,"March 03, 2026",adhoc,A;C;D;E;I;K;M;N;O;R;S;T
04450001,WARD PROGRAM/DAY RECREATIONAL THERAPY,,NP-UNIT,400,400,"March 03, 2026",adhoc,A;C;D;E;G;H;I;L;M;N;O;P;R;T;W;Y
04220001,EEG,,NSDL,3570,11200,"March 03, 2026",adhoc,E;G
04220002,ELECTROMYOGRAPHY NERVE CONDUCTION VELOCITY,,NSDL,4520,7000,"March 03, 2026",adhoc,A;C;D;E;G;H;I;L;M;N;O;P;R;T;U;V;Y
04220040,EMG NCV EXTREMITIES SPECIAL CASE,,NSDL,5450,8200,"March 03, 2026",adhoc,A;C;E;G;I;L;M;N;P;R;S;T;V;X
04220003,EMG-ELECTROMYOGRAPHY,,NSDL,4160,5200,"March 03, 2026",adhoc,A;C;E;G;H;L;M;O;P;R;T;Y
04220013,EMG-NERVE CONDUCTION VELOCITY/REPETITIVE NERVE STIMULATION NCV/RNS,,NSDL,7270,9100,"March 03, 2026",adhoc,A;C;D;E;G;I;L;M;N;O;P;R;S;T;U;V;Y
04220004,EP - BRAINSTEM AUDITORY EVOKED POTENTIAL (BAEP),,NSDL,4470,5600,"March 03, 2026",adhoc,A;B;D;E;I;K;L;M;N;O;P;R;S;T;U;V;Y
04220005,EP - INTRA OP MONITORING,,NSDL,6400,31800,"March 03, 2026",adhoc,A;E;G;I;M;N;O;P;R;T
04220014,EP - SOMATOSENSORY EVOKED POTENTIAL (SSEP) EXTREMITIES,,NSDL,6200,7800,"March 03, 2026",adhoc,A;D;E;I;K;L;M;N;O;P;R;S;T;V;X;Y
04220015,EP - VISUAL EVOKED POTENTIAL (VEP),,NSDL,4700,5900,"March 03, 2026",adhoc,A;D;E;I;K;L;N;O;P;S;T;U;V
04220057,FACIAL ELECTROMYOGRAPHY NERVE CONDUCTION VELOCITY BLINK REFLEX,,NSDL,4580,5800,"March 03, 2026",adhoc,A;B;C;D;E;F;G;H;I;K;L;M;N;O;P;R;T;U;V;X;Y
04220006,FACIAL NERVE CONDUCTION VELOCITY,,NSDL,4970,6300,"March 03, 2026",adhoc,A;C;D;E;F;I;L;N;O;R;T;U;V;Y
04220043,NCV-RNS - NERVE CONDUCTION VELOCITY REPETITIVE NERVE STIMULATION,,NSDL,7500,9400,"March 03, 2026",adhoc,A;C;D;E;I;L;M;N;O;P;R;S;T;U;V;Y
04220007,NERVE CONDUCTION VELOCITY,,NSDL,4300,7200,"March 03, 2026",adhoc,C;D;E;I;L;N;O;R;T;U;V;Y
04220008,PSG - MULTIPLE SLEEP LATENCY TEST,,NSDL,12700,15900,"March 03, 2026",adhoc,A;C;E;G;I;L;M;N;P;S;T;U;Y
04220009,PSG - SPLIT NIGHT NOCTURNAL POLYSOMNOGRAPHY,,NSDL,34400,43000,"March 03, 2026",adhoc,A;C;G;H;I;L;M;N;O;P;R;S;T;U;Y
04220044,PSG - THERAPEUTIC NOCTURNAL POLYSOMNOGRAPHY (TNPSG),,NSDL,24300,30400,"March 03, 2026",adhoc,A;C;E;G;H;I;L;M;N;O;P;R;S;T;U;Y
04220045,PSG - USE OF SLEEP LAB,,NSDL,10500,13200,"March 03, 2026",adhoc,A;B;E;F;G;L;O;P;S;U
04220010,PSG DIAGNOSTIC NOCTURNAL POLYSOMNOGRAM DNPSG,,NSDL,22700,29400,"March 03, 2026",adhoc,A;C;D;G;I;L;M;N;O;P;R;S;T;U;Y
04220011,RNS - REPETITIVE NERVE STIMULATION (RNS),,NSDL,4580,5800,"March 03, 2026",adhoc,A;E;I;L;M;N;O;P;R;S;T;U;V
04220036,SYMPATHETIC SKIN RESPONSE (SSR),,NSDL,4300,5400,"March 03, 2026",adhoc,A;C;E;H;I;K;M;N;O;P;R;S;T;Y
04220012,VIDEO EEG,,NSDL,5900,40000,"March 03, 2026",adhoc,D;E;G;I;O;V
04230001,17-OH PROGESTERONE,,NUCLEAR MEDICINE,5650,7100,"March 05, 2026",adhoc,E;G;H;N;O;P;R;S;T;1;7
04230002,3 PHASE BONE IMAGING (BF BP WB),,NUCLEAR MEDICINE,11700,24500,"July 23, 2026",adhoc,A;B;E;F;G;H;I;M;N;O;P;S;W;3
04230125,ACETAZOLAMIDE BRAIN PERFUSION SPECT STUDY,,NUCLEAR MEDICINE,133000,176200,"June 15, 2026",adhoc,A;B;C;D;E;F;I;L;M;N;O;P;R;S;T;U;Y;Z
04230003,ACTH IRMA (ADRENOCORTICOTROPIC HORMONE),,NUCLEAR MEDICINE,5710,11800,"March 05, 2026",adhoc,A;C;D;E;H;I;M;N;O;P;R;T
04230004,ACTH STIMULATION CORTISOL,,NUCLEAR MEDICINE,2550,3200,"March 05, 2026",adhoc,A;C;H;I;L;M;N;O;R;S;T;U
04230005,ACUTE MYOCARDIAL INFARCT,,NUCLEAR MEDICINE,9800,12300,"March 05, 2026",adhoc,A;C;D;E;F;I;L;M;N;O;R;T;U;Y
04230262,ADRENAL VENOUS SAMPLING,,NUCLEAR MEDICINE,3600,4500,"March 05, 2026",adhoc,A;D;E;G;I;L;M;N;O;P;R;S;U;V
04230006,ALDOSTERONE RIA,,NUCLEAR MEDICINE,5400,8400,"March 05, 2026",adhoc,A;D;E;I;L;N;O;R;S;T
04230008,ANTI HTG RIA,,NUCLEAR MEDICINE,4900,7800,"March 05, 2026",adhoc,A;G;H;I;N;R;T
04230009,ANTI R TSH (TRAB) RIA,,NUCLEAR MEDICINE,6500,12800,"March 05, 2026",adhoc,A;B;H;I;N;R;S;T
04230010,ANTI TPO RIA,,NUCLEAR MEDICINE,4110,6800,"March 05, 2026",adhoc,A;I;N;O;P;R;T
4230112,ANTI-GAD (ANTI-GLUTAMIC ACID DECARBOXYLASE) - RIA,,NUCLEAR MEDICINE,8100,14800,"March 05, 2026",adhoc,A;B;C;D;E;G;I;L;M;N;O;R;S;T;U;X;Y
04230012,BONE IMAGING,,NUCLEAR MEDICINE,10500,17800,"July 23, 2026",adhoc,A;B;E;G;I;M;N;O
04230013,BONE SPECT IMAGING,,NUCLEAR MEDICINE,12300,25300,"July 23, 2026",adhoc,A;B;C;E;G;I;M;N;O;P;S;T
04230014,BRAIN IMAGING,,NUCLEAR MEDICINE,10800,23400,"March 05, 2026",adhoc,A;B;G;I;M;N;R
04230015,BRAIN SPECT IMAGING,,NUCLEAR MEDICINE,75000,103700,"June 22, 2026",adhoc,A;B;C;E;G;I;M;N;P;R;S;T
04230016,BREMSSTRAHLUNG SCAN,,NUCLEAR MEDICINE,11700,24500,"March 05, 2026",adhoc,A;B;C;E;G;H;L;M;N;R;S;T;U
04230112,CALCITONIN IRMA,,NUCLEAR MEDICINE,9750,16800,"March 05, 2026",adhoc,A;C;I;L;M;N;O;R;T
04230111,CARDIAC AMYLOIDOSIS PYP-TC99m IMAGING,,NUCLEAR MEDICINE,15400,19300,"March 05, 2026",adhoc,A;C;D;G;I;L;M;N;O;P;R;S;T;Y;9
04230018,CARDIAC BLOOD FLOW IMAGING,,NUCLEAR MEDICINE,10500,17800,"March 05, 2026",adhoc,A;B;C;D;F;G;I;L;M;N;O;R;W
04230019,CEA IRMA,,NUCLEAR MEDICINE,3900,6500,"March 05, 2026",adhoc,A;C;E;I;M;R
04230020,COMBINATION OF WB BONE & BONE SPECT,,NUCLEAR MEDICINE,10900,13700,"March 05, 2026",adhoc,A;B;C;E;F;I;M;N;O;P;S;T;W
04230022,DACRYOSCINTIGRAPHY,,NUCLEAR MEDICINE,5900,12000,"March 05, 2026",adhoc,A;C;D;G;H;I;N;O;P;R;S;T;Y
04230023,DHEA S RIA,,NUCLEAR MEDICINE,3900,6500,"March 05, 2026",adhoc,A;D;E;H;I;R;S
04230024,DIURETIC RENAL IMAGING,,NUCLEAR MEDICINE,13300,26500,"July 23, 2026",adhoc,A;C;D;E;G;I;L;M;N;R;T;U
4230113,DIURETIC RENAL IMAGING USING MAG3,,NUCLEAR MEDICINE,26800,43400,"March 05, 2026",adhoc,A;C;D;E;G;I;L;M;N;R;S;T;U;3
04230025,DMSA RENAL IMAGING,,NUCLEAR MEDICINE,10700,23300,"July 23, 2026",adhoc,A;D;E;G;I;L;M;N;R;S
04230026,ENDOCRINE TESTING ROOM UTILIZATION,,NUCLEAR MEDICINE,2050,2600,"March 05, 2026",adhoc,A;C;D;E;G;I;L;M;N;O;R;S;T;U;Z
04230027,ESTRADIOL RIA,,NUCLEAR MEDICINE,3900,6500,"March 05, 2026",adhoc,A;D;E;I;L;O;R;S;T
04230028,EXPRESS ADENOSINE INFUSION MPI,,NUCLEAR MEDICINE,28800,45900,"July 23, 2026",adhoc,A;D;E;F;I;M;N;O;P;R;S;U;X
04230029,EXPRESS DIPYRIDAMOLE INFUSION MPI,,NUCLEAR MEDICINE,28800,45900,"July 23, 2026",adhoc,A;D;E;F;I;L;M;N;O;P;R;S;U;X;Y
04230030,EXPRESS DOBUTAMINE INFUSION MPI,,NUCLEAR MEDICINE,24400,40400,"July 23, 2026",adhoc,A;B;D;E;F;I;M;N;O;P;R;S;T;U;X
04230031,EXPRESS MPI,,NUCLEAR MEDICINE,23600,39400,"July 23, 2026",adhoc,E;I;M;P;R;S;X
04230032,FREE TESTOSTERONE,,NUCLEAR MEDICINE,7700,14300,"March 05, 2026",adhoc,E;F;N;O;R;S;T
04230033,FSH IRMA,,NUCLEAR MEDICINE,3700,6300,"March 05, 2026",adhoc,A;F;H;I;M;R;S
04230034,FT3 RIA,,NUCLEAR MEDICINE,2910,5300,"March 05, 2026",adhoc,A;F;I;R;T;3
04230035,FT4 RIA,,NUCLEAR MEDICINE,2920,5300,"March 05, 2026",adhoc,A;F;I;R;T;4
04230036,GALLIUM 67 WHOLEBODY IMAGING,,NUCLEAR MEDICINE,171800,224700,"July 23, 2026",adhoc,A;B;D;E;G;H;I;L;M;N;O;U;W;Y;6;7
04230037,GASTRIC EMPTYING IMAGING,,NUCLEAR MEDICINE,29900,47300,"March 05, 2026",adhoc,A;C;E;G;I;M;N;P;R;S;T;Y
04230039,GASTROESOPHAGEAL REFLUX IMAGING,,NUCLEAR MEDICINE,30000,47400,"July 23, 2026",adhoc,A;E;F;G;H;I;L;M;N;O;P;R;S;T;U;X
04230040,GATED BLOODPOOL REST IMAGING,,NUCLEAR MEDICINE,11800,24700,"March 05, 2026",adhoc,A;B;D;E;G;I;L;M;N;O;P;R;S;T
04230041,GATED BLOODPOOL REST/STRESS IMAGING,,NUCLEAR MEDICINE,14800,28400,"March 05, 2026",adhoc,A;B;D;E;G;I;L;M;N;O;P;R;S;T
04230042,GFR (GLOMERULAR FILTRATION RATE),,NUCLEAR MEDICINE,12100,25000,"July 23, 2026",adhoc,A;E;F;G;I;L;M;N;O;R;T;U
04230114,GFR IN-VITRO,,NUCLEAR MEDICINE,17900,32300,"March 05, 2026",adhoc,F;G;I;N;O;R;T;V
04230043,GI BLEEDING IMAGING,,NUCLEAR MEDICINE,22100,37500,"July 23, 2026",adhoc,A;B;D;E;G;I;L;M;N
04230044,GI BLEEDING IMAGING DELAYED,,NUCLEAR MEDICINE,5210,10000,"March 05, 2026",adhoc,A;B;D;E;G;I;L;M;N;Y
04230047,HEPATOBILIARY IMAGING,,NUCLEAR MEDICINE,13500,26800,"July 23, 2026",adhoc,A;B;E;G;H;I;L;M;N;O;P;R;T;Y
04230048,HGH IRMA,,NUCLEAR MEDICINE,3150,5600,"March 05, 2026",adhoc,A;G;H;I;M;R
04230049,HGH STIMULATION CLONIDINE (HGH IRMA),,NUCLEAR MEDICINE,2920,3700,"March 05, 2026",adhoc,A;C;D;E;G;H;I;L;M;N;O;R;S;T;U
04230050,HGH STIMULATION EXERCISE (HGH IRMA),,NUCLEAR MEDICINE,2920,3700,"March 05, 2026",adhoc,A;C;E;G;H;I;L;M;N;O;R;S;T;U;X
04230051,HGH STIMULATION GLUCOSE (HGH IRMA),,NUCLEAR MEDICINE,2920,3700,"March 05, 2026",adhoc,A;C;E;G;H;I;L;M;N;O;R;S;T;U
04230052,HGH STIMULATION L DOPA (HGH IRMA),,NUCLEAR MEDICINE,2920,3700,"March 05, 2026",adhoc,A;D;G;H;I;L;M;N;O;P;R;S;T;U
04230054,IGF 1 (INSULIN LIKE GROWTH FACTOR 1),,NUCLEAR MEDICINE,6300,12500,"March 05, 2026",adhoc,A;C;E;F;G;H;I;K;L;N;O;R;S;T;U;W;1
04230055,INDIRECT CYSTOGRAM (RENAL IMAGING),,NUCLEAR MEDICINE,7100,13500,"March 05, 2026",adhoc,A;C;D;E;G;I;L;M;N;O;R;S;T;Y
04230124,INSULIN AUTOANTIBODY RIA,,NUCLEAR MEDICINE,7000,13400,"March 05, 2026",adhoc,A;B;D;I;L;N;O;R;S;T;U;Y
04230056,INSULIN RIA,,NUCLEAR MEDICINE,5800,7300,"March 05, 2026",adhoc,A;I;L;N;R;S;U
04230057,LH IRMA,,NUCLEAR MEDICINE,3700,6300,"March 05, 2026",adhoc,A;H;I;L;M;R
04230058,LIVER AND SPLEEN IMAGING,,NUCLEAR MEDICINE,11200,23900,"July 23, 2026",adhoc,A;D;E;G;I;L;M;N;P;R;S;V
04230059,LIVER IMAGING,,NUCLEAR MEDICINE,11100,23800,"July 23, 2026",adhoc,A;E;G;I;L;M;N;R;V
04230060,LIVER SPECT IMAGING,,NUCLEAR MEDICINE,12400,25400,"July 23, 2026",adhoc,A;C;E;G;I;L;M;N;P;R;S;T;V
04230061,LUNG PERFUSION IMAGING,,NUCLEAR MEDICINE,10900,23500,"July 23, 2026",adhoc,A;E;F;G;I;L;M;N;O;P;R;S;U
04230062,LUNG QUANTITATION,,NUCLEAR MEDICINE,12800,25900,"July 23, 2026",adhoc,A;G;I;L;N;O;Q;T;U
04230063,LUNG VENTILATION IMAGING,,NUCLEAR MEDICINE,21600,36900,"July 23, 2026",adhoc,A;E;G;I;L;M;N;O;T;U;V
4230118,LUNG VENTILATION W/ RT-PCR PACKAGE,,NUCLEAR MEDICINE,22500,38000,"March 05, 2026",adhoc,A;C;E;G;I;K;L;N;O;P;R;T;U;V;W
04230064,LYMPHANGIOSCINTIGRAPHY,,NUCLEAR MEDICINE,29800,47200,"July 23, 2026",adhoc,A;C;G;H;I;L;M;N;O;P;R;S;T;Y
04230065,MECKELS DIVERTICULUM IMAGING,,NUCLEAR MEDICINE,8800,15700,"July 23, 2026",adhoc,A;C;D;E;G;I;K;L;M;N;R;S;T;U;V
04230066,MIBG WB IMAGING INCLUDING I131 MIBG DOSE,,NUCLEAR MEDICINE,99300,134000,"July 23, 2026",adhoc,A;B;C;D;E;G;I;L;M;N;O;S;U;W;1;3
4230123,MIDLIFE PACKAGE MALE/FEMALE,,NUCLEAR MEDICINE,10000,16300,"March 05, 2026",adhoc,A;C;D;E;F;G;I;K;L;M;P
4230115,MIDNIGHT SALIVARY CORTISOL,,NUCLEAR MEDICINE,6050,7600,"March 05, 2026",adhoc,A;C;D;G;H;I;L;M;N;O;R;S;T;V;Y
04230067,NSE - IRMA,,NUCLEAR MEDICINE,4850,6100,"March 05, 2026",adhoc,A;E;I;M;N;R;S
04230068,NUCLEAR BREAKTHROUGH,,NUCLEAR MEDICINE,13200,26400,"March 05, 2026",adhoc,A;B;C;E;G;H;K;L;N;O;R;T;U
04230069,OCTREOTIDE IMAGING,,NUCLEAR MEDICINE,16100,30000,"March 05, 2026",adhoc,A;C;D;E;G;I;M;N;O;R;T
04230263,ONCOLOGIC BONE SPECT/CT,,NUCLEAR MEDICINE,22000,37400,"March 05, 2026",adhoc,B;C;E;G;I;L;N;O;P;S;T
04230070,ONE DAY PROTOCOL LUNG PERFUSION/VENTILATION,,NUCLEAR MEDICINE,29800,47200,"July 23, 2026",adhoc,A;C;D;E;F;G;I;L;N;O;P;R;S;T;U;V;Y
4230119,ONE DAY PROTOCOL LUNG PERFUSION/VENTILATION W/ RT-PCR PACKAGE,,NUCLEAR MEDICINE,26500,43000,"March 05, 2026",adhoc,A;C;D;E;F;G;I;K;L;N;O;P;R;S;T;U;V;W;Y
04230071,ORGAN IMAGING DELAYED,,NUCLEAR MEDICINE,4000,6800,"March 05, 2026",adhoc,A;D;E;G;I;L;M;N;O;R;Y
4230116,ORTHOPEDIC PROSTHESIS SCINTIGRAPHY,,NUCLEAR MEDICINE,12100,25000,"March 05, 2026",adhoc,A;C;D;E;G;H;I;N;O;P;R;S;T;Y
04230072,PARATHYROID IMAGING,,NUCLEAR MEDICINE,18200,32700,"July 23, 2026",adhoc,A;D;G;H;I;M;N;O;P;R;T;Y
04230117,PARATHYROID IMAGING (SUBTRACTION),,NUCLEAR MEDICINE,31200,48900,"July 23, 2026",adhoc,A;B;C;D;G;H;I;M;N;O;P;R;S;T;U;Y
04230073,PLASMA CORTISOL RIA,,NUCLEAR MEDICINE,3250,5700,"March 05, 2026",adhoc,A;C;I;L;M;O;P;R;S;T
04230074,PROLACTIN IRMA,,NUCLEAR MEDICINE,3700,6300,"March 05, 2026",adhoc,A;C;I;L;M;N;O;P;R;T
04230075,PTH IRMA,,NUCLEAR MEDICINE,4210,6900,"March 05, 2026",adhoc,A;H;I;M;P;R;T
04230076,RAI MONITORING,,NUCLEAR MEDICINE,1050,1400,"March 05, 2026",adhoc,A;G;I;M;N;O;R;T
04230077,RAI UPTAKE W/ RESIDUAL NECK COUNT,,NUCLEAR MEDICINE,4750,6000,"March 05, 2026",adhoc,A;C;D;E;I;K;L;N;O;P;R;S;T;U;W
04230078,RAI WHOLEBODY IMAGING,,NUCLEAR MEDICINE,15300,29000,"July 23, 2026",adhoc,A;B;D;E;G;H;I;L;M;N;O;R;W;Y
04230080,RENAL IMAGING,,NUCLEAR MEDICINE,12600,25700,"July 23, 2026",adhoc,A;E;G;I;L;M;N;R
04230082,RENAL IMAGING (MAG 3),,NUCLEAR MEDICINE,29200,46400,"July 23, 2026",adhoc,A;E;G;I;L;M;N;R;3
04230083,RENAL IMAGING W/ CAPTOPRIL,,NUCLEAR MEDICINE,12900,26000,"July 23, 2026",adhoc,A;C;E;G;I;L;M;N;O;P;R;T;W
04230084,RENAL SPECT,,NUCLEAR MEDICINE,11400,24200,"July 23, 2026",adhoc,A;C;E;L;N;P;R;S;T
04230085,RENIN RIA,,NUCLEAR MEDICINE,6400,12700,"March 05, 2026",adhoc,A;E;I;N;R
04230086,REST MPI,,NUCLEAR MEDICINE,18300,32800,"July 23, 2026",adhoc,E;I;M;P;R;S;T
04230087,REST MPI AFTER EXPRESS,,NUCLEAR MEDICINE,27900,44800,"July 23, 2026",adhoc,A;E;F;I;M;P;R;S;T;X
04230088,REST/ADENOSINE INFUSION MPI,,NUCLEAR MEDICINE,31300,49000,"July 23, 2026",adhoc,A;D;E;F;I;M;N;O;P;R;S;T;U
04230089,REST/DIPYRIDAMOLE INFUSION MPI,,NUCLEAR MEDICINE,29000,46200,"July 23, 2026",adhoc,A;D;E;F;I;L;M;N;O;P;R;S;T;U;Y
04230090,REST/DOBUTAMINE INFUSION MPI,,NUCLEAR MEDICINE,29700,47000,"July 23, 2026",adhoc,A;B;D;E;F;I;M;N;O;P;R;S;T;U
04230091,REST/STRESS MPI,,NUCLEAR MEDICINE,15500,29300,"July 23, 2026",adhoc,E;I;M;P;R;S;T
04230092,SALINE LOADING ALDOSTERONE RIA,,NUCLEAR MEDICINE,3910,4900,"March 05, 2026",adhoc,A;D;E;G;I;L;N;O;R;S;T
04230093,SCINTIMAMMOGRAPHY,,NUCLEAR MEDICINE,15100,28800,"July 23, 2026",adhoc,A;C;G;H;I;M;N;O;P;R;S;T;Y
04230094,SENTINEL NODE SCINTIGRAPHY,,NUCLEAR MEDICINE,23400,39200,"July 23, 2026",adhoc,A;C;D;E;G;H;I;L;N;O;P;R;S;T;Y
04230257,SEX HORMONE BINDING GLOBULIN IRMA (SHBG-IRMA),,NUCLEAR MEDICINE,3760,6300,"March 05, 2026",adhoc,A;B;D;E;G;H;I;L;M;N;O;R;S;U;X
04230096,TESTICULAR IMAGING,,NUCLEAR MEDICINE,9500,16500,"July 23, 2026",adhoc,A;C;E;G;I;L;M;N;R;S;T;U
04230097,TESTOSTERONE RIA,,NUCLEAR MEDICINE,3900,6500,"March 05, 2026",adhoc,A;E;I;N;O;R;S;T
04230098,THYROGLOBULIN IRMA,,NUCLEAR MEDICINE,4000,7400,"March 05, 2026",adhoc,A;B;G;H;I;L;M;N;O;R;T;U;Y
4230121,THYROID AUTOIMMUNE PACKAGE,,NUCLEAR MEDICINE,13000,16300,"March 05, 2026",adhoc,A;C;D;E;G;H;I;K;M;N;O;P;R;T;U;Y
04230099,THYROID BIOASSAY,,NUCLEAR MEDICINE,2100,2700,"March 05, 2026",adhoc,A;B;D;H;I;O;R;S;T;Y
4230122,THYROID CANCER SURVEILLANCE PACKAGE,,NUCLEAR MEDICINE,19500,24400,"March 05, 2026",adhoc,A;C;D;E;G;H;I;K;L;N;O;P;R;S;T;U;V;Y
4230120,THYROID FUNCTION TESTS 1-3,,NUCLEAR MEDICINE,5400,10200,"March 05, 2026",adhoc,C;D;E;F;H;I;N;O;R;S;T;U;Y;1;3
04230100,THYROID IMAGING,,NUCLEAR MEDICINE,6700,13000,"July 23, 2026",adhoc,A;D;G;H;I;M;N;O;R;T;Y
04230101,TI-201 ADENOSINE INFUSION/REDISTRIBUTION MPI,,NUCLEAR MEDICINE,43500,64300,"July 23, 2026",adhoc,A;B;D;E;F;I;M;N;O;P;R;S;T;U;0;1;2
04230102,TI-201 DIPYRIDAMOLE INFUSION/REDISTRIBUTION MPI,,NUCLEAR MEDICINE,40900,61000,"July 23, 2026",adhoc,A;B;D;E;F;I;L;M;N;O;P;R;S;T;U;Y;0;1;2
04230103,TI-201 DOBUTAMINE INFUSION/REDISTRIBUTION MPI,,NUCLEAR MEDICINE,38600,58200,"July 23, 2026",adhoc,A;B;D;E;F;I;M;N;O;P;R;S;T;U;0;1;2
04230104,TI-201 STRESS FOR VIABILITY MPI,,NUCLEAR MEDICINE,37000,56200,"July 23, 2026",adhoc,A;B;E;F;I;L;M;O;P;R;S;T;V;Y;0;1;2
04230107,TSH IRMA,,NUCLEAR MEDICINE,3030,5400,"March 05, 2026",adhoc,A;H;I;M;R;S;T
04230095,Tc99/RAI UPTAKE,,NUCLEAR MEDICINE,5900,12000,"March 05, 2026",adhoc,A;C;E;I;K;P;R;T;U;9
04230105,Tl-201 24HRS DELAYED,,NUCLEAR MEDICINE,11400,32700,"March 05, 2026",adhoc,A;D;E;H;L;R;S;T;Y;0;1;2;4
04230106,Tl-201 REST FOR VIABILITY MPI,,NUCLEAR MEDICINE,33600,51900,"July 23, 2026",adhoc,A;B;E;F;I;L;M;O;P;R;S;T;V;Y;0;1;2
04230108,UBT (UREA BREATH TEST),,NUCLEAR MEDICINE,7700,14300,"March 05, 2026",adhoc,A;B;E;H;R;S;T;U
04230260,V/Q SPECT/CT,,NUCLEAR MEDICINE,26700,43300,"March 05, 2026",adhoc,C;E;P;Q;S;T;V
04230109,WHOLE BODY LEUCOCYTE LABELING,,NUCLEAR MEDICINE,81000,111200,"June 22, 2026",adhoc,A;B;C;D;E;G;H;I;L;N;O;T;U;W;Y
04230110,YTTRIUM 90 HANDLING AND MONITORING,,NUCLEAR MEDICINE,8700,10900,"March 05, 2026",adhoc,A;D;G;H;I;L;M;N;O;R;T;U;Y;0;9
04470001,BLOOD TRANSFUSION MONITORING (PER TRANSFUSION),,NURSING SERVICE,263,330,"March 05, 2026",adhoc,A;B;D;E;F;G;I;L;M;N;O;P;R;S;T;U
04470002,BONE MARROW ASPIRATION - BEDSIDE,,NURSING SERVICE,3200,4000,"March 05, 2026",adhoc,A;B;D;E;I;M;N;O;P;R;S;T;W
04470003,CBG HOURLY MONITORING,,NURSING SERVICE,60,85,"March 05, 2026",adhoc,B;C;G;H;I;L;M;N;O;R;T;U;Y
04470004,CENTRAL LINE INSERTION,,NURSING SERVICE,9000,11300,"March 05, 2026",adhoc,A;C;E;I;L;N;O;R;S;T
04470005,CHEST TUBE INSERTION,,NURSING SERVICE,11100,13900,"March 05, 2026",adhoc,B;C;E;H;I;N;O;R;S;T;U
04470006,CRITICAL CARE (PER DAY),,NURSING SERVICE,2100,2700,"March 05, 2026",adhoc,A;C;D;E;I;L;P;R;T;Y
04470007,ENEMA ADMINISTRATION,,NURSING SERVICE,2580,3300,"March 05, 2026",adhoc,A;D;E;I;M;N;O;R;S;T
04470008,FOLEY CATHETER INSERTION AND MONITORING,,NURSING SERVICE,3750,4700,"March 05, 2026",adhoc,A;C;D;E;F;G;H;I;L;M;N;O;R;S;T;Y
04470027,FOLEY CATHETER MONITORING AND REMOVAL,,NURSING SERVICE,1580,2000,"March 05, 2026",adhoc,A;C;D;E;F;G;H;I;L;M;N;O;R;T;V;Y
04470010,IJ/PERM/PICC INSERTION - BEDSIDE,,NURSING SERVICE,560,800,"March 05, 2026",adhoc,B;C;D;E;I;J;M;N;O;P;R;S;T
04470011,INSERTION - IVT,,NURSING SERVICE,560,800,"March 05, 2026",adhoc,E;I;N;O;R;S;T;V
04470012,ISOLATION CARE PER DAY,,NURSING SERVICE,4850,4850,"March 05, 2026",adhoc,A;C;D;E;I;L;N;O;P;R;S;T;Y
04470013,IV INSERTION,,NURSING SERVICE,1400,1800,"March 05, 2026",adhoc,E;I;N;O;R;S;T;V
04470014,IV RE-INSERTION (PER INSERTION),,NURSING SERVICE,985,1300,"March 05, 2026",adhoc,E;I;N;O;P;R;S;T;V
04470016,NGT INSERTION,,NURSING SERVICE,1220,1600,"March 05, 2026",adhoc,E;G;I;N;O;R;S;T
04470017,PEG INSERTION,,NURSING SERVICE,14900,18700,"March 05, 2026",adhoc,E;G;I;N;O;P;R;S;T
04470020,PERITONEAL DIALYSIS MANUAL EXCHANGE,,NURSING SERVICE,890,1200,"March 05, 2026",adhoc,A;C;D;E;G;H;I;L;M;N;O;P;R;S;T;U;X;Y
04470021,PIGTAIL INSERTION BEDSIDE,,NURSING SERVICE,2000,2500,"March 05, 2026",adhoc,A;B;D;E;G;I;L;N;O;P;R;S;T
04470022,PROPHYLACTIC INTUBATION - BEDSIDE,,NURSING SERVICE,4650,5900,"March 05, 2026",adhoc,A;B;C;D;E;H;I;L;N;O;P;R;S;T;U;Y
04470023,SUCTIONING (PER DAY),,NURSING SERVICE,560,800,"March 05, 2026",adhoc,A;C;D;E;G;I;N;O;P;R;S;T;U;Y
04470024,TRACHEOSTOMY CARE (PER DAY),,NURSING SERVICE,1550,2000,"March 05, 2026",adhoc,A;C;D;E;H;M;O;P;R;S;T;Y
04470026,WOUND CARE/ CHANGE OF DRESSING,,NURSING SERVICE,360,550,"March 05, 2026",adhoc,A;C;D;E;F;G;H;I;N;O;R;S;U;W
18170027,ACL ARTHROSCOPY/MENISECTOMY PACKAGE,,OPERATING ROOM,197000,208000,"October 27, 2025",adhoc,A;C;E;G;H;I;K;L;M;N;O;P;R;S;T;Y
18170026,ANKLE ARTHROSCOPY PACKAGE,,OPERATING ROOM,160080,177080,"April 05, 2024",adhoc,A;C;E;G;H;K;L;N;O;P;R;S;T;Y
18170001,ARTERIO VENOUS FISTULA CREATION PACKAGE,,OPERATING ROOM,74200,88200,"April 05, 2024",adhoc,A;C;E;F;G;I;K;L;N;O;P;R;S;T;U;V
18170017,ARTERIO VENOUS GRAFT PACKAGE,,OPERATING ROOM,143200,162700,"April 05, 2024",adhoc,A;C;E;F;G;I;K;N;O;P;R;S;T;U;V
18170024,ARTHROSCOPIC MENISECTOMY PACKAGE,,OPERATING ROOM,144060,156060,"April 05, 2024",adhoc,A;C;E;G;H;I;K;M;N;O;P;R;S;T;Y
18170034,ARTHROSCOPIC MENISECTOMY PACKAGE W/ANES,,OPERATING ROOM,124060,134060,"April 05, 2024",adhoc,A;C;E;G;H;I;K;M;N;O;P;R;S;T;W;Y
18170030,BRONCHOSCOPY PACKAGE,,OPERATING ROOM,58740,70040,"April 05, 2024",adhoc,A;B;C;E;G;H;K;N;O;P;R;S;Y
18170009,CABG OFF/ON PUMP 3 VESSELS PACKAGE,,OPERATING ROOM,1063600,1168600,"April 05, 2024",adhoc,A;B;C;E;F;G;K;L;M;N;O;P;S;U;V;3
18170008,CABG OFF/ON PUMP 5 VESSELS PACKAGE,,OPERATING ROOM,1065200,1170200,"April 05, 2024",adhoc,A;B;C;E;F;G;K;L;M;N;O;P;S;U;V;5
18170039,CIRCUMCISION PACKAGE - OR,,OPERATING ROOM,13700,17120,"April 05, 2024",adhoc,A;C;E;G;I;K;M;N;O;P;R;S;U
18170033,CYSTOSCOPY PACKAGE,,OPERATING ROOM,42500,73960,"April 05, 2024",adhoc,A;C;E;G;K;O;P;S;T;Y
03010001,ESWL,,OPERATING ROOM,22700,70900,"March 10, 2025",adhoc,E;L;S;W
18170006,FISTULLECTOMY PACKAGE,,OPERATING ROOM,62280,67280,"April 05, 2024",adhoc,A;C;E;F;G;I;K;L;M;O;P;S;T;U;Y
18170016,FUNCTIONAL ENDOSCOPIC SINUS SURGERY PACKAGE,,OPERATING ROOM,105960,134960,"April 05, 2024",adhoc,A;C;D;E;F;G;I;K;L;N;O;P;R;S;T;U;Y
18170005,HEMORRHOIDECTOMY PACKAGE W/ CAUTERY,,OPERATING ROOM,63280,68280,"April 05, 2024",adhoc,A;C;D;E;G;H;I;K;M;O;P;R;T;U;W;Y
18170025,HEMORRHOIDECTOMY PACKAGE W/ LIGASURE,,OPERATING ROOM,84280,90080,"April 05, 2024",adhoc,A;C;D;E;G;H;I;K;L;M;O;P;R;S;T;U;W;Y
18170043,HYSTERECTOMY PACKAGE (ROBOT-ASSISTED),,OPERATING ROOM,592000,798000,"November 25, 2024",adhoc,A;B;C;D;E;G;H;I;K;M;O;P;R;S;T;Y
18170018,INFERIOR VENA CAVA (IVC) FILTER INSERTION PACKAGE,,OPERATING ROOM,136400,158400,"April 05, 2024",adhoc,A;C;E;F;G;I;K;L;N;O;P;R;S;T;V
18170020,INTRA CORPOREAL LITHOTRIPSY SPINAL PACKAGE,,OPERATING ROOM,118600,131000,"April 05, 2024",adhoc,A;C;E;G;H;I;K;L;N;O;P;R;S;T;Y
18170042,LAP PROSTATECTOMY (ROBOT-ASSISTED),,OPERATING ROOM,597500,771000,"November 25, 2024",adhoc,A;B;C;D;E;I;L;M;O;P;R;S;T;Y
18170011,LAPAROSCOPIC CHOLECYSTECTOMY PACKAGE,,OPERATING ROOM,150000,184000,"July 20, 2026",adhoc,A;C;E;G;H;I;K;L;M;O;P;R;S;T;Y
18170040,LAPAROSCOPIC CHOLECYSTECTOMY W/ ICG PACKAGE,,OPERATING ROOM,174500,208500,"July 20, 2026",adhoc,A;C;E;G;H;I;K;L;M;O;P;R;S;T;W;Y
18170028,LOWER EXTREMITY SURGERY TOTAL KNEE REPLACE BARRIER EXTREMITY PACKAGE,,OPERATING ROOM,268000,334000,"December 13, 2024",adhoc,A;B;C;E;G;I;K;L;M;N;O;P;R;S;T;U;W;X;Y
18170037,MICRODISCECTOMY PACKAGE,,OPERATING ROOM,216300,216300,"April 05, 2024",adhoc,A;C;D;E;G;I;K;M;O;P;R;S;T;Y
18170010,MODIFIED RADICAL MASTECTOMY SURGERY PACKAGE,,OPERATING ROOM,154200,164200,"April 05, 2024",adhoc,A;C;D;E;F;G;I;K;L;M;O;P;R;S;T;U;Y
18170044,MYOMECTOMY (ROBOT-ASSISTED),,OPERATING ROOM,605000,797000,"November 25, 2024",adhoc,A;B;C;D;E;I;M;O;R;S;T;Y
18170032,OPEN HEPATECTOMY SURGERY PACKAGE,,OPERATING ROOM,244400,278400,"April 05, 2024",adhoc,A;C;E;G;H;K;M;N;O;P;R;S;T;U;Y
18170021,OPEN INGUINAL HERNIA W/ MESH PACKAGE,,OPERATING ROOM,82600,92600,"April 05, 2024",adhoc,A;C;E;G;H;I;K;L;M;N;O;P;R;S;U;W
18170003,PERM CATHETER INSERTION PACKAGE OUP,,OPERATING ROOM,87800,87800,"April 05, 2024",adhoc,A;C;E;G;H;I;K;M;N;O;P;R;S;T;U
18170004,PICC LINE INSERTION PACKAGE,,OPERATING ROOM,47300,57300,"April 05, 2024",adhoc,A;C;E;G;I;K;L;N;O;P;R;S;T
18170002,PORTA CATHETER INSERTION PACKAGE OUP,,OPERATING ROOM,93400,93400,"April 05, 2024",adhoc,A;C;E;G;H;I;K;N;O;P;R;S;T;U
18170036,PRECISION CATARACT PHACOEMULSIFICATION PER EYE PACKAGE,,OPERATING ROOM,91600,91600,"April 05, 2024",adhoc,A;C;E;F;G;H;I;K;L;M;N;O;P;R;S;T;U;Y
18170031,PROSTATE BIOPSY PACKAGE,,OPERATING ROOM,45400,49900,"April 05, 2024",adhoc,A;B;C;E;G;I;K;O;P;R;S;T;Y
18170014,RADIOFREQUENCY ABLATION (RFA) PACKAGE,,OPERATING ROOM,104600,135100,"April 05, 2024",adhoc,A;B;C;D;E;F;G;I;K;L;N;O;P;Q;R;T;U;Y
18170007,SHOULDER ARTHROSCOPY PACKAGE,,OPERATING ROOM,153880,177880,"April 05, 2024",adhoc,A;C;D;E;G;H;K;L;O;P;R;S;T;U;Y
18170041,SLNB MODIFIED RADICAL MASTECTOMY PACKAGE,,OPERATING ROOM,219600,231000,"November 25, 2024",adhoc,A;B;C;D;E;F;G;I;K;L;M;N;O;P;R;S;T;Y
18170019,THYROIDECTOMY SURGERY PACKAGE,,OPERATING ROOM,157500,189400,"December 13, 2024",adhoc,A;C;D;E;G;H;I;K;M;O;P;R;S;T;U;Y
18170035,TONSILLECTOMY SURGERY PACKAGE,,OPERATING ROOM,83600,97600,"April 05, 2024",adhoc,A;C;E;G;I;K;L;M;N;O;P;R;S;T;U;Y
18170045,TOTAL KNEE REPLACEMENT - BILATERAL PACKAGE,,OPERATING ROOM,428000,536000,"December 13, 2024",adhoc,A;B;C;E;G;I;K;L;M;N;O;P;R;T
18170038,TRANSFORAMINAL LUMBAR INTERBODY FUSION PACKAGE,,OPERATING ROOM,259800,259800,"April 05, 2024",adhoc,A;B;C;D;E;F;G;I;K;L;M;N;O;P;R;S;T;U;Y
18170046,TYMPANOPLASTY - OP LOCAL OUP PACKAGE,,OPERATING ROOM,89500,140500,"August 07, 2026",adhoc,A;C;E;G;K;L;M;N;O;P;S;T;U;Y
18170047,TYMPANOPLASTY - WITH SEDATION OUP PACKAGE,,OPERATING ROOM,101500,152500,"August 07, 2026",adhoc,A;C;D;E;G;H;I;K;L;M;N;O;P;S;T;U;W;Y
18170012,TYMPANOPLASTY MASTOIDECTOMY PACKAGE,,OPERATING ROOM,175120,189120,"April 05, 2024",adhoc,A;C;D;E;G;I;K;L;M;N;O;P;S;T;Y
18170022,VARICOCELECTOMY PACKAGE,,OPERATING ROOM,83700,110200,"April 05, 2024",adhoc,A;C;E;G;I;K;L;M;O;P;R;T;V;Y
18170023,VEIN STRIPPING PACKAGE,,OPERATING ROOM,83100,106600,"April 05, 2024",adhoc,A;C;E;G;I;K;N;P;R;S;T;V
18170013,VIDEO ASSISTED THORACIC SURGERY (VATS) PACKAGE,,OPERATING ROOM,168700,168700,"April 05, 2024",adhoc,A;C;D;E;G;H;I;K;O;P;R;S;T;U;V;Y
03020001,ENDOSCOPIC RETROGADE CHOLANGIOPANCREATOGRAPHY W/ GAS ANESTHESIA / TIVA OR,,OR - GASTROENTEROLOGY,19500,28600,"March 04, 2026",adhoc,A;C;D;E;G;H;I;L;N;O;P;R;S;T;V;W;Y
03030001,GS LAPAROSCOPIC SURGERY MAJOR PACK,,OR - GENERAL SURGERY,45300,48000,"March 04, 2026",adhoc,A;C;E;G;I;J;K;L;M;O;P;R;S;U;Y
03040001,PHACOEMULSIFICATION OR,,OR - OPHTHALMOLOGY,32000,32000,"March 04, 2026",adhoc,A;C;E;F;H;I;L;M;N;O;P;R;S;T;U
03040002,PRECISION CATARACT PHACOEMULSIFICATION PER EYE,,OR - OPHTHALMOLOGY,80900,80900,"March 04, 2026",adhoc,A;C;E;F;H;I;L;M;N;O;P;R;S;T;U;Y
03060001,ADULT CARDIAC MAJOR PACK,,OR - TCVS,114200,114200,"March 04, 2026",adhoc,A;C;D;I;J;K;L;M;O;P;R;T;U
03060002,BRONCHOSCOPY 1HR,,OR - TCVS,16600,31800,"March 04, 2026",adhoc,B;C;H;N;O;P;R;S;Y;1
03060003,ECMO - OR,,OR - TCVS,25300,25300,"March 04, 2026",adhoc,C;E;M;O;R
03060004,OPEN HEART PEDIATRIC SURGERY MAJOR PACK,,OR - TCVS,113600,113600,"March 04, 2026",adhoc,A;C;D;E;G;H;I;J;K;M;N;O;P;R;S;T;U;Y
03070001,INTRA CORPOREAL LITHOTRIPSY 1.5HRS,,OR - UROLOGY,59800,59800,"March 04, 2026",adhoc,A;C;E;H;I;L;N;O;P;R;S;T;Y;1;5
04180001,CADAVERIC TRANSPLANT FEE,,ORGAN TRANSPLANT SERVICES,12810,12810,"July 15, 2021",adhoc,A;C;D;E;F;I;L;N;P;R;S;T;V
04180002,DECEASED DONOR MANAGEMENT FEE OUP,,ORGAN TRANSPLANT SERVICES,21840,21840,"July 15, 2021",adhoc,A;C;D;E;F;G;M;N;O;P;R;S;T;U
04180003,DONOR PROCESSING FEE OUP,,ORGAN TRANSPLANT SERVICES,8610,8610,"July 15, 2021",adhoc,C;D;E;F;G;I;N;O;P;R;S;U
04180004,ENLISTMENT FEE OUP,,ORGAN TRANSPLANT SERVICES,8610,8610,"July 15, 2021",adhoc,E;F;I;L;M;N;O;P;S;T;U
04180005,PRE KIDNEY TRANSPLANT ORIENTATION FEE,,ORGAN TRANSPLANT SERVICES,1000,1200,"July 15, 2021",adhoc,A;D;E;F;I;K;L;N;O;P;R;S;T;Y
04180006,TRANSPLANT FEE,,ORGAN TRANSPLANT SERVICES,8610,8610,"July 15, 2021",adhoc,A;E;F;L;N;P;R;S;T
04090001,ACP THERAPY (ARTHROCENTESIS),,OSTEOPOROSIS & BONE HEALTH,29900,37400,"March 02, 2026",adhoc,A;C;E;H;I;N;O;P;R;S;T;Y
04090002,ADDITIONAL PER HOUR USE (EXCESS 4HRS TREATMENT),,OSTEOPOROSIS & BONE HEALTH,495,620,"March 02, 2026",adhoc,A;C;D;E;H;I;L;M;N;O;P;R;S;T;U;X;4
04090003,BONE MINERAL DENSITOMETRY,,OSTEOPOROSIS & BONE HEALTH,6350,8000,"March 02, 2026",adhoc,A;B;D;E;I;L;M;N;O;R;S;T;Y
04090004,COBH INJECTION FEE OUP,,OSTEOPOROSIS & BONE HEALTH,720,720,"March 02, 2026",adhoc,B;C;E;F;H;I;J;N;O;P;T;U
04090005,CRYSTAL IDENTIFICATION (SYNOVIAL FLUID),,OSTEOPOROSIS & BONE HEALTH,930,1200,"March 02, 2026",adhoc,A;C;D;E;F;I;L;N;O;R;S;T;U;V;Y
04090006,DENOSUMAB INJECTION AT COBH,,OSTEOPOROSIS & BONE HEALTH,15400,19300,"March 02, 2026",adhoc,A;B;C;D;E;H;I;J;M;N;O;S;T;U
04090007,INFUSION FEE,,OSTEOPOROSIS & BONE HEALTH,6350,8200,"March 02, 2026",adhoc,E;F;I;N;O;S;U
04090009,INTRA-ARTICULAR HYALURONIC ACID INJECTION - ONE KNEE,,OSTEOPOROSIS & BONE HEALTH,58500,73200,"March 02, 2026",adhoc,A;C;D;E;H;I;J;K;L;N;O;R;T;U;Y
04090011,PEDIATRIC BMD PACKAGE (BMD PLUS X-RAY BONE AGE),,OSTEOPOROSIS & BONE HEALTH,7210,9100,"March 02, 2026",adhoc,A;B;C;D;E;G;I;K;L;M;N;O;P;R;S;T;U;X;Y
04090008,TOTAL BODY COMPOSITION,,OSTEOPOROSIS & BONE HEALTH,2920,3700,"March 02, 2026",adhoc,A;B;C;D;I;L;M;N;O;P;S;T;Y
1817120002,CIRCUMCISION PACKAGE WITH/WITHOUT CAUTERY - OSS,,OUTPATIENT SURGICAL SUITE,13500,16800,"April 24, 2026",adhoc,A;C;E;G;H;I;K;M;N;O;P;R;S;T;U;W;Y
04260001,ACUPUNCTURE SERVICE,,PAIN CONTROL CLINIC,3700,4700,"March 03, 2026",adhoc,A;C;E;I;N;P;R;S;T;U;V
04260002,BLOOD EXTRACTION FEE OUP,,PAIN CONTROL CLINIC,440,440,"March 03, 2026",adhoc,A;B;C;D;E;F;I;L;N;O;P;R;T;U;X
04260003,COMPREHENSIVE PAIN ASSESSMENT,,PAIN CONTROL CLINIC,1000,1300,"March 03, 2026",adhoc,A;C;E;H;I;M;N;O;P;R;S;T;V
04260020,COMPREHENSIVE PAIN MANAGEMENT CONSULTATION,,PAIN CONTROL CLINIC,3100,3900,"April 08, 2026",adhoc,A;C;E;G;H;I;L;M;N;O;P;R;S;T;U;V
04260021,COMPREHENSIVE PALLIATIVE CARE CONSULTATION 1HR- PMS,,PAIN CONTROL CLINIC,3100,3900,"April 08, 2026",adhoc,A;C;E;H;I;L;M;N;O;P;R;S;T;U;V;1
04260022,CONSULTATION (PER 30 MINUTES),,PAIN CONTROL CLINIC,1700,2200,"April 08, 2026",adhoc,A;C;E;I;L;M;N;O;P;R;S;T;U;0;3
04260016,CONSULTATION FEE OUP,,PAIN CONTROL CLINIC,2300,2300,"March 03, 2026",adhoc,A;C;E;F;I;L;N;O;P;S;T;U
04260005,HOME BASED PAIN MANAGEMENT SERVICE OUP,,PAIN CONTROL CLINIC,1735,1735,"March 03, 2026",adhoc,A;B;C;D;E;G;H;I;M;N;O;P;R;S;T;U;V
04260013,PAIN MANAGEMENT SERVICE ER FEE,,PAIN CONTROL CLINIC,690,950,"March 03, 2026",adhoc,A;C;E;F;G;I;M;N;P;R;S;T;V
04260014,PAIN MANAGEMENT SERVICE FEE OUP,,PAIN CONTROL CLINIC,800,800,"March 03, 2026",adhoc,A;C;E;F;G;I;M;N;O;P;R;S;T;U;V
04260017,PAIN SERVICE FEE IP,,PAIN CONTROL CLINIC,800,800,"March 03, 2026",adhoc,A;C;E;F;I;N;P;R;S;V
04260019,PALLIATIVE CARE CONSULTATION 1HR- PMS,,PAIN CONTROL CLINIC,2600,3300,"April 08, 2026",adhoc,A;C;E;H;I;L;M;N;O;P;R;S;T;U;V;1
04260007,PATIENT CONTROLLED ANALGESIA,,PAIN CONTROL CLINIC,1100,1400,"March 03, 2026",adhoc,A;C;D;E;G;I;L;N;O;P;R;S;T
04260008,PERIPHERAL INSERTION (PAIN OUP),,PAIN CONTROL CLINIC,740,1000,"March 03, 2026",adhoc,A;E;H;I;L;N;O;P;R;S;T;U
04260009,PROCEDURAL SEDATION,,PAIN CONTROL CLINIC,980,1300,"March 03, 2026",adhoc,A;C;D;E;I;L;N;O;P;R;S;T;U
04260010,ULTRASOUND-GUIDED PERINEURAL INJECTION TREATMENT,,PAIN CONTROL CLINIC,2840,3600,"March 03, 2026",adhoc,A;C;D;E;G;I;J;L;M;N;O;P;R;S;T;U
04260011,USE OF PAIN TREATMENT ROOM (30 MINS),,PAIN CONTROL CLINIC,700,950,"March 03, 2026",adhoc,A;E;F;I;M;N;O;P;R;S;T;U;0;3
04260012,USE OF PAIN TREATMENT ROOM 1 HOUR,,PAIN CONTROL CLINIC,1100,1400,"March 03, 2026",adhoc,A;E;F;H;I;M;N;O;P;R;S;T;U;1
04260018,USE OF PATIENT CONTROLLED ANALGESIA (PCA) PUMP,,PAIN CONTROL CLINIC,2000,2500,"March 03, 2026",adhoc,A;C;D;E;F;G;I;L;M;N;O;P;R;S;T;U
04260015,USE OF PULSE OXIMETER PAIN CLINIC,,PAIN CONTROL CLINIC,395,500,"March 03, 2026",adhoc,A;C;E;F;I;L;M;N;O;P;R;S;T;U;X
04540001,ABA ASSESSMENT/ TRIAL SESSION TELETHERAPY,,PEDIA REHAB,4550,5700,"March 03, 2026",adhoc,A;B;E;H;I;L;M;N;O;P;R;S;T;Y
04540030,ABA CENTER-BASED SESSION,,PEDIA REHAB,4500,5700,"March 03, 2026",adhoc,A;B;C;D;E;I;N;O;R;S;T
04540031,ABA HOME-BASED SESSION,,PEDIA REHAB,4950,6200,"March 03, 2026",adhoc,A;B;D;E;H;I;M;N;O;S
04540017,ABA PACKAGE (CENTER-BASED & HOME-BASED),,PEDIA REHAB,7350,23630,"March 03, 2026",adhoc,A;B;C;D;E;G;H;K;M;N;O;P;R;S;T
04540032,ABA PATIENT ASSESSMENT,,PEDIA REHAB,4360,5500,"March 03, 2026",adhoc,A;B;E;I;M;N;P;S;T
04540028,ABA TELETHERAPY,,PEDIA REHAB,4550,30000,"March 03, 2026",adhoc,A;B;E;H;L;P;R;T;Y
04540002,ASSESSMENT/TRIAL SESSION,,PEDIA REHAB,3150,4000,"March 03, 2026",adhoc,A;E;I;L;M;N;O;R;S;T
04540018,GROUP SESSION (6 SESSIONS) OUP PACKAGE,,PEDIA REHAB,9510,9510,"March 03, 2026",adhoc,A;C;E;G;I;K;N;O;P;R;S;U;6
04540003,GROUP SESSION DYAD-SMALL GROUP OUP,,PEDIA REHAB,1680,1680,"March 03, 2026",adhoc,A;D;E;G;I;L;M;N;O;P;R;S;U;Y
04540004,HOME PROGRAM,,PEDIA REHAB,2690,2690,"March 03, 2026",adhoc,A;E;G;H;M;O;P;R
04540005,HOMECARE PEDIATRIC ENVIRONMENTAL ASSESSMENT OUP,,PEDIA REHAB,3800,3800,"March 03, 2026",adhoc,A;C;D;E;H;I;L;M;N;O;P;R;S;T;U;V
04540006,PARENT TEACHER CONFERENCE OUP,,PEDIA REHAB,3350,5450,"March 03, 2026",adhoc,A;C;E;F;H;N;O;P;R;T;U
04540019,PEDIA HOME THERAPY (6 SESSIONS) OUP PACKAGE,,PEDIA REHAB,21530,21530,"March 03, 2026",adhoc,A;C;D;E;G;H;I;K;M;N;O;P;R;S;T;U;Y;6
04540007,PEDIA HOME THERAPY OUP,,PEDIA REHAB,4350,4350,"March 03, 2026",adhoc,A;D;E;H;I;M;O;P;R;T;U;Y
04540008,PEDIATRIC ASSESSMENT OT/PT/ST,,PEDIA REHAB,3910,4900,"March 03, 2026",adhoc,A;C;D;E;I;M;N;O;P;R;S;T
04540020,PEDIATRIC ASSESSMENT PACKAGE,,PEDIA REHAB,1100,11900,"March 03, 2026",adhoc,A;C;D;E;G;I;K;M;N;P;R;S;T
04540024,PROGRESS REPORT FEE OUP,,PEDIA REHAB,1005,1005,"March 03, 2026",adhoc,E;F;G;O;P;R;S;T;U
04540009,REGULAR - OCCUPATIONAL TELETHERAPY,,PEDIA REHAB,1630,2100,"March 03, 2026",adhoc,A;C;E;G;H;I;L;N;O;P;R;T;U;Y
04540010,REGULAR - PHYSICAL TELETHERAPY,,PEDIA REHAB,1580,2000,"March 03, 2026",adhoc,A;C;E;G;H;I;L;P;R;S;T;U;Y
04540011,REGULAR - SPEECH TELETHERAPY,,PEDIA REHAB,1630,2100,"March 03, 2026",adhoc,A;C;E;G;H;L;P;R;S;T;U;Y
04540025,REGULAR PEDIATRIC THERAPY SESSION OT/PT/ST,,PEDIA REHAB,1680,2150,"March 03, 2026",adhoc,A;C;D;E;G;H;I;L;N;O;P;R;S;T;U;Y
04540029,REGULAR TELETHERAPY (6 SESSIONS) PACKAGE,,PEDIA REHAB,8000,10000,"March 03, 2026",adhoc,A;C;E;G;H;I;K;L;N;O;P;R;S;T;U;Y;6
04540021,REGULAR THERAPY PACKAGE,,PEDIA REHAB,8340,17200,"March 03, 2026",adhoc,A;C;E;G;H;K;L;P;R;T;U;Y
04540012,SCHOOL VISIT OUP,,PEDIA REHAB,3920,3920,"March 03, 2026",adhoc,C;H;I;L;O;P;S;T;U;V
04540026,SERVICE FEE OUP,,PEDIA REHAB,1085,1085,"March 03, 2026",adhoc,C;E;F;I;O;P;R;S;U;V
04540013,SPECIALIZED ASSESSMENT - OT/PT/ST,,PEDIA REHAB,4320,5600,"March 03, 2026",adhoc,A;C;D;E;I;L;M;N;O;P;S;T;Z
04540027,SPECIALIZED PEDIATRIC TREATMENT SESSION OT/PT/ST,,PEDIA REHAB,1840,2400,"March 03, 2026",adhoc,A;C;D;E;I;L;M;N;O;P;R;S;T;Z
04540014,SPECIALIZED TELETHERAPY,,PEDIA REHAB,1840,2350,"March 03, 2026",adhoc,A;C;D;E;H;I;L;P;R;S;T;Y;Z
04540022,SPECIALIZED THERAPY (6 SESSIONS) PACKAGE,,PEDIA REHAB,9240,15700,"March 03, 2026",adhoc,A;C;D;E;G;H;I;K;L;N;O;P;R;S;T;Y;Z;6
04540023,STANDARDIZED PEDIATRIC TEST (2 & 3 SESSIONS) PACKAGE,,PEDIA REHAB,6510,11900,"March 03, 2026",adhoc,A;C;D;E;G;I;K;N;O;P;R;S;T;Z;2;3
04540015,STANDARDIZED PEDIATRIC TEST OT/PT/ST,,PEDIA REHAB,3800,4800,"March 03, 2026",adhoc,A;C;D;E;I;N;O;P;R;S;T;Z
04540016,TELETHERAPY FUNCTIONAL ASSESSMENT,,PEDIA REHAB,1580,2000,"March 03, 2026",adhoc,A;C;E;F;H;I;L;M;N;O;P;R;S;T;U;Y
0456005,CONTACT ALLERGY TEST (SKIN PATCH TEST),,PHOTOTHERAPY,10300,12400,"October 29, 2025",adhoc,A;C;E;G;H;I;K;L;N;O;P;R;S;T;Y
0456006,EXCIMER PHOTOTHERAPY,,PHOTOTHERAPY,1000,1800,"October 20, 2023",adhoc,A;C;E;H;I;M;O;P;R;T;X;Y
0456007,EXCIMER PHOTOTHERAPY PACKAGE,,PHOTOTHERAPY,5000,9000,"October 20, 2023",adhoc,A;C;E;G;H;I;K;M;O;P;R;T;X;Y
0456001,PHOTOTHERAPY (UVA),,PHOTOTHERAPY,970,2200,"October 29, 2025",adhoc,A;E;H;O;P;R;T;U;V;Y
0456002,PHOTOTHERAPY (UVB),,PHOTOTHERAPY,1010,1300,"October 29, 2025",adhoc,A;B;E;H;O;P;R;T;U;V;Y
0456004,PHOTOTHERAPY PACKAGE,,PHOTOTHERAPY,4875,5850,"December 03, 2021",adhoc,A;C;E;G;H;K;O;P;R;T;Y
0456003,PUVA,,PHOTOTHERAPY,1090,2460,"December 03, 2021",adhoc,A;P;U;V
04280001,ADDITIONAL 30 MINS PMR,,PMR,950,1200,"March 03, 2026",adhoc,A;D;I;L;M;N;O;P;R;S;T;0;3
04280002,ADULT ACTIVITY,,PMR,1080,4400,"March 03, 2026",adhoc,A;C;D;I;L;T;U;V;Y
04280050,APPLICATION OF 1M ROCKTAPE - PMR,,PMR,390,600,"March 03, 2026",adhoc,A;C;E;F;I;K;L;M;N;O;P;R;T;1
04280003,BANDAGING (1 PART) PMR,,PMR,1660,2100,"March 03, 2026",adhoc,A;B;D;G;I;M;N;P;R;T;1
04280004,BASIC OCCUPATIONAL TELETHERAPY,,PMR,1370,1800,"March 03, 2026",adhoc,A;B;C;E;H;I;L;N;O;P;R;S;T;U;Y
04280005,BASIC PHYSICAL THERAPY / TELETHERAPY,,PMR,1370,1800,"March 03, 2026",adhoc,A;B;C;E;H;I;L;P;R;S;T;Y
04280046,BASIC PHYSICAL THERAPY 3-12 SESSIONS PACKAGE OUP,,PMR,3620,12810,"March 03, 2026",adhoc,A;B;C;E;G;H;I;K;L;N;O;P;R;S;T;U;Y;1;2;3
04280007,BIVALVE UPPER EXTREMITY SPLINT FABRICATION,,PMR,8200,10300,"March 03, 2026",adhoc,A;B;C;E;F;I;L;M;N;O;P;R;S;T;U;V;X;Y
04280008,DYSPHAGIA EVALUATION SERVICE OT/ST,,PMR,2050,2800,"March 03, 2026",adhoc,A;C;D;E;G;H;I;L;N;O;P;R;S;T;U;V;Y
04280009,EDUCATION/LECTURE OUP,,PMR,855,17830,"March 03, 2026",adhoc,A;C;D;E;I;L;N;O;P;R;T;U
04280010,EVALUATION OF RISK & WORKSTATION ANALYSIS OUP,,PMR,1370,10800,"March 03, 2026",adhoc,A;E;F;I;K;L;N;O;P;R;S;T;U;V;W;Y
04280011,EXPANDED OCCUPATIONAL TELETHERAPY,,PMR,1550,2000,"March 03, 2026",adhoc,A;C;D;E;H;I;L;N;O;P;R;T;U;X;Y
04280012,EXPANDED PHYSICAL TELETHERAPY,,PMR,1540,2000,"March 03, 2026",adhoc,A;C;D;E;H;I;L;N;P;R;S;T;X;Y
04280062,EXPANDED PHYSICAL THERAPY (1-3) 3-12 SESSIONS PACKAGE OUP,,PMR,1760,19360,"March 03, 2026",adhoc,A;C;D;E;G;H;I;K;L;N;O;P;R;S;T;U;X;Y;1;2;3
04280047,EXPANDED PHYSICAL THERAPY 1-3,,PMR,1600,2700,"March 03, 2026",adhoc,A;C;D;E;H;I;L;N;P;R;S;T;X;Y;1;3
04280013,FINGER/ HAND/ FOREARM/ WRIST SPLINT FABRICATION,,PMR,2970,6300,"March 03, 2026",adhoc,A;B;C;D;E;F;G;H;I;L;M;N;O;P;R;S;T;W
04280014,HOMECARE FEE OUP,,PMR,1168,1168,"March 03, 2026",adhoc,A;C;E;F;H;M;O;P;R;U
04280015,MEDICAL LECTURE PROGRAM (PMR) OUP,,PMR,13410,13410,"March 03, 2026",adhoc,A;C;D;E;G;I;L;M;O;P;R;T;U
04280016,MLD-CDT PMR,,PMR,1220,4900,"March 03, 2026",adhoc,C;D;L;M;P;R;T
04280048,NEURO REHABILITATION PHASE (1-3) 3-12 SESSIONS PACKAGE OUP,,PMR,3840,22810,"March 03, 2026",adhoc,A;B;C;E;G;H;I;K;L;N;O;P;R;S;T;U;1;2;3
04280017,NEURO-REHABILITATION PHASE 1-3,,PMR,1530,3100,"March 03, 2026",adhoc,A;B;E;H;I;L;N;O;P;R;S;T;U;1;3
04280058,OCCUPATIONAL THERAPY,,PMR,1410,2600,"March 03, 2026",adhoc,A;C;E;H;I;L;N;O;P;R;T;U;Y
04280018,PATIENT EDUCATION - PMR,,PMR,1220,1600,"March 03, 2026",adhoc,A;C;D;E;I;M;N;O;P;R;T;U
04280019,PEDIA AFO SPLINT FABRICATION,,PMR,5000,6300,"March 03, 2026",adhoc,A;B;C;D;E;F;I;L;N;O;P;R;S;T
04280020,PEDIATRIC REHABILITATION OT/PT,,PMR,1600,2050,"March 03, 2026",adhoc,A;B;C;D;E;H;I;L;N;O;P;R;T
04280006,PHYSICAL THERAPY - HOME SERVICE OUP,,PMR,1980,1980,"March 03, 2026",adhoc,A;C;E;H;I;L;M;O;P;R;S;T;U;V;Y
04280051,PLUS 30 MINUTES (HOME),,PMR,630,850,"March 03, 2026",adhoc,E;H;I;L;M;N;O;P;S;T;U;0;3
04280022,PLUS ALTER-G,,PMR,1520,1950,"March 03, 2026",adhoc,A;E;G;L;P;R;S;T;U
04280023,PLUS CLIMB MILL,,PMR,1110,1400,"March 03, 2026",adhoc,B;C;I;L;M;P;S;U
04280024,PLUS CPM,,PMR,1220,2000,"March 03, 2026",adhoc,C;L;M;P;S;U
04280025,PLUS CRYOTHERAPY,,PMR,515,750,"March 03, 2026",adhoc,A;C;E;H;L;O;P;R;S;T;U;Y
04280026,PLUS ENDURANCE,,PMR,326,800,"March 03, 2026",adhoc,A;C;D;E;L;N;P;R;S;U
04280052,PLUS ICP (HOME),,PMR,630,850,"March 03, 2026",adhoc,C;E;H;I;L;M;O;P;S;U
04280027,PLUS INTERMITTENT COMPRESSION,,PMR,620,850,"March 03, 2026",adhoc,C;E;I;L;M;N;O;P;R;S;T;U
04280053,PLUS IRR (HOME),,PMR,525,750,"March 03, 2026",adhoc,E;H;I;L;M;O;P;R;S;U
04280028,PLUS LASER,,PMR,1820,2600,"March 03, 2026",adhoc,A;E;L;P;R;S;U
04280029,PLUS MD LEG,,PMR,410,650,"March 03, 2026",adhoc,D;E;G;L;M;P;S;U
04280030,PLUS NEUROMOVE,,PMR,690,1100,"March 03, 2026",adhoc,E;L;M;N;O;P;R;S;U;V
04280031,PLUS PARAFFIN,,PMR,525,750,"March 03, 2026",adhoc,A;F;I;L;N;P;R;S;U
04280032,PLUS SHOCKWAVE,,PMR,1650,2700,"March 03, 2026",adhoc,A;C;E;H;K;L;O;P;S;U;V;W
04280049,PLUS SHOCKWAVE 3 SESSION PACKAGE,,PMR,3150,4800,"March 03, 2026",adhoc,A;C;E;G;H;I;K;L;N;O;P;S;U;V;W;3
04280033,PLUS STRENGTHENING MG 500,,PMR,495,700,"March 03, 2026",adhoc,E;G;H;I;L;M;N;P;R;S;T;U;0;5
04280039,PLUS TG KINESIS ONE,,PMR,390,390,"March 03, 2026",adhoc,E;G;I;K;L;N;O;P;S;T;U
04280034,PLUS THERAPEUTIC ULTRASOUND THERAPY,,PMR,347,550,"March 03, 2026",adhoc,A;C;D;E;H;I;L;N;O;P;R;S;T;U;Y
04280035,PLUS TILT HOME/TABLE,,PMR,1150,1800,"March 03, 2026",adhoc,A;B;E;H;I;L;M;O;P;S;T;U
04280036,PLUS UNWEIGHING SYSTEM,,PMR,525,750,"March 03, 2026",adhoc,E;G;H;I;L;M;N;P;S;T;U;W;Y
04280054,PLUS UTZ (HOME),,PMR,550,750,"March 03, 2026",adhoc,E;H;L;M;O;P;S;T;U;Z
04280037,PNEUMATIC COMPRESSION (1 PART) PMR,,PMR,2430,3750,"March 03, 2026",adhoc,A;C;E;I;M;N;O;P;R;S;T;U;1
04280038,POSTERIOR ANKLE / ELBOW SPLINT FABRICATION,,PMR,4650,9700,"March 03, 2026",adhoc,A;B;C;E;F;I;K;L;N;O;P;R;S;T;W
04280056,SCHROTH,,PMR,2500,5000,"March 03, 2026",adhoc,C;H;O;R;S;T
04280055,SHOCKWAVE,,PMR,2520,5600,"March 03, 2026",adhoc,A;C;E;H;K;O;S;V;W
04280040,SPEECH HOME PROGRAM,,PMR,1730,2200,"March 03, 2026",adhoc,A;C;E;G;H;M;O;P;R;S
04280041,SPEECH TELETHERAPY,,PMR,1590,2050,"March 03, 2026",adhoc,A;C;E;H;L;P;R;S;T;Y
04280057,SPEECH THERAPY,,PMR,1400,2300,"March 03, 2026",adhoc,A;C;E;H;P;R;S;T;Y
04280042,SPORTS TAPING,,PMR,342,430,"March 03, 2026",adhoc,A;G;I;N;O;P;R;S;T
04280043,SUPER INDUCTIVE SYSTEM,,PMR,1720,2300,"March 03, 2026",adhoc,C;D;E;I;M;N;P;R;S;T;U;V;Y
04280044,TAPING - PMR,,PMR,1200,3650,"March 03, 2026",adhoc,A;G;I;M;N;P;R;T
04280059,TECAR,,PMR,1800,2900,"March 03, 2026",adhoc,A;C;E;R;T
04280060,USE OF CPM,,PMR,630,850,"March 03, 2026",adhoc,C;E;F;M;O;P;S;U
04280061,USE OF LYMPHATOUCH (1 PART) PMR,,PMR,1000,2330,"March 03, 2026",adhoc,A;C;E;F;H;L;M;O;P;R;S;T;U;Y;1
04280045,WHIRLPOOL HI/LO BOY,,PMR,2920,3700,"March 03, 2026",adhoc,B;H;I;L;O;P;R;W;Y
04290001,6 MINS WALK TEST,,PULMONARY LABORATORY,2700,3400,"March 03, 2026",adhoc,A;E;I;K;L;M;N;S;T;W;6
04290002,AEROSOL PER DAY / PER TREATMENT,,PULMONARY LABORATORY,610,1100,"March 03, 2026",adhoc,A;D;E;L;M;N;O;P;R;S;T;Y
04290003,ARTERIAL BLOOD GASES,,PULMONARY LABORATORY,2310,2900,"March 03, 2026",adhoc,A;B;D;E;G;I;L;O;R;S;T
04290004,CHEST PHYSIOTHERAPY,,PULMONARY LABORATORY,1020,2000,"March 03, 2026",adhoc,A;C;E;H;I;O;P;R;S;T;Y
04290014,FRACTIONAL EXHALED NITRIC OXIDE (FENO),,PULMONARY LABORATORY,3300,4200,"March 03, 2026",adhoc,A;C;D;E;F;H;I;L;N;O;R;T;X
04290005,HEATED AEROSOL PER TREATMENT,,PULMONARY LABORATORY,665,900,"March 03, 2026",adhoc,A;D;E;H;L;M;N;O;P;R;S;T
04290006,INCENTIVE SPIROMETRY THERAPY PER SESSION,,PULMONARY LABORATORY,580,800,"March 03, 2026",adhoc,A;C;E;H;I;M;N;O;P;R;S;T;V;Y
04290007,LUNG FLUTE THERAPY,,PULMONARY LABORATORY,585,800,"March 03, 2026",adhoc,A;E;F;G;H;L;N;P;R;T;U;Y
04290011,METANEB THERAPY,,PULMONARY LABORATORY,1210,1600,"March 03, 2026",adhoc,A;B;E;H;M;N;P;R;T;Y
04290008,PEAK EXPIRATORY FLOW RATE/RSB PROCEDURE,,PULMONARY LABORATORY,465,650,"March 03, 2026",adhoc,A;B;C;D;E;F;I;K;L;O;P;R;S;T;U;W;X;Y
04290009,RAPID SHALLOW BREATHING (RSB),,PULMONARY LABORATORY,380,550,"March 03, 2026",adhoc,A;B;D;E;G;H;I;L;N;O;P;R;S;T;W
04290010,SPIROMETRY,,PULMONARY LABORATORY,4510,11800,"March 03, 2026",adhoc,E;I;M;O;P;R;S;T;Y
04290016,USE OF COMPRESSED AIR,,PULMONARY LABORATORY,0,0,"March 03, 2026",adhoc,A;C;D;E;F;I;M;O;P;R;S;U
04290012,USE OF HUMIDIFIER HEATER IP,,PULMONARY LABORATORY,930,1150,"March 03, 2026",adhoc,A;D;E;F;H;I;M;O;P;R;S;T;U
04290013,USE OF OXYGEN,,PULMONARY LABORATORY,0,800,"March 03, 2026",adhoc,E;F;G;N;O;S;U;X;Y
04290015,VEST AIRWAY CLEARANCE THERAPY PER TREATMENT,,PULMONARY LABORATORY,1400,1750,"March 03, 2026",adhoc,A;C;E;H;I;L;M;N;P;R;S;T;V;W;Y
0430060002,BRACHYTHERAPY TREATMENT,,RADIATION ONCOLOGY,23400,28100,"October 27, 2025",adhoc,A;B;C;E;H;M;N;P;R;T;Y
0430020121,CT SIMULATION IMRT,,RADIATION ONCOLOGY,32906,54300,"November 17, 2025",adhoc,A;C;I;L;M;N;O;R;S;T;U
0430060024,IMRT SIMPLE TREATMENT METS ADDITIONAL PACKAGE,,RADIATION ONCOLOGY,9345,17390,"August 05, 2021",adhoc,A;C;D;E;G;I;K;L;M;N;O;P;R;S;T
0430060023,IMRT SIMPLE TREATMENT METS PACKAGE,,RADIATION ONCOLOGY,43811,60870,"August 05, 2021",adhoc,A;C;E;G;I;K;L;M;N;P;R;S;T
0430060004,IMRT TREATMENT ABDOMEN ADDITIONAL PACKAGE,,RADIATION ONCOLOGY,9350,22680,"August 05, 2021",adhoc,A;B;C;D;E;G;I;K;L;M;N;O;P;R;T
0430060003,IMRT TREATMENT ABDOMEN PACKAGE,,RADIATION ONCOLOGY,43817,88340,"August 05, 2021",adhoc,A;B;C;D;E;G;I;K;M;N;O;P;R;T
0430060006,IMRT TREATMENT BREAST ADDITIONAL PACKAGE,,RADIATION ONCOLOGY,9345,22680,"August 05, 2021",adhoc,A;B;C;D;E;G;I;K;L;M;N;O;P;R;S;T
0430060005,IMRT TREATMENT BREAST PACKAGE,,RADIATION ONCOLOGY,43811,88460,"August 05, 2021",adhoc,A;B;C;E;G;I;K;M;N;P;R;S;T
0430060022,IMRT TREATMENT HEAD & NECK ADDITIONAL PACKAGE,,RADIATION ONCOLOGY,9345,17390,"August 05, 2021",adhoc,A;C;D;E;G;H;I;K;L;M;N;O;P;R;T
0430060021,IMRT TREATMENT HEAD & NECK PACKAGE,,RADIATION ONCOLOGY,43811,60870,"August 05, 2021",adhoc,A;C;D;E;G;H;I;K;M;N;P;R;T
0430060008,IMRT TREATMENT LUNG ADDITIONAL PACKAGE,,RADIATION ONCOLOGY,9345,22680,"August 05, 2021",adhoc,A;C;D;E;G;I;K;L;M;N;O;P;R;T;U
0430060007,IMRT TREATMENT LUNG PACKAGE,,RADIATION ONCOLOGY,9345,88340,"August 05, 2021",adhoc,A;C;E;G;I;K;L;M;N;P;R;T;U
0430060026,IMRT TREATMENT OTHERS ADDITIONAL PACKAGE,,RADIATION ONCOLOGY,9345,17390,"August 05, 2021",adhoc,A;C;D;E;G;H;I;K;L;M;N;O;P;R;S;T
0430060025,IMRT TREATMENT OTHERS PACKAGE,,RADIATION ONCOLOGY,43811,60870,"August 05, 2021",adhoc,A;C;E;G;H;I;K;M;N;O;P;R;S;T
0430060010,IMRT TREATMENT PALLIATIVE RADIATION METS BONE/SPINE ADDITIONAL PACKAGE,,RADIATION ONCOLOGY,14070,23440,"August 05, 2021",adhoc,A;B;C;D;E;G;I;K;L;M;N;O;P;R;S;T;V
0430060009,IMRT TREATMENT PALLIATIVE RADIATION METS BONE/SPINE PACKAGE,,RADIATION ONCOLOGY,68607,92120,"August 05, 2021",adhoc,A;B;C;D;E;G;I;K;L;M;N;O;P;R;S;T;V
0430060012,IMRT TREATMENT PELVIS ADDITIONAL PACKAGE,,RADIATION ONCOLOGY,9345,22680,"August 05, 2021",adhoc,A;C;D;E;G;I;K;L;M;N;O;P;R;S;T;V
0430060011,IMRT TREATMENT PELVIS PACKAGE,,RADIATION ONCOLOGY,43811,88460,"August 05, 2021",adhoc,A;C;E;G;I;K;L;M;N;P;R;S;T;V
0430060014,IMRT TREATMENT PRIMARY BRAIN TUMORS ADDITIONAL PACKAGE,,RADIATION ONCOLOGY,9345,22680,"August 05, 2021",adhoc,A;B;C;D;E;G;I;K;L;M;N;O;P;R;S;T;U;Y
0430060013,IMRT TREATMENT PRIMARY BRAIN TUMORS PACKAGE,,RADIATION ONCOLOGY,43811,88200,"August 05, 2021",adhoc,A;B;C;E;G;I;K;M;N;O;P;R;S;T;U;Y
0430060016,IMRT TREATMENT PROSTATE ADDITIONAL PACKAGE,,RADIATION ONCOLOGY,13490,22680,"August 05, 2021",adhoc,A;C;D;E;G;I;K;L;M;N;O;P;R;S;T
0430060015,IMRT TREATMENT PROSTATE PACKAGE,,RADIATION ONCOLOGY,65557,88340,"August 05, 2021",adhoc,A;C;E;G;I;K;M;N;O;P;R;S;T
0430060018,IMRT TREATMENT SARCOMA ADDITIONAL PACKAGE,,RADIATION ONCOLOGY,13480,22680,"August 05, 2021",adhoc,A;C;D;E;G;I;K;L;M;N;O;P;R;S;T
0430060017,IMRT TREATMENT SARCOMA PACKAGE,,RADIATION ONCOLOGY,65546,88200,"August 05, 2021",adhoc,A;C;E;G;I;K;M;N;O;P;R;S;T
0430060020,IMRT TREATMENT SKIN CA HEAD & NECK W/ NODE METS ADDITIONAL PACKAGE,,RADIATION ONCOLOGY,13500,22680,"August 05, 2021",adhoc,A;C;D;E;G;H;I;K;L;M;N;O;P;R;S;T;W
0430060019,IMRT TREATMENT SKIN CA HEAD & NECK W/ NODE METS PACKAGE,,RADIATION ONCOLOGY,65573,88340,"August 05, 2021",adhoc,A;C;D;E;G;H;I;K;M;N;O;P;R;S;T;W
0430060027,STEREOTACTIC BODY RADIOTHERAPY (SBRT) PACKAGE,,RADIATION ONCOLOGY,252000,261500,"August 05, 2021",adhoc,A;B;C;D;E;G;H;I;K;O;P;R;S;T;Y
0430060028,STEREOTACTIC RADIOSURGERY CAVI-RT PACKAGE,,RADIATION ONCOLOGY,262500,326400,"August 05, 2021",adhoc,A;C;D;E;G;I;K;O;P;R;S;T;U;V;Y
0430060029,STEREOTACTIC RADIOSURGERY PACKAGE,,RADIATION ONCOLOGY,355950,365500,"August 05, 2021",adhoc,A;C;D;E;G;I;K;O;P;R;S;T;U;Y
TREATMENT PLANNING BRACHYTHERAPY,TREATMENT PLANNING BRACHYTHERAPY,,RADIATION ONCOLOGY,23400,28100,"October 29, 2025",adhoc,A;B;C;E;G;H;I;L;M;N;P;R;T;Y
0430060030,TREATMENT PLANNING IMRT COMPLEX W/O IMMOBILIZATION PACKAGE,,RADIATION ONCOLOGY,19000,22800,"August 05, 2021",adhoc,A;B;C;E;G;I;K;L;M;N;O;P;R;T;W;X;Z
0430020001,CT ADRENAL GLAND W/ CONTRAST,,RADIO CT,16400,31900,"March 06, 2026",adhoc,A;C;D;E;G;L;N;O;R;S;T;W
0430020002,CT ADRENAL GLAND W/O CONTRAST,,RADIO CT,8800,19500,"March 06, 2026",adhoc,A;C;D;E;G;L;N;O;R;S;T;W
0430020003,CT ANGIOGRAPHY MAPPING,,RADIO CT,31100,59200,"March 06, 2026",adhoc,A;C;G;H;I;M;N;O;P;R;T;Y
0430020004,CT ANGIOGRAPHY OF THE ABDOMEN,,RADIO CT,24400,48200,"March 06, 2026",adhoc,A;B;C;D;E;F;G;H;I;M;N;O;P;R;T;Y
0430020005,CT ANGIOGRAPHY OF THE ABDOMINAL AORTA,,RADIO CT,24300,51600,"March 06, 2026",adhoc,A;B;C;D;E;F;G;H;I;L;M;N;O;P;R;T;Y
0430020006,CT ANGIOGRAPHY OF THE BRAIN,,RADIO CT,23500,50800,"March 06, 2026",adhoc,A;B;C;E;F;G;H;I;N;O;P;R;T;Y
0430020007,CT ANGIOGRAPHY OF THE BRAIN PERFUSION,,RADIO CT,32200,61300,"March 06, 2026",adhoc,A;B;C;E;F;G;H;I;N;O;P;R;S;T;U;Y
0430020008,CT ANGIOGRAPHY OF THE CHEST/PULMONARY,,RADIO CT,36100,70000,"March 06, 2026",adhoc,A;C;E;F;G;H;I;L;M;N;O;P;R;S;T;U;Y
0430020009,CT ANGIOGRAPHY OF THE CORONARY ARTERIES,,RADIO CT,37000,71100,"March 06, 2026",adhoc,A;C;E;F;G;H;I;N;O;P;R;S;T;Y
0430020010,CT ANGIOGRAPHY OF THE LIVER/HEPATIC (DONOR),,RADIO CT,29500,54900,"March 06, 2026",adhoc,A;C;D;E;F;G;H;I;L;N;O;P;R;T;V;Y
0430020011,CT ANGIOGRAPHY OF THE LIVER/HEPATIC (RECIPIENT),,RADIO CT,23400,47000,"March 06, 2026",adhoc,A;C;E;F;G;H;I;L;N;O;P;R;T;V;Y
0430020012,CT ANGIOGRAPHY OF THE NECK/CAROTID,,RADIO CT,23500,50700,"March 06, 2026",adhoc,A;C;D;E;F;G;H;I;K;N;O;P;R;T;Y
0430020013,CT ANGIOGRAPHY OF THE RENAL ARTERIES,,RADIO CT,31700,64500,"March 06, 2026",adhoc,A;C;E;F;G;H;I;L;N;O;P;R;S;T;Y
0430020014,CT ANGIOGRAPHY OF THE THORACIC AORTA,,RADIO CT,31700,64500,"March 06, 2026",adhoc,A;C;E;F;G;H;I;N;O;P;R;T;Y
0430020015,CT ANGIOGRAPHY OF THE THORACOABDOMINAL AORTA,,RADIO CT,46200,82600,"March 06, 2026",adhoc,A;B;C;D;E;F;G;H;I;L;M;N;O;P;R;T;Y
0430020016,CT ANGIOGRAPHY PERIPHERALS,,RADIO CT,35900,69700,"March 06, 2026",adhoc,A;C;E;G;H;I;L;N;O;P;R;S;T;Y
0430020021,CT BRAIN/HEAD,,RADIO CT,7950,32900,"March 06, 2026",adhoc,A;B;C;D;E;H;I;N;R;T
0430020017,CT BRAIN/HEAD & NECK,,RADIO CT,15300,19200,"March 06, 2026",adhoc,A;B;C;D;E;H;I;K;N;R;T
0430020020,CT BRAIN/HEAD TRAUMA,,RADIO CT,7800,25000,"March 06, 2026",adhoc,A;B;C;D;E;H;I;M;N;R;T;U
0430020039,CT BRAIN/HEAD; NECK; CHEST & ABDOMEN PACKAGE,,RADIO CT,62102,74523,"September 06, 2025",adhoc,A;B;C;D;E;G;H;I;K;M;N;O;P;R;S;T
0430020022,CT CALCIUM SCORING,,RADIO CT,12500,25400,"March 06, 2026",adhoc,A;C;G;I;L;M;N;O;R;S;T;U
0430020023,CT CERVICAL SPINE,,RADIO CT,8400,26100,"March 06, 2026",adhoc,A;C;E;I;L;N;P;R;S;T;V
0430020024,CT CHEST HIGH RESOLUTION,,RADIO CT,11600,35600,"March 06, 2026",adhoc,C;E;G;H;I;L;N;O;R;S;T;U
0430020025,CT CHEST LOW DOSE,,RADIO CT,12000,29900,"March 06, 2026",adhoc,C;D;E;H;L;O;S;T;W
0430020127,CT CHEST W/O CONTRAST (ILD PROTOCOL),,RADIO CT,18200,22800,"March 06, 2026",adhoc,A;C;D;E;H;I;L;N;O;P;R;S;T;W
0430020026,CT DENTAL MANDIBLE,,RADIO CT,9400,20300,"March 06, 2026",adhoc,A;B;C;D;E;I;L;M;N;T
0430020027,CT ENTEROGRAHY,,RADIO CT,27900,52600,"March 06, 2026",adhoc,A;C;E;G;H;N;O;R;T;Y
0430020028,CT FACIAL BONE W/ 3D,,RADIO CT,10550,24190,"September 06, 2025",adhoc,A;B;C;D;E;F;I;L;N;O;T;W;3
0430020110,CT GUIDED ABSCESS DRAINAGE PACKAGE,,RADIO CT,71100,93500,"October 01, 2025",adhoc,A;B;C;D;E;G;I;K;N;P;R;S;T;U
0430020111,CT GUIDED BIOPSY (SPECIFIC ORGAN) PACKAGE,,RADIO CT,46700,68800,"October 01, 2025",adhoc,A;B;C;D;E;F;G;I;K;N;O;P;R;S;T;U;Y
0430020112,CT GUIDED DRAINAGE PROCEDURES PARACENTESIS PACKAGE,,RADIO CT,37200,58750,"October 01, 2025",adhoc,A;C;D;E;G;I;K;N;O;P;R;S;T;U
0430020113,CT GUIDED DRAINAGE PROCEDURES THORACENTESIS PACKAGE,,RADIO CT,37700,62250,"October 01, 2025",adhoc,A;C;D;E;G;H;I;K;N;O;P;R;S;T;U
0430020114,CT GUIDED KIDNEY BIOPSY PACKAGE,,RADIO CT,57500,149500,"October 01, 2025",adhoc,A;B;C;D;E;G;I;K;N;O;P;S;T;U;Y
0430020108,CT GUIDED LIVER BIOPSY PACKAGE,,RADIO CT,60000,190000,"October 01, 2025",adhoc,A;B;C;D;E;G;I;K;L;O;P;R;S;T;U;V;Y
0430020115,CT GUIDED NEPHROSTOMY TUBE INSERTION PACKAGE,,RADIO CT,116500,142000,"October 01, 2025",adhoc,A;B;C;D;E;G;H;I;K;M;N;O;P;R;S;T;U;Y
0430020109,CT GUIDED PIGTAIL INSERTION PACKAGE,,RADIO CT,75500,115000,"October 01, 2025",adhoc,A;C;D;E;G;I;K;L;N;O;P;R;S;T;U
0430020030,CT HIP,,RADIO CT,13000,28200,"March 06, 2026",adhoc,C;H;I;P;T
0430020054,CT LOWER ABDOMEN,,RADIO CT,8800,31900,"March 06, 2026",adhoc,A;B;C;D;E;L;M;N;O;R;T;W
0430020055,CT LUMBAR SPINE,,RADIO CT,8400,26600,"March 06, 2026",adhoc,A;B;C;E;I;L;M;N;P;R;S;T;U
0430020056,CT MASTOIDS,,RADIO CT,8300,25300,"March 06, 2026",adhoc,A;C;D;I;M;O;S;T
0430020068,CT MAXILLA,,RADIO CT,8400,24900,"March 06, 2026",adhoc,A;C;I;L;M;T;X
0430020069,CT NASAL BONE,,RADIO CT,8400,27300,"March 06, 2026",adhoc,A;B;C;E;L;N;O;S;T
0430020070,CT NECK/NASOPHARYNX,,RADIO CT,8450,35600,"March 06, 2026",adhoc,A;C;E;H;K;N;O;P;R;S;T;X;Y
0430020031,CT ONE ANKLE,,RADIO CT,8400,25600,"March 06, 2026",adhoc,A;C;E;K;L;N;O;T
0430020032,CT ONE ARM,,RADIO CT,8150,26100,"March 06, 2026",adhoc,A;C;E;M;N;O;R;T
0430020033,CT ONE ELBOW,,RADIO CT,8400,26600,"March 06, 2026",adhoc,B;C;E;L;N;O;T;W
0430020046,CT ONE FOOT,,RADIO CT,8400,26100,"March 06, 2026",adhoc,C;E;F;N;O;T
0430020047,CT ONE FOREARM,,RADIO CT,8150,26100,"March 06, 2026",adhoc,A;C;E;F;M;N;O;R;T
0430020048,CT ONE HAND,,RADIO CT,8400,26100,"March 06, 2026",adhoc,A;C;D;E;H;N;O;T
0430020049,CT ONE KNEE,,RADIO CT,9000,25600,"March 06, 2026",adhoc,C;E;K;N;O;T
0430020050,CT ONE LEG,,RADIO CT,8400,26100,"March 06, 2026",adhoc,C;E;G;L;N;O;T
0430020051,CT ONE SHOULDER,,RADIO CT,8400,25600,"March 06, 2026",adhoc,C;D;E;H;L;N;O;R;S;T;U
0430020052,CT ONE THIGH/FEMUR,,RADIO CT,8150,26100,"March 06, 2026",adhoc,C;E;F;G;H;I;M;N;O;R;T;U
0430020053,CT ONE WRIST,,RADIO CT,8400,26100,"March 06, 2026",adhoc,C;E;I;N;O;R;S;T;W
0430020071,CT ORBITS,,RADIO CT,9050,25800,"March 06, 2026",adhoc,B;C;I;O;R;S;T
0430020073,CT PARANASAL SINUSES,,RADIO CT,8450,25400,"March 06, 2026",adhoc,A;C;E;I;L;N;P;R;S;T;U
0430020072,CT PARANASAL SINUSES (LOPA),,RADIO CT,6500,27300,"March 06, 2026",adhoc,A;C;E;I;L;N;O;P;R;S;T;U
0430020074,CT PERIPHERALS,,RADIO CT,17200,54000,"March 06, 2026",adhoc,A;C;E;H;I;L;P;R;S;T
0430020075,CT PNS AND ORBITS,,RADIO CT,8150,25800,"March 06, 2026",adhoc,A;B;C;D;I;N;O;P;R;S;T
0430020078,CT STONOGRAM,,RADIO CT,12300,25200,"March 06, 2026",adhoc,A;C;G;M;N;O;R;S;T
0430020079,CT TEMPORAL BONES,,RADIO CT,8400,26100,"March 06, 2026",adhoc,A;B;C;E;L;M;N;O;P;R;S;T
0430020080,CT TEMPOROMANDIBULAR BONES,,RADIO CT,12100,27300,"March 06, 2026",adhoc,A;B;C;D;E;I;L;M;N;O;P;R;S;T;U
0430020081,CT THORACIC SPINE,,RADIO CT,13000,27100,"March 06, 2026",adhoc,A;C;E;H;I;N;O;P;R;S;T
0430020082,CT UPPER ABDOMEN,,RADIO CT,9500,57000,"March 06, 2026",adhoc,A;B;C;D;E;M;N;O;P;R;T;U
0430020083,CT UROGRAM,,RADIO CT,24600,48500,"March 06, 2026",adhoc,A;C;G;M;O;R;T;U
0430020084,CT VIRTUAL BRONCHOSCOPY,,RADIO CT,15100,29600,"March 06, 2026",adhoc,A;B;C;H;I;L;N;O;P;R;S;T;U;V;Y
0430020085,CT VIRTUAL COLONOSCOPY,,RADIO CT,15600,30500,"March 06, 2026",adhoc,A;C;I;L;N;O;P;R;S;T;U;V;Y
0430020086,CT WHOLE ABDOMEN,,RADIO CT,16800,67100,"March 06, 2026",adhoc,A;B;C;D;E;H;L;M;N;O;T;W
0430020122,CT WHOLE BODY PACKAGE,,RADIO CT,49460,96200,"September 06, 2025",adhoc,A;B;C;D;E;G;H;K;L;O;P;T;W;Y
0430020103,IMPORT/STORAGE FEE,,RADIO CT,445,560,"March 06, 2026",adhoc,A;E;F;G;I;M;O;P;R;S;T
0430020123,LUNG OR MEDIASTINAL MASS CORE BIOPSY PACKAGE,,RADIO CT,64700,79800,"October 01, 2025",adhoc,A;B;C;D;E;G;I;K;L;M;N;O;P;R;S;T;U;Y
0430020125,STEROID INJECTION CESI CERVICAL CT GUIDED OP PACKAGE,,RADIO CT,63200,85500,"October 01, 2025",adhoc,A;C;D;E;G;I;J;K;L;N;O;P;R;S;T;U;V
0430020126,STEROID INJECTION LESI NERVE BLOCK PACKAGE,,RADIO CT,52500,65000,"October 01, 2025",adhoc,A;B;C;D;E;G;I;J;K;L;N;O;P;R;S;T;V
0430010001,ABDOMEN,,RADIO DIAGNOSTICS,1230,4530,"September 11, 2025",adhoc,A;B;D;E;M;N;O
0430010082,ANGIOGRAM PACKAGE,,RADIO DIAGNOSTICS,202000,232000,"October 20, 2025",adhoc,A;C;E;G;I;K;M;N;O;P;R
0430010002,ANKLE,,RADIO DIAGNOSTICS,1160,5200,"March 06, 2026",adhoc,A;E;K;L;N
0430010083,ANKLE MORTISE & FOOT ER PACKAGE,,RADIO DIAGNOSTICS,4180,6756,"October 20, 2025",adhoc,A;C;E;F;G;I;K;L;M;N;O;P;R;S;T
0430010084,ARTHROGRAM UPPER EXTREMITIES PACKAGE,,RADIO DIAGNOSTICS,38500,55000,"October 20, 2025",adhoc,A;C;E;G;H;I;K;M;O;P;R;S;T;U;X
0430010003,BABYGRAM,,RADIO DIAGNOSTICS,3420,8700,"March 06, 2026",adhoc,A;B;G;M;R;Y
0430010004,BARIUM ENEMA,,RADIO DIAGNOSTICS,4950,19900,"March 06, 2026",adhoc,A;B;E;I;M;N;R;U
0430010005,BONE AGE STUDY,,RADIO DIAGNOSTICS,1400,3900,"March 06, 2026",adhoc,A;B;D;E;G;N;O;S;T;U;Y
0430010006,CALCANEUS,,RADIO DIAGNOSTICS,1200,5200,"March 06, 2026",adhoc,A;C;E;L;N;S;U
0430010085,CEREBRAL ANGIOGRAM PACKAGE,,RADIO DIAGNOSTICS,147000,174000,"October 20, 2025",adhoc,A;B;C;E;G;I;K;L;M;N;O;P;R
0430010007,CERVICAL AP/LATERAL,,RADIO DIAGNOSTICS,1290,3700,"March 06, 2026",adhoc,A;C;E;I;L;P;R;T;V
0430010008,CERVICAL AP/LATERAL/OBLIQUE/FLEXION & EXTENSION,,RADIO DIAGNOSTICS,1470,4000,"March 06, 2026",adhoc,A;B;C;E;F;I;L;N;O;P;Q;R;S;T;U;V;X
0430010009,CERVICAL CROSS TABLE LATERAL,,RADIO DIAGNOSTICS,1250,3600,"March 06, 2026",adhoc,A;B;C;E;I;L;O;R;S;T;V
0430010010,CHEST AP,,RADIO DIAGNOSTICS,1150,3400,"March 06, 2026",adhoc,A;C;E;H;P;S;T
0430010106,CHEST APICOLORDOTIC,,RADIO DIAGNOSTICS,1150,3400,"March 06, 2026",adhoc,A;C;D;E;H;I;L;O;P;R;S;T
0430010107,CHEST FLUOROSCOPY LUNG,,RADIO DIAGNOSTICS,1350,5700,"March 06, 2026",adhoc,C;E;F;G;H;L;N;O;P;R;S;T;U;Y
0430010108,CHEST LATERAL VIEW ONLY,,RADIO DIAGNOSTICS,1090,3300,"March 06, 2026",adhoc,A;C;E;H;I;L;N;O;R;S;T;V;W;Y
0430010109,CHEST OBLIQUE,,RADIO DIAGNOSTICS,970,3400,"March 06, 2026",adhoc,B;C;E;H;I;L;O;Q;S;T;U
0430010110,CHEST PA,,RADIO DIAGNOSTICS,1105,3400,"March 06, 2026",adhoc,A;C;E;H;P;S;T
0430010111,CHEST PA & APICOLORDOTIC,,RADIO DIAGNOSTICS,1160,3400,"March 06, 2026",adhoc,A;C;D;E;H;I;L;O;P;R;S;T
0430010112,CHEST PA & LATERAL,,RADIO DIAGNOSTICS,1120,3400,"March 06, 2026",adhoc,A;C;E;H;L;P;R;S;T
0430010113,CHEST PA & LATERAL & APICOLORDOTIC,,RADIO DIAGNOSTICS,1750,4600,"March 06, 2026",adhoc,A;C;D;E;H;I;L;O;P;R;S;T
0430010114,CHEST PA LATERAL W/ OBLIQUE,,RADIO DIAGNOSTICS,1850,4700,"March 06, 2026",adhoc,A;B;C;E;H;I;L;O;P;Q;R;S;T;U;W
0430010011,CHEST SPOT VIEW OF BOTH UPPER LOBES,,RADIO DIAGNOSTICS,1015,3400,"March 06, 2026",adhoc,B;C;E;F;H;I;L;O;P;R;S;T;U;V;W
0430010012,CHEST W/ DECUBITUS,,RADIO DIAGNOSTICS,1860,4900,"March 06, 2026",adhoc,B;C;D;E;H;I;S;T;U;W
0430010013,CHOLANGIOGRAM OPERATIVE,,RADIO DIAGNOSTICS,4000,9700,"March 06, 2026",adhoc,A;C;E;G;H;I;L;M;N;O;P;R;T;V
0430010086,CHOLECYSTOSTOMY TUBE INSERTION PACKAGE,,RADIO DIAGNOSTICS,132500,158000,"October 20, 2025",adhoc,A;B;C;E;G;H;I;K;L;M;N;O;P;R;S;T;U;Y
0430010014,CLAVICLE,,RADIO DIAGNOSTICS,1095,4800,"March 06, 2026",adhoc,A;C;E;I;L;V
0430010015,COCCYX,,RADIO DIAGNOSTICS,1190,3500,"March 06, 2026",adhoc,C;O;X;Y
0430010016,COLONOGRAM,,RADIO DIAGNOSTICS,7700,19800,"March 06, 2026",adhoc,A;C;G;L;M;N;O;R
0430010017,CYSTOGRAM WATER SOLUBLE,,RADIO DIAGNOSTICS,5700,16800,"March 06, 2026",adhoc,A;B;C;E;G;L;M;O;R;S;T;U;W;Y
0430010018,DENTAL TMJ,,RADIO DIAGNOSTICS,1550,4200,"March 06, 2026",adhoc,A;D;E;J;L;M;N;T
0430010019,DIAGNOSTIC READERS FEE,,RADIO DIAGNOSTICS,2610,3300,"March 06, 2026",adhoc,A;C;D;E;F;G;I;N;O;R;S;T
0430010088,DISCOGRAM/MYELOGRAM PACKAGE,,RADIO DIAGNOSTICS,45000,53500,"October 20, 2025",adhoc,A;C;D;E;G;I;K;L;M;O;P;R;S;Y
0430010020,ELBOW,,RADIO DIAGNOSTICS,1300,5200,"March 06, 2026",adhoc,B;E;L;O;W
0430010021,ENDOSCOPIC RETROGADE CHOLANGIOPANCREATOGRAPHY - RADIO,,RADIO DIAGNOSTICS,21900,27400,"March 06, 2026",adhoc,A;C;D;E;G;H;I;L;N;O;P;R;S;T;Y
0430010022,EPIPHYSIS,,RADIO DIAGNOSTICS,1400,3900,"March 06, 2026",adhoc,E;H;I;P;S;Y
0430010023,ESOPHAGOGRAM,,RADIO DIAGNOSTICS,3710,19900,"March 06, 2026",adhoc,A;E;G;H;M;O;P;R;S
0430010024,FACIAL BONES,,RADIO DIAGNOSTICS,1660,4300,"March 06, 2026",adhoc,A;B;C;E;F;I;L;N;O;S
0430010025,FEET AP/OBLIQUE,,RADIO DIAGNOSTICS,1330,5200,"March 06, 2026",adhoc,A;B;E;F;I;L;O;P;Q;T;U
0430010026,FEET PLANTAR ARCH STUDY,,RADIO DIAGNOSTICS,1250,3600,"March 06, 2026",adhoc,A;C;D;E;F;H;L;N;P;R;S;T;U;Y
0430010115,FEMUR AP/LATERAL,,RADIO DIAGNOSTICS,1200,5100,"March 06, 2026",adhoc,A;E;F;L;M;P;R;T;U
0430010027,FISTULOGRAM/SINUGRAM - WATER SOLUBLE,,RADIO DIAGNOSTICS,7400,19900,"March 06, 2026",adhoc,A;B;E;F;G;I;L;M;N;O;R;S;T;U;W
0430010090,FLUROSOCOPY GUIDED NEPHROSTOMY TUBE INSERTION PACKAGE,,RADIO DIAGNOSTICS,117000,142500,"October 20, 2025",adhoc,A;B;C;D;E;F;G;H;I;K;L;M;N;O;P;R;S;T;U;Y
0430010029,FOOT,,RADIO DIAGNOSTICS,1220,3600,"March 06, 2026",adhoc,F;O;T
0430010030,FOREARM,,RADIO DIAGNOSTICS,1200,5200,"March 06, 2026",adhoc,A;E;F;M;O;R
0430010031,FOREIGN BODY LOCALIZATION,,RADIO DIAGNOSTICS,1750,4500,"March 06, 2026",adhoc,A;B;C;D;E;F;G;I;L;N;O;R;T;Y;Z
0430010032,GI W/ DUODENOGRAPHY,,RADIO DIAGNOSTICS,5400,16200,"March 06, 2026",adhoc,A;D;E;G;H;I;N;O;P;R;U;W;Y
0430010033,HAND,,RADIO DIAGNOSTICS,1095,4800,"March 06, 2026",adhoc,A;D;H;N
0430010034,HIP,,RADIO DIAGNOSTICS,1290,5400,"March 06, 2026",adhoc,H;I;P
0430010035,HUMERUS,,RADIO DIAGNOSTICS,1210,5100,"March 06, 2026",adhoc,E;H;M;R;S;U
0430010036,HYSTEROGRAM,,RADIO DIAGNOSTICS,5650,16700,"March 06, 2026",adhoc,A;E;G;H;M;O;R;S;T;Y
0430010037,INTERVENTIONAL STUDY,,RADIO DIAGNOSTICS,695,950,"March 06, 2026",adhoc,A;D;E;I;L;N;O;R;S;T;U;V;Y
0430010038,INTRAVENOUS PYELOGRAM (IVP),,RADIO DIAGNOSTICS,18200,35100,"March 06, 2026",adhoc,A;E;G;I;L;M;N;O;P;R;S;T;U;V;Y
0430010091,INTRAVENOUS PYELOGRAM (IVP) PACKAGE,,RADIO DIAGNOSTICS,12870,13370,"April 05, 2024",adhoc,A;C;E;G;I;K;L;M;N;O;P;R;S;T;U;V;Y
0430010039,INTRAVENOUS UROGRAM HYPERTENSIVE STUDY,,RADIO DIAGNOSTICS,8250,21300,"March 06, 2026",adhoc,A;D;E;G;H;I;M;N;O;P;R;S;T;U;V;Y
0430010092,IVC FILTER INSERTION PACKAGE,,RADIO DIAGNOSTICS,218675,262775,"April 05, 2024",adhoc,A;C;E;F;G;I;K;L;N;O;P;R;S;T;V
0430010040,KNEE,,RADIO DIAGNOSTICS,1270,5600,"March 06, 2026",adhoc,E;K;N
0430010041,KUB,,RADIO DIAGNOSTICS,1360,3900,"March 06, 2026",adhoc,B;K;U
0430010042,LEG,,RADIO DIAGNOSTICS,1200,5100,"March 06, 2026",adhoc,E;G;L
0430010043,LUMBO-SACRAL,,RADIO DIAGNOSTICS,1470,5800,"March 06, 2026",adhoc,A;B;C;L;M;O;R;S;U
0430010105,MAGNIFIED VIEW,,RADIO DIAGNOSTICS,860,2200,"March 06, 2026",adhoc,A;D;E;F;G;I;M;N;V;W
0430010045,MANDIBLE,,RADIO DIAGNOSTICS,1520,4100,"March 06, 2026",adhoc,A;B;D;E;I;L;M;N
0430010093,MAPPING ANGIOGRAM PACKAGE,,RADIO DIAGNOSTICS,269075,339950,"April 05, 2024",adhoc,A;C;E;G;I;K;M;N;O;P;R
0430010046,MASTOIDS,,RADIO DIAGNOSTICS,1520,4100,"March 06, 2026",adhoc,A;D;I;M;O;S;T
0430010152,MAXILLA,,RADIO DIAGNOSTICS,1520,4100,"March 06, 2026",adhoc,A;I;L;M;X
0430010048,NASAL BONE,,RADIO DIAGNOSTICS,1680,4400,"March 06, 2026",adhoc,A;B;E;L;N;O;S
0430010049,NEPHROSTOGRAM,,RADIO DIAGNOSTICS,9900,19000,"March 06, 2026",adhoc,A;E;G;H;M;N;O;P;R;S;T
0430010050,ORBITS,,RADIO DIAGNOSTICS,1520,4100,"March 06, 2026",adhoc,B;I;O;R;S;T
0430010051,PANORAMIC,,RADIO DIAGNOSTICS,1500,4100,"March 06, 2026",adhoc,A;C;I;M;N;O;P;R
0430010052,PARANASAL SINUSES,,RADIO DIAGNOSTICS,1630,4300,"March 06, 2026",adhoc,A;E;I;L;N;P;R;S;U
0430010094,PASSPORT CHANGE / INSERTION PACKAGE,,RADIO DIAGNOSTICS,108580,152235,"April 05, 2024",adhoc,A;C;E;G;H;I;K;N;O;P;R;S;T
0430010053,PEGOGRAM WATER SOLUBLE,,RADIO DIAGNOSTICS,10300,28400,"March 06, 2026",adhoc,A;B;E;G;L;M;O;P;R;S;T;U;W
0430010054,PELVIMETRY,,RADIO DIAGNOSTICS,2080,5000,"March 06, 2026",adhoc,E;I;L;M;P;R;T;V;Y
0430010116,PELVIS,,RADIO DIAGNOSTICS,1400,5300,"March 06, 2026",adhoc,E;I;L;P;S;V
0430010095,PERCUTANEOUS TRANSHEPATIC BILIARY DRAINAGE (PTBD) PACKAGE,,RADIO DIAGNOSTICS,128155,154990,"April 05, 2024",adhoc,A;B;C;D;E;G;H;I;K;L;N;O;P;R;S;T;U;Y
0430010096,PERIPHERALLY INSERTED CENTRAL CATHETER PACKAGE,,RADIO DIAGNOSTICS,74950,104945,"April 05, 2024",adhoc,A;C;D;E;G;H;I;K;L;N;P;R;S;T;Y
0430010057,REFERRED DIAGNOSTIC IMAGES,,RADIO DIAGNOSTICS,2550,3060,"October 20, 2025",adhoc,A;C;D;E;F;G;I;M;N;O;R;S;T
0430010117,RETROGRADE PYELOGRAM,,RADIO DIAGNOSTICS,3860,9400,"March 06, 2026",adhoc,A;D;E;G;L;M;O;P;R;T;Y
0430010058,RIBS/THORACIC CAGE,,RADIO DIAGNOSTICS,1510,4200,"March 06, 2026",adhoc,A;B;C;E;G;H;I;O;R;S;T
0430010059,SACRO-ILIAC JOINTS AP/OBLIQUES,,RADIO DIAGNOSTICS,1680,4400,"March 06, 2026",adhoc,A;B;C;E;I;J;L;N;O;P;Q;R;S;T;U
0430010060,SCANOGRAM,,RADIO DIAGNOSTICS,2700,7500,"March 06, 2026",adhoc,A;C;G;M;N;O;R;S
0430010061,SCAPULA,,RADIO DIAGNOSTICS,1400,5600,"March 06, 2026",adhoc,A;C;L;P;S;U
0430010062,SCOLIOSIS STUDY,,RADIO DIAGNOSTICS,4400,10600,"March 06, 2026",adhoc,C;D;I;L;O;S;T;U;Y
0430010063,SELLA TURCICA,,RADIO DIAGNOSTICS,1580,4200,"March 06, 2026",adhoc,A;C;E;I;L;R;S;T;U
0430010064,SHOULDER,,RADIO DIAGNOSTICS,1400,8200,"March 06, 2026",adhoc,D;E;H;L;O;R;S;U
0430010065,SIALOGRAM,,RADIO DIAGNOSTICS,4470,10700,"March 06, 2026",adhoc,A;G;I;L;M;O;R;S
0430010066,SKELETAL SURVEY,,RADIO DIAGNOSTICS,5800,21100,"March 06, 2026",adhoc,A;E;K;L;R;S;T;U;V;Y
0430010067,SKULL SERIES,,RADIO DIAGNOSTICS,1400,3900,"March 06, 2026",adhoc,E;I;K;L;R;S;U
0430010068,SMALL INTESTINAL SERIES WATER SOLUBLE,,RADIO DIAGNOSTICS,8500,20500,"March 06, 2026",adhoc,A;B;E;I;L;M;N;O;R;S;T;U;W
0430010069,SNIFF TEST (CHEST FLOUROSCOPY),,RADIO DIAGNOSTICS,2455,3900,"March 06, 2026",adhoc,C;E;F;H;I;L;N;O;P;R;S;T;U;Y
0430010070,SOFT-TISSUE NECK,,RADIO DIAGNOSTICS,1470,4000,"March 06, 2026",adhoc,C;E;F;I;K;N;O;S;T;U
0430010071,STERNUM,,RADIO DIAGNOSTICS,1400,3800,"March 06, 2026",adhoc,E;M;N;R;S;T;U
0430010101,STEROID INJECTION 1 HIP PACKAGE,,RADIO DIAGNOSTICS,38720,83580,"October 21, 2023",adhoc,A;C;D;E;G;H;I;J;K;N;O;P;R;S;T;1
0430010075,T-TUBE CHOLANGIOGRAM,,RADIO DIAGNOSTICS,13600,28800,"March 06, 2026",adhoc,A;B;C;E;G;H;I;L;M;N;O;R;T;U
0430010102,T-TUBE CHOLANGIOGRAM PACKAGE,,RADIO DIAGNOSTICS,15060,18560,"April 05, 2024",adhoc,A;B;C;E;G;H;I;K;L;M;N;O;P;R;T;U
0430010072,TEMPORO MANDIBULAR JOINTS,,RADIO DIAGNOSTICS,1630,4200,"March 06, 2026",adhoc,A;B;D;E;I;J;L;M;N;O;P;R;S;T;U
0430010073,THORACIC VERTEBRAE,,RADIO DIAGNOSTICS,1630,4300,"March 06, 2026",adhoc,A;B;C;E;H;I;O;R;T;V
0430010074,TOES,,RADIO DIAGNOSTICS,1180,4800,"March 06, 2026",adhoc,E;O;S;T
0430010103,TUBE CHANGE PTBD NEPHROSTOMY CHOLECYSTOSTOMY PACKAGE,,RADIO DIAGNOSTICS,74510,104505,"April 05, 2024",adhoc,A;B;C;D;E;G;H;K;L;M;N;O;P;R;S;T;U;Y
0430010076,TUBE PLACEMENT ASSESSMENT STUDY,,RADIO DIAGNOSTICS,6800,15100,"March 06, 2026",adhoc,A;B;C;D;E;L;M;N;P;S;T;U;Y
0430010077,UPPER GASTROINTESTINAL SERIES,,RADIO DIAGNOSTICS,3975,9490,"October 21, 2023",adhoc,A;E;G;I;L;N;O;P;R;S;T;U
0430010078,VOIDING CYSTO-URETHROGRAM (VCUG),,RADIO DIAGNOSTICS,19500,34100,"March 06, 2026",adhoc,A;C;D;E;G;H;I;M;N;O;R;S;T;U;V;Y
0430010104,VOIDING CYSTOURETHROGRAM PEDIATRICS PACKAGE,,RADIO DIAGNOSTICS,12530,13030,"April 05, 2024",adhoc,A;C;D;E;G;H;I;K;M;N;O;P;R;S;T;U;V;Y
0430010079,WHOLE SPINE,,RADIO DIAGNOSTICS,4800,10700,"March 06, 2026",adhoc,E;H;I;L;N;O;P;S;W
0430010080,WRIST,,RADIO DIAGNOSTICS,1290,5300,"March 06, 2026",adhoc,I;R;S;T;W
0430010081,ZYGOMATIC ARCH,,RADIO DIAGNOSTICS,1360,3800,"March 06, 2026",adhoc,A;C;G;H;I;M;O;R;T;Y;Z
0430050016,CHANGE OF DRESSING AND ASSESSMENT PROCEDURE,,RADIO INTERVENTION,1870,2400,"March 03, 2026",adhoc,A;C;D;E;F;G;H;I;M;N;O;P;R;S;T;U
0430020104,CHANGE OF DRESSING PACKAGE,,RADIO INTERVENTION,1600,1600,"March 03, 2026",adhoc,A;C;D;E;F;G;H;I;K;N;O;P;R;S
0430050017,INTERVENTIONAL RADIOLOGY SERVICES,,RADIO INTERVENTION,1090,1450,"March 03, 2026",adhoc,A;C;D;E;G;I;L;N;O;R;S;T;V;Y
0430050018,IV ACCESS - IR,,RADIO INTERVENTION,685,950,"March 03, 2026",adhoc,A;C;E;I;R;S;V
0430020124,MICROWAVE ABLATION PACKAGE,,RADIO INTERVENTION,290600,380900,"March 03, 2026",adhoc,A;B;C;E;G;I;K;L;M;N;O;P;R;T;V;W
0430010097,PIGTAIL REMOVAL PACKAGE,,RADIO INTERVENTION,3200,3200,"March 03, 2026",adhoc,A;C;E;G;I;K;L;M;O;P;R;T;V
0430050019,PIGTAIL REMOVAL PROCEDURE,,RADIO INTERVENTION,3850,4900,"March 03, 2026",adhoc,A;C;D;E;G;I;L;M;O;P;R;T;U;V
0430050020,PORT-A-CATH ACCESS AND CARE - IR,,RADIO INTERVENTION,3700,4700,"March 03, 2026",adhoc,A;C;D;E;H;I;N;O;P;R;S;T
0430010098,RADIOFREQUENCY ABLATION PACKAGE,,RADIO INTERVENTION,172755,216965,"March 03, 2026",adhoc,A;B;C;D;E;F;G;I;K;L;N;O;P;Q;R;T;U;Y
0430010099,SCLEROTHERAPY IMAGE GUIDED PACKAGE,,RADIO INTERVENTION,101500,127000,"March 03, 2026",adhoc,A;C;D;E;G;H;I;K;L;M;O;P;R;S;T;U;Y
0430050010,SEDATION ADULT KIT,,RADIO INTERVENTION,5550,9300,"March 03, 2026",adhoc,A;D;E;I;K;L;N;O;S;T;U
0430050011,SEDATION PEDIATRICS KIT,,RADIO INTERVENTION,5900,10000,"March 03, 2026",adhoc,A;C;D;E;I;K;N;O;P;R;S;T
0430010100,SEDATION PROCEDURE ADULT / PEDIATRICS PACKAGE,,RADIO INTERVENTION,25500,35600,"March 03, 2026",adhoc,A;C;D;E;G;I;K;L;N;O;P;R;S;T;U
0430050013,USE OF CT SCAN IR ROOM,,RADIO INTERVENTION,10200,12800,"March 03, 2026",adhoc,A;C;E;F;I;M;N;O;R;S;T;U
0430050009,USE OF FLUOROSCOPY IR ROOM,,RADIO INTERVENTION,7400,9300,"March 03, 2026",adhoc,C;E;F;I;L;M;O;P;R;S;U;Y
0430050015,USE OF PET CT ROOM,,RADIO INTERVENTION,950,7900,"March 03, 2026",adhoc,C;E;F;M;O;P;R;S;T;U
0430050012,USE OF RECOVERY ROOM (RADIO),,RADIO INTERVENTION,950,1200,"March 03, 2026",adhoc,A;C;D;E;F;I;M;O;R;S;U;V;Y
0430050014,USE OF ULTRASOUND IR ROOM,,RADIO INTERVENTION,5000,6300,"March 03, 2026",adhoc,A;D;E;F;I;L;M;N;O;R;S;T;U
0430050007,18F PSMA - CANCELLATION FEE,,RADIO PET IMAGING,39400,49300,"March 04, 2026",adhoc,A;C;E;F;I;L;M;N;O;P;S;T;1;8
0430050001,18F PSMA - PET CT SCAN W/ AND W/O CONTRAST,,RADIO PET IMAGING,113000,170000,"March 04, 2026",adhoc,A;C;D;E;F;M;N;O;P;R;S;T;W;1;8
0430050008,ADDITIONAL USE OF PET-CT ROOM (IN EXCESS OF 1 HR),,RADIO PET IMAGING,6300,7900,"March 04, 2026",adhoc,A;C;D;E;F;H;I;L;M;N;O;P;R;S;T;U;X;1
0430050024,AMYLOID PET/CT PATIENT VALUE SCHEDULE,,RADIO PET IMAGING,137500,185000,"June 03, 2026",adhoc,A;C;D;E;H;I;L;M;N;O;P;S;T;U;V;Y
0430050023,AMYLOID PET/CT PRIORITY,,RADIO PET IMAGING,185500,245000,"June 03, 2026",adhoc,A;C;D;E;I;L;M;O;P;R;T;Y
0430050022,BRAIN 18F-FDG PET/CT,,RADIO PET IMAGING,63400,86500,"June 03, 2026",adhoc,A;B;C;D;E;F;G;I;N;P;R;T;1;8
0430050002,FLUORODEOXYGLUCOSE (FDG),,RADIO PET IMAGING,23100,28900,"March 04, 2026",adhoc,C;D;E;F;G;L;O;R;S;U;X;Y
0430050006,IMAGING SERVICES - PET,,RADIO PET IMAGING,27300,34200,"March 04, 2026",adhoc,A;C;E;G;I;M;N;P;R;S;T;V
0430050005,LU-177 PSMA RADIOLIGAND THERAPY,,RADIO PET IMAGING,593800,742300,"March 04, 2026",adhoc,A;D;E;G;H;I;L;M;N;O;P;R;S;T;U;Y;1;7
0430050003,PET CT SCAN W/ AND W/O CONTRAST,,RADIO PET IMAGING,75500,102200,"March 04, 2026",adhoc,A;C;D;E;N;O;P;R;S;T;W
0430050021,PET-CT CARDIAC VIABILITY,,RADIO PET IMAGING,69500,86900,"April 24, 2026",adhoc,A;B;C;D;E;I;L;P;R;T;V;Y
0430050004,PET/CT RE-READING FEE,,RADIO PET IMAGING,16300,20400,"March 04, 2026",adhoc,A;C;D;E;F;G;I;N;P;R;T
0430040001,ABCESS DRAINAGE ULTRASOUND GUIDED,,RADIO ULTRASOUND,2780,8000,"March 04, 2026",adhoc,A;B;C;D;E;G;I;L;N;O;R;S;T;U
0430040002,ABDOMINAL AORTA,,RADIO ULTRASOUND,10000,22300,"March 04, 2026",adhoc,A;B;D;I;L;M;N;O;R;T
0430040003,ADRENAL GLAND,,RADIO ULTRASOUND,3310,8700,"March 04, 2026",adhoc,A;D;E;G;L;N;R
0430040004,AORTO-ILIAC ARTERIES COLOR DOPPLER,,RADIO ULTRASOUND,11500,24200,"March 04, 2026",adhoc,A;C;D;E;I;L;O;P;R;S;T
0430040005,ARTERIES,,RADIO ULTRASOUND,8850,20700,"March 04, 2026",adhoc,A;E;I;R;S;T
0430040006,ARTERIES & VEINS,,RADIO ULTRASOUND,9700,31500,"March 04, 2026",adhoc,A;E;I;N;R;S;T;V
0430040007,ASCITES QUANTIFICATION,,RADIO ULTRASOUND,3370,8800,"March 04, 2026",adhoc,A;C;E;F;I;N;O;Q;S;T;U
0430040008,AV FISTULA/GORTEX GRAFT COLOR DOPPLER,,RADIO ULTRASOUND,10000,22300,"March 04, 2026",adhoc,A;C;D;E;F;G;I;L;O;P;R;S;T;U;V;X
0430040009,AXILLA,,RADIO ULTRASOUND,3920,9400,"March 04, 2026",adhoc,A;I;L;X
0430040011,CAROTID ARTERIES,,RADIO ULTRASOUND,8200,18800,"March 04, 2026",adhoc,A;C;D;E;I;O;R;S;T
0430040012,CHEST/LUNGS,,RADIO ULTRASOUND,3770,8800,"March 04, 2026",adhoc,C;E;G;H;L;N;S;T;U
0430040013,CRANIAL/HEAD,,RADIO ULTRASOUND,4650,19300,"March 04, 2026",adhoc,A;C;D;E;H;I;L;N;R
0430040014,ELASTOGRAPHY,,RADIO ULTRASOUND,2570,7100,"March 04, 2026",adhoc,A;E;G;H;L;O;P;R;S;T;Y
0430040095,ER LIVER,,RADIO ULTRASOUND,7260,9100,"March 04, 2026",adhoc,E;I;L;R;V
0430040015,FIBROSCAN,,RADIO ULTRASOUND,5500,15400,"March 04, 2026",adhoc,A;B;C;F;I;N;O;R;S
0430040016,FINE NEEDLE ASPIRATION BIOPSY ULTRASOUND GUIDED,,RADIO ULTRASOUND,4100,9700,"March 04, 2026",adhoc,A;B;D;E;F;G;I;L;N;O;P;R;S;T;U;Y
0430040018,GALLBLADDER/BILIARY TREE,,RADIO ULTRASOUND,3770,10700,"March 04, 2026",adhoc,A;B;D;E;G;I;L;R;T;Y
0430040088,HEPATOBILIARY TREE (LGPS) W/ FIBROSCAN PACKAGE,,RADIO ULTRASOUND,5570,15300,"March 04, 2026",adhoc,A;B;C;E;F;G;H;I;K;L;N;O;P;R;S;T;W;Y
0430040099,HEPATOBILIARY TREE (LGPS) W/ UGAP PACKAGE,,RADIO ULTRASOUND,4700,8400,"March 04, 2026",adhoc,A;B;C;E;G;H;I;K;L;O;P;R;S;T;U;W;Y
0430040022,HEPATOBILIARY/LIVER; GALLBLADDER; PANCREAS; SPLEEN,,RADIO ULTRASOUND,4400,9700,"March 04, 2026",adhoc,A;B;C;D;E;G;H;I;L;N;O;P;R;S;T;V;Y
0430040023,ILIAC ARTERIES,,RADIO ULTRASOUND,3060,8400,"March 04, 2026",adhoc,A;C;E;I;L;R;S;T
0430040106,IMAGING SERVICES - USG,,RADIO ULTRASOUND,6300,7900,"March 04, 2026",adhoc,A;C;E;G;I;M;N;R;S;U;V
0430040024,INGUINAL AREA,,RADIO ULTRASOUND,3800,8900,"March 04, 2026",adhoc,A;E;G;I;L;N;R;U
0430040025,JUGULAR VEIN,,RADIO ULTRASOUND,8050,18600,"March 04, 2026",adhoc,A;E;G;I;J;L;N;R;U;V
0430040096,KIDNEY BIOPSY ULTRASOUND GUIDED,,RADIO ULTRASOUND,2860,8100,"March 04, 2026",adhoc,A;B;D;E;G;I;K;L;N;O;P;R;S;T;U;Y
0430040026,KIDNEYS,,RADIO ULTRASOUND,4010,8800,"March 04, 2026",adhoc,D;E;I;K;N;S;Y
0430040027,KIDNEYS & ADRENAL,,RADIO ULTRASOUND,4700,9900,"March 04, 2026",adhoc,A;D;E;I;K;L;N;R;S;Y
0430040028,KIDNEYS & LIVER,,RADIO ULTRASOUND,4700,9900,"March 04, 2026",adhoc,D;E;I;K;L;N;R;S;V;Y
0430040029,KIDNEYS & URINARY BLADDER,,RADIO ULTRASOUND,5010,10500,"March 04, 2026",adhoc,A;B;D;E;I;K;L;N;R;S;U;Y
0430040107,KIDNEYS COLOR DOPPLER,,RADIO ULTRASOUND,5270,11700,"March 04, 2026",adhoc,C;D;E;I;K;L;N;O;P;R;S;Y
0430040030,KUB; SPLEEN; PELVIS & ABDOMINAL AORTA,,RADIO ULTRASOUND,6010,15400,"March 04, 2026",adhoc,A;B;D;E;I;K;L;M;N;O;P;R;S;T;U;V
0430040031,LIVER,,RADIO ULTRASOUND,2780,16100,"March 04, 2026",adhoc,E;I;L;R;V
0430040089,LIVER WITH FIBROSCAN PACKAGE,,RADIO ULTRASOUND,5890,15000,"March 04, 2026",adhoc,A;B;C;E;F;G;H;I;K;L;N;O;P;R;S;T;V;W
0430040100,LIVER WITH UGAP PACKAGE,,RADIO ULTRASOUND,4600,8200,"March 04, 2026",adhoc,A;C;E;G;H;I;K;L;P;R;T;U;V;W
0430040032,LIVER; GALLBLADDER & BILIARY TREE,,RADIO ULTRASOUND,3950,9000,"March 04, 2026",adhoc,A;B;D;E;G;I;L;R;T;V;Y
0430040033,LIVER; GALLBLADDER & KIDNEYS,,RADIO ULTRASOUND,3950,8900,"March 04, 2026",adhoc,A;B;D;E;G;I;K;L;N;R;S;V;Y
0430040034,LIVER; GALLBLADDER; PANCREAS,,RADIO ULTRASOUND,3950,9100,"March 04, 2026",adhoc,A;B;C;D;E;G;I;L;N;P;R;S;V
0430040035,LIVER; GALLBLADDER; PANCREAS & KIDNEYS,,RADIO ULTRASOUND,4150,9200,"March 04, 2026",adhoc,A;B;C;D;E;G;I;K;L;N;P;R;S;V;Y
0430040036,LIVER; GALLBLADDER; PANCREAS & PROSTATE,,RADIO ULTRASOUND,4150,9200,"March 04, 2026",adhoc,A;B;C;D;E;G;I;L;N;O;P;R;S;T;V
0430040038,LIVER; PANCREAS; SPLEEN & KUB,,RADIO ULTRASOUND,4150,9200,"March 04, 2026",adhoc,A;B;C;E;I;K;L;N;P;R;S;U;V
0430040039,LOWER ABDOMEN /KUB & PELVIS/PROSTATE,,RADIO ULTRASOUND,3860,9000,"March 04, 2026",adhoc,A;B;D;E;I;K;L;M;N;O;P;R;S;T;U;V;W
0430040041,MASS ULTRASOUND COLOR DOPPLER,,RADIO ULTRASOUND,6900,17100,"March 04, 2026",adhoc,A;C;D;E;L;M;N;O;P;R;S;T;U
0430040042,MUSCULOSKELETAL ANKLE,,RADIO ULTRASOUND,4900,16600,"March 04, 2026",adhoc,A;C;E;K;L;M;N;O;S;T;U
0430040043,MUSCULOSKELETAL ELBOW,,RADIO ULTRASOUND,4900,16600,"March 04, 2026",adhoc,A;B;C;E;K;L;M;O;S;T;U;W
0430040044,MUSCULOSKELETAL KNEE,,RADIO ULTRASOUND,4900,16600,"March 04, 2026",adhoc,A;C;E;K;L;M;N;O;S;T;U
0430040045,MUSCULOSKELETAL OTHERS,,RADIO ULTRASOUND,4900,16600,"March 04, 2026",adhoc,A;C;E;H;K;L;M;O;R;S;T;U
0430040046,MUSCULOSKELETAL SHOULDER,,RADIO ULTRASOUND,4820,16900,"March 04, 2026",adhoc,A;C;D;E;H;K;L;M;O;R;S;T;U
0430040047,MUSCULOSKELETAL WRIST,,RADIO ULTRASOUND,4820,16600,"March 04, 2026",adhoc,A;C;E;I;K;L;M;O;R;S;T;U;W
0430040048,NECK,,RADIO ULTRASOUND,4400,11300,"March 04, 2026",adhoc,C;E;K;N
0430040051,PANCREAS,,RADIO ULTRASOUND,3860,16800,"March 04, 2026",adhoc,A;C;E;N;P;R;S
0430040052,PARACENTESIS ULTRASOUND GUIDED PROCEDURE,,RADIO ULTRASOUND,4100,9700,"March 04, 2026",adhoc,A;C;D;E;G;I;L;N;O;P;R;S;T;U
0430040053,PAROTID GLAND,,RADIO ULTRASOUND,2550,6300,"March 04, 2026",adhoc,A;D;G;I;L;N;O;P;R;T
0430040054,PELVIC VEINS,,RADIO ULTRASOUND,5900,15900,"March 04, 2026",adhoc,C;E;I;L;N;P;S;V
0430010055,PELVIS,,RADIO ULTRASOUND,3770,10800,"March 04, 2026",adhoc,E;I;L;P;S;V
0430040056,PENIS,,RADIO ULTRASOUND,4500,18900,"March 04, 2026",adhoc,E;I;N;P;S
0430040057,PERIANAL,,RADIO ULTRASOUND,2110,6100,"March 04, 2026",adhoc,A;E;I;L;N;P;R
0430040058,PIGTAIL INSERTION ULTRASOUND GUIDED PROCEDURE,,RADIO ULTRASOUND,3960,9500,"March 04, 2026",adhoc,A;C;D;E;G;I;L;N;O;P;R;S;T;U
0430040060,PORTAL VEIN/HEPATIC VEINS COLOR DOPPPLER,,RADIO ULTRASOUND,10100,21100,"March 04, 2026",adhoc,A;C;D;E;H;I;L;N;O;P;R;S;T;V
0430040062,PROSTATE,,RADIO ULTRASOUND,2780,10800,"March 04, 2026",adhoc,A;E;O;P;R;S;T
0430040063,PSEUDOANEURYSM,,RADIO ULTRASOUND,2110,6100,"March 04, 2026",adhoc,A;D;E;M;N;O;P;R;S;U;Y
0430040065,RENAL ARTERY,,RADIO ULTRASOUND,9900,20900,"March 04, 2026",adhoc,A;E;L;N;R;T;Y
0430040066,RENAL VEINS,,RADIO ULTRASOUND,8850,20800,"March 04, 2026",adhoc,A;E;I;L;N;R;S;V
0430040068,RIGHT LOWER QUADRANT/APPENDIX,,RADIO ULTRASOUND,4610,10800,"March 04, 2026",adhoc,A;D;E;G;H;I;L;N;O;P;Q;R;T;U;W;X
0430040069,SCROTUM/TESTES,,RADIO ULTRASOUND,4650,11100,"March 04, 2026",adhoc,C;E;M;O;R;S;T;U
0430040070,SPLEEN,,RADIO ULTRASOUND,3800,10800,"March 04, 2026",adhoc,E;L;N;P;S
0430040071,SUBCLAVIAN VEIN,,RADIO ULTRASOUND,7250,17600,"March 04, 2026",adhoc,A;B;C;E;I;L;N;S;U;V
0430040072,THORACENTESIS ULTRASOUND GUIDED PROCEDURE,,RADIO ULTRASOUND,4100,9700,"March 04, 2026",adhoc,A;C;D;E;G;H;I;L;N;O;P;R;S;T;U
0430040073,THYROID,,RADIO ULTRASOUND,3870,9700,"March 04, 2026",adhoc,D;H;I;O;R;T;Y
0430040081,THYROID MICROWAVE ABLATION PACKAGE,,RADIO ULTRASOUND,192950,211850,"March 04, 2026",adhoc,A;B;C;D;E;G;H;I;K;L;M;N;O;P;R;T;V;W;Y
0430040097,TRANSPLANTED LIVER DOPPLER,,RADIO ULTRASOUND,10000,21400,"March 04, 2026",adhoc,A;D;E;I;L;N;O;P;R;S;T;V
0430040082,ULTRASOUND GUIDED ABSCESS DRAINAGE PACKAGE,,RADIO ULTRASOUND,67500,96000,"March 04, 2026",adhoc,A;B;C;D;E;G;I;K;L;N;O;P;R;S;T;U
0430040098,ULTRASOUND GUIDED ATTENUATION PARAMETER (UGAP),,RADIO ULTRASOUND,3600,7400,"March 04, 2026",adhoc,A;D;E;G;I;L;M;N;O;P;R;S;T;U
0430040101,ULTRASOUND GUIDED BIOPSY PROCEDURE (SPECIFIC ORGAN) PACKAGE,,RADIO ULTRASOUND,63500,93000,"March 04, 2026",adhoc,A;B;C;D;E;F;G;I;K;L;N;O;P;R;S;T;U;Y
0430040102,ULTRASOUND GUIDED DRAINAGE (PARACENTESIS) PACKAGE,,RADIO ULTRASOUND,34200,62250,"March 04, 2026",adhoc,A;C;D;E;G;I;K;L;N;O;P;R;S;T;U
0430040103,ULTRASOUND GUIDED DRAINAGE (THORACENTESIS) PACKAGE,,RADIO ULTRASOUND,34500,61750,"March 04, 2026",adhoc,A;C;D;E;G;H;I;K;L;N;O;P;R;S;T;U
0430040083,ULTRASOUND GUIDED DRAINAGE PACKAGE,,RADIO ULTRASOUND,46000,78000,"March 04, 2026",adhoc,A;C;D;E;G;I;K;L;N;O;P;R;S;T;U
0430040093,ULTRASOUND GUIDED FINE NEEDLE ASPIRATION BIOPSY PACKAGE,,RADIO ULTRASOUND,20500,26000,"March 04, 2026",adhoc,A;B;C;D;E;F;G;I;K;L;N;O;P;R;S;T;U;Y
0430040094,ULTRASOUND GUIDED KIDNEY BIOPSY FOR NEPHRO PACKAGE,,RADIO ULTRASOUND,34500,37000,"March 04, 2026",adhoc,A;B;C;D;E;F;G;H;I;K;L;N;O;P;R;S;T;U;Y
0430040084,ULTRASOUND GUIDED KIDNEY BIOPSY PACKAGE,,RADIO ULTRASOUND,33990,145000,"March 04, 2026",adhoc,A;B;C;D;E;G;I;K;L;N;O;P;R;S;T;U;Y
0430040085,ULTRASOUND GUIDED LIVER BIOPSY PACKAGE,,RADIO ULTRASOUND,63500,145000,"March 04, 2026",adhoc,A;B;C;D;E;G;I;K;L;N;O;P;R;S;T;U;V;Y
0430040086,ULTRASOUND GUIDED PIGTAIL INSERTION PACKAGE,,RADIO ULTRASOUND,73000,100000,"March 04, 2026",adhoc,A;C;D;E;G;I;K;L;N;O;P;R;S;T;U
0430040090,ULTRASOUND GUIDED PIGTAIL INSERTION SINGLE STEP PACKAGE,,RADIO ULTRASOUND,50700,85500,"March 04, 2026",adhoc,A;C;D;E;G;I;K;L;N;O;P;R;S;T;U
0430040074,ULTRASOUND GUIDED PIGTAIL INSERTION SINGLE STEP SIMPLE,,RADIO ULTRASOUND,45700,57200,"March 04, 2026",adhoc,A;D;E;G;I;L;M;N;O;P;R;S;T;U
0430040087,ULTRASOUND GUIDED PROSTATE BIOPSY GUIDE FOR URO PACKAGE,,RADIO ULTRASOUND,26000,38500,"March 04, 2026",adhoc,A;B;C;D;E;F;G;I;K;L;N;O;P;R;S;T;U;Y
0430040075,UMBILICAL,,RADIO ULTRASOUND,2230,6300,"March 04, 2026",adhoc,A;B;C;I;L;M;U
0430040091,UPPER ABDOMEN WITH FIBROSCAN PACKAGE,,RADIO ULTRASOUND,7290,17500,"March 04, 2026",adhoc,A;B;C;D;E;F;G;H;I;K;M;N;O;P;R;S;T;U;W
0430040104,UPPER ABDOMEN WITH UGAP PACKAGE,,RADIO ULTRASOUND,5100,12800,"March 04, 2026",adhoc,A;B;C;D;E;G;H;I;K;M;N;O;P;R;T;U;W
0430040076,UPPER ABDOMEN/LIVER; GB; PANCREAS; SPLEEN; KIDNEYS,,RADIO ULTRASOUND,6100,15700,"March 04, 2026",adhoc,A;B;C;D;E;G;I;K;L;M;N;O;P;R;S;U;V;Y
0430040077,URINARY BLADDER,,RADIO ULTRASOUND,3800,10800,"March 04, 2026",adhoc,A;B;D;E;I;L;N;R;U;Y
0430040078,VEINS,,RADIO ULTRASOUND,9150,20700,"March 04, 2026",adhoc,E;I;N;S;V
0430040080,WHOLE ABDOMEN,,RADIO ULTRASOUND,6750,16500,"March 04, 2026",adhoc,A;B;D;E;H;L;M;N;O;W
0430040092,WHOLE ABDOMEN WITH FIBROSCAN PACKAGE,,RADIO ULTRASOUND,8370,18700,"March 04, 2026",adhoc,A;B;C;D;E;F;G;H;I;K;L;M;N;O;P;R;S;T;W
0430040105,WHOLE ABDOMEN WITH UGAP PACKAGE,,RADIO ULTRASOUND,5300,13100,"March 04, 2026",adhoc,A;B;C;D;E;G;H;I;K;L;M;N;O;P;T;U;W
04180008,HEMODIAFILTRATION,,RENAL CARE SERVICES,8550,19200,"March 16, 2026",adhoc,A;D;E;F;H;I;L;M;N;O;R;T
04180009,HEMODIALYSIS,,RENAL CARE SERVICES,5800,18300,"March 16, 2026",adhoc,A;D;E;H;I;L;M;O;S;Y
18040001,HEMODIALYSIS PACKAGE,,RENAL CARE SERVICES,16500,33500,"January 27, 2022",adhoc,A;C;D;E;G;H;I;K;L;M;O;P;S;Y
04180010,HEMOFILTRATION SET-UP,,RENAL CARE SERVICES,2400,4700,"March 16, 2026",adhoc,A;E;F;H;I;L;M;N;O;P;R;S;T;U
04180014,HEMOPERFUSION SET-UP,,RENAL CARE SERVICES,4950,6200,"March 16, 2026",adhoc,E;F;H;I;M;N;O;P;R;S;T;U
04180015,IJ INSERTION,,RENAL CARE SERVICES,10800,13500,"March 16, 2026",adhoc,E;I;J;N;O;R;S;T
04180016,IJ REMOVAL,,RENAL CARE SERVICES,2610,3300,"March 16, 2026",adhoc,A;E;I;J;L;M;O;R;V
04180011,KIDNEY STAT FEE,,RENAL CARE SERVICES,3170,7700,"March 16, 2026",adhoc,A;D;E;F;I;K;N;S;T;Y
04180026,KIDNEY UNIT HEART TRACING MONITOR,,RENAL CARE SERVICES,400,400,"March 16, 2026",adhoc,A;C;D;E;G;H;I;K;M;N;O;R;T;U;Y
04180027,KIDNEY UNIT INTRAVENOUS DRIP,,RENAL CARE SERVICES,295,295,"March 16, 2026",adhoc,A;D;E;I;K;N;O;P;R;S;T;U;V;Y
04180012,PD CATHETER FLUSHING,,RENAL CARE SERVICES,2310,2900,"March 16, 2026",adhoc,A;C;D;E;F;G;H;I;L;N;P;R;S;T;U
04180013,PD Z EXCHANGE OUP,,RENAL CARE SERVICES,400,400,"October 27, 2025",adhoc,A;C;D;E;G;H;N;O;P;U;X;Z
04180018,RENAL DIET CONSULTATION,,RENAL CARE SERVICES,530,1750,"March 16, 2026",adhoc,A;C;D;E;I;L;N;O;R;S;T;U
18040002,RENAL PACKAGE,,RENAL CARE SERVICES,5460,20860,"January 27, 2022",adhoc,A;C;E;G;K;L;N;P;R
04180019,RN FEE,,RENAL CARE SERVICES,3000,3000,"January 27, 2022",adhoc,E;F;N;R
04180020,SUSTAINED LOW-EFFICIENCY DIALYSIS (SLED),,RENAL CARE SERVICES,11400,25400,"March 16, 2026",adhoc,A;C;D;E;F;I;L;N;O;S;T;U;W;Y
04180021,SUSTAINED LOW-EFFICIENCY DIALYSIS (SLED) SET-UP,,RENAL CARE SERVICES,6530,7560,"January 27, 2022",adhoc,A;C;D;E;F;I;L;N;O;P;S;T;U;W;Y
04180022,TITANIUM ADAPTER & TRANSFER SET PLACEMENT,,RENAL CARE SERVICES,8490,10188,"January 27, 2022",adhoc,A;C;D;E;F;I;L;M;N;P;R;S;T;U
04180023,TRANSFER SET CHANGE,,RENAL CARE SERVICES,5500,6900,"March 16, 2026",adhoc,A;C;E;F;G;H;N;R;S;T
04180024,TRANSIENT FEE OUP,,RENAL CARE SERVICES,1810,1810,"March 16, 2026",adhoc,A;E;F;I;N;O;P;R;S;T;U
04180017,TUBE FEEDING,,RENAL CARE SERVICES,336,420,"March 16, 2026",adhoc,B;D;E;F;G;I;N;T;U
04180025,USE OF KIDNEY UNIT FACILITY PER HOUR USED,,RENAL CARE SERVICES,380,460,"January 27, 2022",adhoc,A;C;D;E;F;H;I;K;L;N;O;P;R;S;T;U;Y
02010008,BMT POSITIVE PRESSURE,,ROOM AND BOARD,8400,8400,"October 20, 2023",adhoc,B;E;I;M;O;P;R;S;T;U;V
02010009,CARDIOVASCULAR ICU,,ROOM AND BOARD,9900,9900,"October 20, 2023",adhoc,A;C;D;I;L;O;R;S;U;V
2010010,HEALTH HUB PREMIER,,ROOM AND BOARD,6600,6600,"August 05, 2022",adhoc,A;B;E;H;I;L;M;P;R;T;U
02010011,HIGH RISK PRIVATE,,ROOM AND BOARD,7300,7300,"October 20, 2023",adhoc,A;E;G;H;I;K;P;R;S;T;V
02010012,ICU SURGICAL/MEDICAL/NEURO,,ROOM AND BOARD,9900,9900,"October 20, 2023",adhoc,A;C;D;E;G;I;L;M;N;O;R;S;U
2010013,ISOLATION PRIVATE,,ROOM AND BOARD,10900,10900,"August 05, 2022",adhoc,A;E;I;L;N;O;P;R;S;T;V
02010004,LARGE PRIVATE,,ROOM AND BOARD,6700,6700,"October 20, 2023",adhoc,A;E;G;I;L;P;R;T;V
02010014,NEONATAL ICU,,ROOM AND BOARD,5470,5470,"October 20, 2023",adhoc,A;C;E;I;L;N;O;T;U
02010015,NEURO-PSYCHIATRY PRIVATE,,ROOM AND BOARD,10100,10100,"October 20, 2023",adhoc,A;C;E;H;I;N;O;P;R;S;T;U;V;Y
02010016,NEURO-PSYCHIATRY WARD,,ROOM AND BOARD,4900,4900,"October 20, 2023",adhoc,A;C;D;E;H;I;N;O;P;R;S;T;U;W;Y
2010017,NEW BORN CARE FEE,,ROOM AND BOARD,900,900,"August 05, 2022",adhoc,A;B;C;E;F;N;O;R;W
02010018,NICU ISOLATION,,ROOM AND BOARD,5470,5470,"October 20, 2023",adhoc,A;C;I;L;N;O;S;T;U
02010019,OB ROOM LARGE PRIVATE,,ROOM AND BOARD,6700,6700,"October 20, 2023",adhoc,A;B;E;G;I;L;M;O;P;R;T;V
2010020,OB ROOM SEMI PRIVATE,,ROOM AND BOARD,2700,2700,"August 05, 2022",adhoc,A;B;E;I;M;O;P;R;S;T;V
02010021,OB ROOM SMALL PRIVATE,,ROOM AND BOARD,4120,4120,"October 20, 2023",adhoc,A;B;E;I;L;M;O;P;R;S;T;V
02010022,OB ROOM WARD,,ROOM AND BOARD,1810,1810,"October 20, 2023",adhoc,A;B;D;M;O;R;W
02010023,PICU COMMON,,ROOM AND BOARD,7870,7870,"October 20, 2023",adhoc,C;I;M;N;O;P;U
02010024,PICU SOLO,,ROOM AND BOARD,8870,8870,"October 20, 2023",adhoc,C;I;L;O;P;S;U
02010005,PREMIUM LARGE PRIVATE,,ROOM AND BOARD,9470,9470,"October 20, 2023",adhoc,A;E;G;I;L;M;P;R;T;U;V
02010007,PRESIDENTIAL SUITE,,ROOM AND BOARD,37200,37200,"October 20, 2023",adhoc,A;D;E;I;L;N;P;R;S;T;U
02010025,RAI PRIVATE,,ROOM AND BOARD,8100,8100,"October 20, 2023",adhoc,A;E;I;P;R;T;V
02010006,REGULAR SUITE,,ROOM AND BOARD,21800,21800,"October 20, 2023",adhoc,A;E;G;I;L;R;S;T;U
2010002,SEMI PRIVATE,,ROOM AND BOARD,2700,2700,"August 05, 2022",adhoc,A;E;I;M;P;R;S;T;V
02010003,SMALL PRIVATE,,ROOM AND BOARD,4120,4120,"October 20, 2023",adhoc,A;E;I;L;M;P;R;S;T;V
02010026,TELEMETRY,,ROOM AND BOARD,8400,8400,"October 20, 2023",adhoc,E;L;M;R;T;Y
02010001,WARD,,ROOM AND BOARD,1810,1810,"October 20, 2023",adhoc,A;D;R;W
04550601,585 LASER OUP,,SKIN & LASER,4500,11290,"July 15, 2021",adhoc,A;E;L;O;P;R;S;U;5;8
04550697,ACNE CLEAR - 585 JETLIGHT 1 - 3 SESSIONS PACKAGE OUP,,SKIN & LASER,13130,37800,"July 15, 2021",adhoc,A;C;E;G;H;I;J;K;L;N;O;P;R;S;T;U;1;3;5;8
04550698,ACNE CLEAR - JET STARLIGHT 1 - 3 SESSIONS PACKAGE OUP,,SKIN & LASER,18380,55130,"July 15, 2021",adhoc,A;C;E;G;H;I;J;K;L;N;O;P;R;S;T;U;1;3
04550699,ACNE CLEAR - JET TREATMENT (3 SESSIONS) PACKAGE OUP,,SKIN & LASER,13130,13130,"August 25, 2021",adhoc,A;C;E;G;I;J;K;L;M;N;O;P;R;S;T;U;3
04550700,ACNE CLEAR - STARJET BEAMLIGHT 1 - 3 SESSIONS PACKAGE OUP,,SKIN & LASER,29400,87680,"July 15, 2021",adhoc,A;B;C;E;G;H;I;J;K;L;M;N;O;P;R;S;T;U;1;3
04550701,AGELESS LIFT - LEGEND LIGHT 1 - 3 SESSIONS PACKAGE OUP,,SKIN & LASER,9450,28350,"July 15, 2021",adhoc,A;C;D;E;F;G;H;I;K;L;N;O;P;S;T;U;1;3
04550702,AGELESS LIFT - SYGMA LIGHT 1 - 3 SESSIONS PACKAGE OUP,,SKIN & LASER,16280,48830,"July 15, 2021",adhoc,A;C;E;F;G;H;I;K;L;M;N;O;P;S;T;U;Y;1;3
04550703,AGELESS LIFT - SYGMA OXYLIGHT 1 - 3 SESSIONS PACKAGE OUP,,SKIN & LASER,22580,67730,"July 15, 2021",adhoc,A;C;E;F;G;H;I;K;L;M;N;O;P;S;T;U;X;Y;1;3
04550602,ANGEL WHITENING LASER OUP,,SKIN & LASER,18030,18030,"October 29, 2025",adhoc,A;E;G;H;I;L;N;O;P;R;S;T;U;W
04550704,ARMS UP DEOWHITE (3 SESSIONS) PACKAGE OUP,,SKIN & LASER,22050,25730,"July 15, 2021",adhoc,A;C;D;E;G;H;I;K;M;N;O;P;R;S;T;U;W;3
04550603,BODY BRIGHT (ABDOMEN) OUP,,SKIN & LASER,17500,17500,"August 25, 2021",adhoc,A;B;D;E;G;H;I;M;N;O;P;R;T;U;Y
04550604,BODY BRIGHT (BUTTOCKS) OUP,,SKIN & LASER,10290,10290,"August 25, 2021",adhoc,B;C;D;G;H;I;K;O;P;R;S;T;U;Y
04550605,BODY BRIGHT (DECOLLETAGE) OUP,,SKIN & LASER,17500,17500,"August 25, 2021",adhoc,A;B;C;D;E;G;H;I;L;O;P;R;T;U;Y
04550606,BODY BRIGHT (ELBOWS) OUP,,SKIN & LASER,7000,7000,"October 29, 2025",adhoc,B;D;E;G;H;I;L;O;P;R;S;T;U;W;Y
04550609,BODY BRIGHT (FULL CHEST) OUP,,SKIN & LASER,20590,20590,"August 25, 2021",adhoc,B;C;D;E;F;G;H;I;L;O;P;R;S;T;U;Y
04550607,BODY BRIGHT (FULL/HALF ARMS) OUP,,SKIN & LASER,17500,20590,"July 15, 2021",adhoc,A;B;D;F;G;H;I;L;M;O;P;R;S;T;U;Y
04550608,BODY BRIGHT (FULL/HALF BACK) OUP,,SKIN & LASER,17500,20590,"July 15, 2021",adhoc,A;B;C;D;F;G;H;I;K;L;O;P;R;T;U;Y
04550610,BODY BRIGHT (FULL/HALF LEGS) OUP,,SKIN & LASER,17500,27800,"July 15, 2021",adhoc,A;B;D;E;F;G;H;I;L;O;P;R;S;T;U;Y
04550611,BODY BRIGHT (INNER THIGHS) OUP,,SKIN & LASER,10600,10600,"October 29, 2025",adhoc,B;D;E;G;H;I;N;O;P;R;S;T;U;Y
04550612,BODY BRIGHT (KNEES) OUP,,SKIN & LASER,7210,7210,"October 29, 2025",adhoc,B;D;E;G;H;I;K;N;O;P;R;S;T;U;Y
04550613,BODY BRIGHT (NAPE) OUP,,SKIN & LASER,7000,7000,"October 29, 2025",adhoc,A;B;D;E;G;H;I;N;O;P;R;T;U;Y
04550614,BODY BRIGHT (NECK) OUP,,SKIN & LASER,7210,7210,"October 29, 2025",adhoc,B;C;D;E;G;H;I;K;N;O;P;R;T;U;Y
04550705,BODY CONTOUR & SCULPT - CAVITALEGEND 1 - 3 SESSIONS PACKAGE OUP,,SKIN & LASER,10500,30980,"July 15, 2021",adhoc,A;B;C;D;E;G;I;K;L;N;O;P;R;S;T;U;V;Y;1;3
04550706,BODY CONTOURING / SCULPTING 3 SESSIONS OUP PACKAGE - ABDOMEN/ARMS/ BACK/BRA/ BUTTOCKS/ CALVES/HIPS/ THIGHS,,SKIN & LASER,13400,13400,"August 25, 2021",adhoc,A;B;C;D;E;G;H;I;K;L;M;N;O;P;R;S;T;U;V;Y;3
04550760,BODY CONTOURING/SCULPTING - ABDOMEN PROMO (5+1) OUP PACKAGE,,SKIN & LASER,18200,18200,"August 25, 2021",adhoc,A;B;C;D;E;G;I;K;L;M;N;O;P;R;S;T;U;Y;1;5
04550761,BODY CONTOURING/SCULPTING - ARMS PROMO (5+1) OUP PACKAGE,,SKIN & LASER,18200,18200,"August 25, 2021",adhoc,A;B;C;D;E;G;I;K;L;M;N;O;P;R;S;T;U;Y;1;5
04550762,BODY CONTOURING/SCULPTING - BACK PROMO (5+1) OUP PACKAGE,,SKIN & LASER,18200,18200,"August 25, 2021",adhoc,A;B;C;D;E;G;I;K;L;M;N;O;P;R;S;T;U;Y;1;5
04550763,BODY CONTOURING/SCULPTING - BRA LINE PROMO (5+1) OUP PACKAGE,,SKIN & LASER,18200,18200,"August 25, 2021",adhoc,A;B;C;D;E;G;I;K;L;M;N;O;P;R;S;T;U;Y;1;5
04550764,BODY CONTOURING/SCULPTING - BUTTOCKS PROMO (5+1) OUP PACKAGE,,SKIN & LASER,18200,18200,"August 25, 2021",adhoc,A;B;C;D;E;G;I;K;L;M;N;O;P;R;S;T;U;Y;1;5
04550765,BODY CONTOURING/SCULPTING - CALVES PROMO (5+1) OUP PACKAGE,,SKIN & LASER,18200,18200,"August 25, 2021",adhoc,A;B;C;D;E;G;I;K;L;M;N;O;P;R;S;T;U;V;Y;1;5
04550766,BODY CONTOURING/SCULPTING - HIPS PROMO (5+1) OUP PACKAGE,,SKIN & LASER,18200,18200,"August 25, 2021",adhoc,A;B;C;D;E;G;H;I;K;L;M;N;O;P;R;S;T;U;Y;1;5
04550767,BODY CONTOURING/SCULPTING - THIGHS PROMO (5+1) OUP PACKAGE,,SKIN & LASER,18200,18200,"August 25, 2021",adhoc,A;B;C;D;E;G;H;I;K;L;M;N;O;P;R;S;T;U;Y;1;5
04550615,BODY CONTOURING/SCULPTING ABDOMEN OUP,,SKIN & LASER,5500,5500,"August 25, 2021",adhoc,A;B;C;D;E;G;I;L;M;N;O;P;R;S;T;U;Y
04550622,BODY CONTOURING/SCULPTING ARMS OUP,,SKIN & LASER,5500,5500,"August 25, 2021",adhoc,A;B;C;D;G;I;L;M;N;O;P;R;S;T;U;Y
04550616,BODY CONTOURING/SCULPTING BACK OUP,,SKIN & LASER,5500,5500,"August 25, 2021",adhoc,A;B;C;D;G;I;K;L;N;O;P;R;S;T;U;Y
04550617,BODY CONTOURING/SCULPTING BRA OUP,,SKIN & LASER,5500,5500,"August 25, 2021",adhoc,A;B;C;D;G;I;L;N;O;P;R;S;T;U;Y
04550618,BODY CONTOURING/SCULPTING BUTTOCKS OUP,,SKIN & LASER,5500,5500,"August 25, 2021",adhoc,B;C;D;G;I;K;L;N;O;P;R;S;T;U;Y
04550619,BODY CONTOURING/SCULPTING CALVES OUP,,SKIN & LASER,5500,5500,"August 25, 2021",adhoc,A;B;C;D;E;G;I;L;N;O;P;R;S;T;U;V;Y
04550620,BODY CONTOURING/SCULPTING HIPS OUP,,SKIN & LASER,5500,5500,"August 25, 2021",adhoc,B;C;D;G;H;I;L;N;O;P;R;S;T;U;Y
04550621,BODY CONTOURING/SCULPTING THIGHS OUP,,SKIN & LASER,5500,5500,"August 25, 2021",adhoc,B;C;D;G;H;I;L;N;O;P;R;S;T;U;Y
04550707,BRIGHT EYES - 585 PIGMENT (3 SESSIONS) PACKAGE OUP,,SKIN & LASER,25730,25730,"August 25, 2021",adhoc,A;B;C;E;G;H;I;K;M;N;O;P;R;S;T;U;Y;3;5;8
04550708,BRIGHT EYES - STAR (3 SESSIONS) PACKAGE OUP,,SKIN & LASER,18900,28350,"July 15, 2021",adhoc,A;B;C;E;G;H;I;K;N;O;P;R;S;T;U;Y;3
04550623,CHERRY ANGIOMA/SPIDER ANGIOMA/VENOUS LAKES/HEMANGIOMA OUP,,SKIN & LASER,11450,11450,"August 25, 2021",adhoc,A;C;D;E;G;H;I;K;L;M;N;O;P;R;S;U;V;Y
04550624,COAGULATION AND HEMOSTASIS OF SOFT TISSUE OUP,,SKIN & LASER,11160,11160,"August 25, 2021",adhoc,A;C;D;E;F;G;H;I;L;M;N;O;P;S;T;U
04550625,CONTOUR & LIFT - EYES OUP,,SKIN & LASER,16120,16120,"October 29, 2025",adhoc,C;E;F;I;L;N;O;P;R;S;T;U;Y
04550626,CONTOUR & LIFT - FACE & NECK OUP,,SKIN & LASER,34160,34160,"October 29, 2025",adhoc,A;C;E;F;I;K;L;N;O;P;R;T;U
04550627,CONTOUR & LIFT - FACE OUP,,SKIN & LASER,28860,28860,"October 29, 2025",adhoc,A;C;E;F;I;L;N;O;P;R;T;U
04550628,CONTOUR & LIFT - NECK OUP,,SKIN & LASER,28640,28640,"October 29, 2025",adhoc,C;E;F;I;K;L;N;O;P;R;T;U
04550629,CUTANEOUS VASCULAR LESIONS - BLUE/RED VEIN,,SKIN & LASER,11160,11160,"August 25, 2021",adhoc,A;B;C;D;E;I;L;N;O;R;S;T;U;V
04550630,DEOWHITE LASER OUP,,SKIN & LASER,8350,8350,"October 29, 2025",adhoc,A;D;E;H;I;L;O;P;R;S;T;U;W
04550631,DESTRUCTION BY 1064 LONG PULSED ND-YAG LASER,,SKIN & LASER,10030,16210,"July 15, 2021",adhoc,A;B;C;D;E;G;I;L;N;O;P;R;S;T;U;Y;0;1;4;6
04550632,DESTRUCTION BY 532/1064 Q-SWITCHED LASER,,SKIN & LASER,9720,24140,"July 15, 2021",adhoc,A;B;C;D;E;H;I;L;N;O;Q;R;S;T;U;W;Y;0;1;2;3;4;5;6
04550633,DESTRUCTION BY FRACTIONAL CO2 LASER,,SKIN & LASER,10240,14360,"July 15, 2021",adhoc,A;B;C;D;E;F;I;L;N;O;R;S;T;U;Y;2
04550634,DESTRUCTION BY PULSED DYE LASER,,SKIN & LASER,7860,21050,"July 15, 2021",adhoc,A;B;C;D;E;I;L;N;O;P;R;S;T;U;Y
04550635,DESTRUCTION LASER,,SKIN & LASER,7020,13600,"July 15, 2021",adhoc,A;C;D;E;I;L;N;O;R;S;T;U
04550636,DIFFUSE REDNESS/ERYTHEMA OUP,,SKIN & LASER,12730,12730,"October 29, 2025",adhoc,A;D;E;F;H;I;M;N;O;P;R;S;T;U;Y
04550637,DOUBLE CHIN REDUCTION OUP,,SKIN & LASER,4610,4610,"October 29, 2025",adhoc,B;C;D;E;H;I;L;N;O;P;R;T;U
04550709,DOUBLE LIFT EYES PACKAGE OUP,,SKIN & LASER,33294,33294,"August 25, 2021",adhoc,A;B;C;D;E;F;G;I;K;L;O;P;S;T;U;Y
04550710,DOUBLE LIFT FACE & NECK PACKAGE OUP,,SKIN & LASER,67844,67844,"August 25, 2021",adhoc,A;B;C;D;E;F;G;I;K;L;N;O;P;T;U
04550711,DOUBLE LIFT FACE PACKAGE OUP,,SKIN & LASER,51064,51064,"August 25, 2021",adhoc,A;B;C;D;E;F;G;I;K;L;O;P;T;U
04550712,DOUBLE LIFT NECK PACKAGE OUP,,SKIN & LASER,46520,46520,"August 25, 2021",adhoc,A;B;C;D;E;F;G;I;K;L;N;O;P;T;U
04550638,EPIDERMAL PIGMENT OUP,,SKIN & LASER,12350,12560,"July 15, 2021",adhoc,A;D;E;G;I;L;M;N;O;P;R;T;U
04550713,ETHEREAL FACE - INTRALIFT (1 - 3 SESSIONS) PACKAGE OUP,,SKIN & LASER,39380,116500,"July 15, 2021",adhoc,A;C;E;F;G;H;I;K;L;N;O;P;R;S;T;U;1;3
04550714,ETHEREAL FACE - LEGELIFT (1 - 3 SESSIONS) PACKAGE OUP,,SKIN & LASER,19950,60380,"July 15, 2021",adhoc,A;C;E;F;G;H;I;K;L;N;O;P;R;S;T;U;1;3
04550715,ETHEREAL FACE - POLALIFT (1 - 3 SESSIONS) PACKAGE OUP,,SKIN & LASER,20480,60900,"July 15, 2021",adhoc,A;C;E;F;G;H;I;K;L;N;O;P;R;S;T;U;1;3
04550639,EYEBAG REDUCTION OUP,,SKIN & LASER,4830,4830,"October 29, 2025",adhoc,A;B;C;D;E;G;I;N;O;P;R;T;U;Y
04550640,FACIAL & NECK SCULPTING OUP,,SKIN & LASER,9900,9900,"October 29, 2025",adhoc,A;C;E;F;G;I;K;L;N;O;P;S;T;U
04550641,FACIAL SCULPTING OUP,,SKIN & LASER,7410,7410,"October 29, 2025",adhoc,A;C;F;G;I;L;N;O;P;S;T;U
04550716,FAIRY BRIGHT - OXY POLALIGHT (1 - 3 SESSIONS) PACKAGE OUP,,SKIN & LASER,16280,48300,"July 15, 2021",adhoc,A;B;C;E;F;G;H;I;K;L;N;O;P;R;S;T;U;X;Y;1;3
04550717,FAIRY BRIGHT - OXY STARLIGHT (1 - 3 SESSIONS) PACKAGE OUP,,SKIN & LASER,25200,75600,"July 15, 2021",adhoc,A;B;C;E;F;G;H;I;K;L;N;O;P;R;S;T;U;X;Y;1;3
04550642,FRACTIONAL ACNE REDNESS/POST INFLAMMATORY ERYTHEMA OUP,,SKIN & LASER,12350,12350,"August 25, 2021",adhoc,A;C;D;E;F;H;I;L;M;N;O;P;R;S;T;U;Y
04550643,FRACTIONAL REJUVENATING LASER OUP,,SKIN & LASER,12560,12560,"August 25, 2021",adhoc,A;C;E;F;G;I;J;L;N;O;P;R;S;T;U;V
04550644,FRACTIONAL RESURFACING LASER OUP,,SKIN & LASER,15650,15650,"August 25, 2021",adhoc,A;C;E;F;G;I;L;N;O;P;R;S;T;U
04550645,HAIR REDUCTION - ABDOMEN,,SKIN & LASER,7900,7900,"October 29, 2025",adhoc,A;B;C;D;E;H;I;M;N;O;R;T;U
04550646,HAIR REDUCTION - BEARD & CHIN,,SKIN & LASER,5600,5600,"October 29, 2025",adhoc,A;B;C;D;E;H;I;N;O;R;T;U
04550647,HAIR REDUCTION - BIKINI LINE,,SKIN & LASER,7630,7630,"October 29, 2025",adhoc,A;B;C;D;E;H;I;K;L;N;O;R;T;U
04550648,HAIR REDUCTION - BRAZILIAN,,SKIN & LASER,8000,8000,"October 29, 2025",adhoc,A;B;C;D;E;H;I;L;N;O;R;T;U;Z
04550649,HAIR REDUCTION - CHIN,,SKIN & LASER,5050,5050,"October 29, 2025",adhoc,A;C;D;E;H;I;N;O;R;T;U
04550650,HAIR REDUCTION - EARS,,SKIN & LASER,5050,5050,"October 29, 2025",adhoc,A;C;D;E;H;I;N;O;R;S;T;U
04550651,HAIR REDUCTION - FACE,,SKIN & LASER,5880,5880,"October 29, 2025",adhoc,A;C;D;E;F;H;I;N;O;R;T;U
04550652,HAIR REDUCTION - FINGERS,,SKIN & LASER,5050,5050,"October 29, 2025",adhoc,A;C;D;E;F;G;H;I;N;O;R;S;T;U
04550653,HAIR REDUCTION - FULL ARMS,,SKIN & LASER,10200,10200,"October 29, 2025",adhoc,A;C;D;E;F;H;I;L;M;N;O;R;S;T;U
04550654,HAIR REDUCTION - FULL BACK,,SKIN & LASER,12900,12900,"October 29, 2025",adhoc,A;B;C;D;E;F;H;I;K;L;N;O;R;T;U
04550655,HAIR REDUCTION - FULL CHEST,,SKIN & LASER,12900,12900,"October 29, 2025",adhoc,A;C;D;E;F;H;I;L;N;O;R;S;T;U
04550656,HAIR REDUCTION - FULL LEGS,,SKIN & LASER,19100,19100,"October 29, 2025",adhoc,A;C;D;E;F;G;H;I;L;N;O;R;S;T;U
04550657,HAIR REDUCTION - KNEES,,SKIN & LASER,4900,4900,"October 29, 2025",adhoc,A;C;D;E;H;I;K;N;O;R;S;T;U
04550658,HAIR REDUCTION - LOWER LEGS,,SKIN & LASER,11230,11230,"October 29, 2025",adhoc,A;C;D;E;G;H;I;L;N;O;R;S;T;U;W
04550659,HAIR REDUCTION - NECK,,SKIN & LASER,5700,5700,"October 29, 2025",adhoc,A;C;D;E;H;I;K;N;O;R;T;U
04550660,HAIR REDUCTION - THIGHS,,SKIN & LASER,10900,10900,"October 29, 2025",adhoc,A;C;D;E;G;H;I;N;O;R;S;T;U
04550661,HAIR REDUCTION - TOES,,SKIN & LASER,4900,4900,"October 29, 2025",adhoc,A;C;D;E;H;I;N;O;R;S;T;U
04550662,HAIR REDUCTION - UNDERARMS,,SKIN & LASER,7010,7010,"October 29, 2025",adhoc,A;C;D;E;H;I;M;N;O;R;S;T;U
04550663,HAIR REDUCTION - UPPER CHEST,,SKIN & LASER,9800,9800,"October 29, 2025",adhoc,A;C;D;E;H;I;N;O;P;R;S;T;U
04550664,HAIR REDUCTION - UPPER LIP,,SKIN & LASER,5050,5050,"October 29, 2025",adhoc,A;C;D;E;H;I;L;N;O;P;R;T;U
04550718,HAIR REDUCTION 3 SESSIONS OUP PACKAGE - CHIN/EARS/ FINGERS/KNEES/ TOES/ UNDERARMS/ UPPER LIP,,SKIN & LASER,13000,18250,"July 15, 2021",adhoc,A;C;D;E;F;G;H;I;K;L;M;N;O;P;R;S;T;U;3
04550665,HYDRO PEEL TREATMENT OUP,,SKIN & LASER,4850,4850,"October 29, 2025",adhoc,A;D;E;H;L;M;N;O;P;R;T;U;Y
04550666,LASER REJUVENATION OUP,,SKIN & LASER,12350,12350,"August 25, 2021",adhoc,A;E;I;J;L;N;O;P;R;S;T;U;V
04550667,LASER TATTOO REMOVAL,,SKIN & LASER,10290,27800,"July 15, 2021",adhoc,A;E;L;M;O;R;S;T;V
04550668,LED LIGHT LASER OUP,,SKIN & LASER,3230,3230,"October 29, 2025",adhoc,A;D;E;G;H;I;L;O;P;R;S;T;U
04550719,LIFT & FIRM - DOUBLE CHIN (2-3 SESSIONS) OUP PACKAGE,,SKIN & LASER,22050,32030,"July 15, 2021",adhoc,A;B;C;D;E;F;G;H;I;K;L;M;N;O;P;R;S;T;U;2;3
04550669,LIFT & FIRM - DOUBLE CHIN OUP,,SKIN & LASER,12730,12730,"October 29, 2025",adhoc,B;C;D;E;F;H;I;L;M;N;O;P;R;T;U
04550720,LIFT & FIRM - EYE AREA (2-3 SESSIONS) OUP PACKAGE,,SKIN & LASER,20270,29250,"July 15, 2021",adhoc,A;C;E;F;G;I;K;L;M;N;O;P;R;S;T;U;Y;2;3
04550670,LIFT & FIRM - EYE AREA OUP,,SKIN & LASER,11880,11880,"October 29, 2025",adhoc,A;E;F;I;L;M;O;P;R;T;U;Y
04550671,LIFT & FIRM - FACE & NECK,,SKIN & LASER,21430,21430,"October 29, 2025",adhoc,A;C;E;F;I;K;L;M;N;R;T
04550721,LIFT & FIRM - FACE & NECK (2-3 SESSIONS) OUP PACKAGE,,SKIN & LASER,38220,56180,"July 15, 2021",adhoc,A;C;E;F;G;I;K;L;M;N;O;P;R;S;T;U;2;3
04550722,LIFT & FIRM - FACE (2-3 SESSIONS) OUP PACKAGE,,SKIN & LASER,26250,38220,"July 15, 2021",adhoc,A;C;E;F;G;I;K;L;M;N;O;P;R;S;T;U;2;3
04550672,LIFT & FIRM - FACE OUP,,SKIN & LASER,15060,15060,"October 29, 2025",adhoc,A;C;E;F;I;L;M;O;P;R;T;U
04550723,LIFT & FIRM - NECK (2-3 SESSIONS) OUP PACKAGE,,SKIN & LASER,22050,32030,"July 15, 2021",adhoc,A;C;E;F;G;I;K;L;M;N;O;P;R;S;T;U;2;3
04550673,LIFT & FIRM - NECK OUP,,SKIN & LASER,12730,12730,"October 29, 2025",adhoc,C;E;F;I;K;L;M;N;O;P;R;T;U
04550674,MELASMA OUP,,SKIN & LASER,12350,14760,"July 15, 2021",adhoc,A;E;L;M;O;P;S;U
04550675,MILD-MODERATE INFLAMMATORY VULGARIS OUP,,SKIN & LASER,12940,12940,"October 29, 2025",adhoc,A;D;E;F;G;I;L;M;N;O;P;R;S;T;U;V;Y
04550676,NAIL FUNGAL TREATMENT,,SKIN & LASER,7200,9780,"July 15, 2021",adhoc,A;E;F;G;I;L;M;N;R;T;U
04550677,NECK SCULPTING,,SKIN & LASER,6120,6120,"October 29, 2025",adhoc,C;E;G;I;K;L;N;P;S;T;U
04550678,NEVUS OF OTA OUP,,SKIN & LASER,9270,9270,"October 29, 2025",adhoc,A;E;F;N;O;P;S;T;U;V
04550679,ONYCHIMYCOSIS OUP,,SKIN & LASER,11500,11500,"October 29, 2025",adhoc,C;H;I;M;N;O;P;S;U;Y
04550680,OXYBRIGHT/ COMBO/ REVIVE OUP,,SKIN & LASER,5960,7010,"July 15, 2021",adhoc,B;C;E;G;H;I;M;O;P;R;T;U;V;X;Y
04550681,PANDA EYES OUP,,SKIN & LASER,7210,7210,"October 29, 2025",adhoc,A;D;E;N;O;P;S;U;Y
04550724,PERFECT WHITE - BODY BRIGHT ABDOMEN (3 SESSIONS) PACKAGE OUP,,SKIN & LASER,48300,48300,"August 25, 2021",adhoc,A;B;C;D;E;F;G;H;I;K;M;N;O;P;R;S;T;U;W;Y;3
04550725,PERFECT WHITE - BODY BRIGHT BUTTOCKS (3 SESSIONS) PACKAGE OUP,,SKIN & LASER,28350,28350,"August 25, 2021",adhoc,A;B;C;D;E;F;G;H;I;K;N;O;P;R;S;T;U;W;Y;3
04550726,PERFECT WHITE - BODY BRIGHT DECOLLETAGE (3 SESSIONS) PACKAGE OUP,,SKIN & LASER,48300,48300,"August 25, 2021",adhoc,A;B;C;D;E;F;G;H;I;K;L;N;O;P;R;S;T;U;W;Y;3
04550727,PERFECT WHITE - BODY BRIGHT ELBOWS (3 SESSIONS) PACKAGE OUP,,SKIN & LASER,18900,18900,"August 25, 2021",adhoc,A;B;C;D;E;F;G;H;I;K;L;N;O;P;R;S;T;U;W;Y;3
04550728,PERFECT WHITE - BODY BRIGHT FULL ARMS/HALF ARM (3 SESSIONS) PACKAGE OUP,,SKIN & LASER,48300,56700,"July 15, 2021",adhoc,A;B;C;D;E;F;G;H;I;K;L;M;N;O;P;R;S;T;U;W;Y;3
04550729,PERFECT WHITE - BODY BRIGHT FULL/HALF BACK (3 SESSIONS) PACKAGE OUP,,SKIN & LASER,48300,56700,"July 15, 2021",adhoc,A;B;C;D;E;F;G;H;I;K;L;N;O;P;R;S;T;U;W;Y;3
04550730,PERFECT WHITE - BODY BRIGHT FULL/HALF LEGS (3 SESSIONS) PACKAGE OUP,,SKIN & LASER,48300,76650,"July 15, 2021",adhoc,A;B;C;D;E;F;G;H;I;K;L;N;O;P;R;S;T;U;W;Y;3
04550731,PERFECT WHITE - BODY BRIGHT INNER THIGHS (3 SESSIONS) PACKAGE OUP,,SKIN & LASER,28350,28350,"August 25, 2021",adhoc,A;B;C;D;E;F;G;H;I;K;N;O;P;R;S;T;U;W;Y;3
04550732,PERFECT WHITE - BODY BRIGHT KNEES (3 SESSIONS) PACKAGE OUP,,SKIN & LASER,18900,18900,"August 25, 2021",adhoc,A;B;C;D;E;F;G;H;I;K;N;O;P;R;S;T;U;W;Y;3
04550733,PERFECT WHITE - BODY BRIGHT NAPE (3 SESSIONS) PACKAGE OUP,,SKIN & LASER,18900,18900,"August 25, 2021",adhoc,A;B;C;D;E;F;G;H;I;K;N;O;P;R;S;T;U;W;Y;3
04550734,PERFECT WHITE - BODY BRIGHT NECK (3 SESSIONS) PACKAGE OUP,,SKIN & LASER,18900,18900,"August 25, 2021",adhoc,A;B;C;D;E;F;G;H;I;K;N;O;P;R;S;T;U;W;Y;3
04550735,PERFECT WHITE - BODY BRIGHTFULL CHEST (3 SESSIONS) PACKAGE OUP,,SKIN & LASER,56700,56700,"August 25, 2021",adhoc,A;B;C;D;E;F;G;H;I;K;L;N;O;P;R;S;T;U;W;Y;3
04550682,PIGMENTATION LASER OUP,,SKIN & LASER,7920,22650,"July 15, 2021",adhoc,A;E;G;I;L;M;N;O;P;R;S;T;U
04550683,PIGMENTED LESIONS (BECKERS NEVU/ COMMIN NEVI/ NEVI SPILI) OUP,,SKIN & LASER,12560,12560,"August 25, 2021",adhoc,B;C;D;E;G;I;K;L;M;N;O;P;R;S;T;U;V
04550685,PIH LASER (FACE) OUP,,SKIN & LASER,10600,10600,"October 29, 2025",adhoc,A;C;E;F;H;I;L;O;P;R;S;U
04550686,PIH LASER (FULL ARMS/HALF ARM) OUP,,SKIN & LASER,12350,15650,"July 15, 2021",adhoc,A;E;F;H;I;L;M;O;P;R;S;U
04550687,PIH LASER (FULL LEGS/HALF LEG) OUP,,SKIN & LASER,15650,17500,"July 15, 2021",adhoc,A;E;F;G;H;I;L;O;P;R;S;U
04550688,PIH LASER (NECK) OUP,,SKIN & LASER,7000,7000,"October 29, 2025",adhoc,A;C;E;H;I;K;L;N;O;P;R;S;U
04550684,PIH LASER OUP,,SKIN & LASER,6890,17500,"July 15, 2021",adhoc,A;E;H;I;L;O;P;R;S;U
04550689,PORT WINE STAINS OUP,,SKIN & LASER,7670,7670,"October 29, 2025",adhoc,A;E;I;N;O;P;R;S;T;U;W
04550736,RENEW YOU - OXYTERA (1 - 3 SESSIONS) PACKAGE OUP,,SKIN & LASER,14700,43580,"July 15, 2021",adhoc,A;C;E;G;I;K;N;O;P;R;S;T;U;W;X;Y;1;3
04550737,RENEW YOU - OXYTERA LIGHT (1 - 3 SESSIONS) PACKAGE OUP,,SKIN & LASER,17330,52500,"July 15, 2021",adhoc,A;C;E;G;H;I;K;L;N;O;P;R;S;T;U;W;X;Y;1;3
04550738,SCAR AWAY - OXY ACULIGHT (1 - 3 SESSIONS) PACKAGE OUP,,SKIN & LASER,19950,59330,"July 15, 2021",adhoc,A;C;E;G;H;I;K;L;N;O;P;R;S;T;U;W;X;Y;1;3
04550739,SCAR AWAY - OXY REJULIGHT (1 - 3 SESSIONS) PACKAGE OUP,,SKIN & LASER,23630,70880,"July 15, 2021",adhoc,A;C;E;G;H;I;J;K;L;N;O;P;R;S;T;U;W;X;Y;1;3
04550740,SCAR AWAY - OXY SKINLIGHT (1 - 3 SESSIONS) PACKAGE OUP,,SKIN & LASER,17330,51450,"July 15, 2021",adhoc,A;C;E;G;H;I;K;L;N;O;P;R;S;T;U;W;X;Y;1;3
04550741,SKIN FIRM - DECOLLETAGE (3 - 6 SESSIONS) OUP PACKAGE,,SKIN & LASER,8350,36310,"July 15, 2021",adhoc,A;C;D;E;F;G;I;K;L;M;N;O;P;R;S;T;U;3;6
04550742,SKIN FIRM - FACE & NECK (1 - 6 SESSIONS) PACKAGE OUP,,SKIN & LASER,10865,45070,"July 15, 2021",adhoc,A;C;E;F;G;I;K;M;N;O;P;R;S;U;1;6
04550743,SKIN FIRM - FACE (3 - 6 SESSIONS) PACKAGE OUP,,SKIN & LASER,8560,36520,"July 15, 2021",adhoc,A;C;E;F;G;I;K;M;N;O;P;R;S;U;3;6
04550744,SKIN FIRM - FEET (1 - 6 SESSIONS) PACKAGE OUP,,SKIN & LASER,8350,36310,"July 15, 2021",adhoc,A;C;E;F;G;I;K;M;N;O;P;R;S;T;U;1;6
04550745,SKIN FIRM - HANDS & FEET (1 - 6 SESSIONS) PACKAGE OUP,,SKIN & LASER,10660,44860,"July 15, 2021",adhoc,A;C;D;E;F;G;H;I;K;M;N;O;P;R;S;T;U;1;6
04550746,SKIN FIRM - HANDS (1 - 6 SESSIONS) PACKAGE OUP,,SKIN & LASER,8350,36310,"July 15, 2021",adhoc,A;C;D;E;F;G;H;I;K;M;N;O;P;R;S;U;1;6
04550747,SKIN FIRM - NECK & DECOLLETAGE (1 - 6 SESSIONS) PACKAGE OUP,,SKIN & LASER,10660,44860,"July 15, 2021",adhoc,A;C;D;E;F;G;I;K;L;M;N;O;P;R;S;T;U;1;6
04550748,SKIN FIRM - NECK (1 - 6 SESSIONS) PACKAGE OUP,,SKIN & LASER,8565,36310,"July 15, 2021",adhoc,A;C;E;F;G;I;K;M;N;O;P;R;S;U;1;6
04550690,SKIN RENEWAL OF FACE,,SKIN & LASER,9230,9230,"October 29, 2025",adhoc,A;C;E;F;I;K;L;N;O;R;S;W
04550691,SKIN RENEWAL OF FACE - ADDITIONAL AREA,,SKIN & LASER,2140,2140,"August 25, 2021",adhoc,A;C;D;E;F;I;K;L;N;O;R;S;T;W
04550692,SKIN RESURFACING OF FACE,,SKIN & LASER,7100,14110,"July 15, 2021",adhoc,A;C;E;F;G;I;K;N;O;R;S;U
04550693,SKIN RESURFACING OF FACIAL BUMPS,,SKIN & LASER,7610,12050,"July 15, 2021",adhoc,A;B;C;E;F;G;I;K;L;M;N;O;P;R;S;U
04550694,SKIN TIGHTENING & WRINKLE REDUCTION,,SKIN & LASER,5100,10655,"July 15, 2021",adhoc,C;D;E;G;H;I;K;L;N;O;R;S;T;U;W
04550749,SNOW WHITE SKIN - 585 JET STARLIGHT (1-3 SESSIONS) PACKAGE OUP,,SKIN & LASER,34650,103430,"July 15, 2021",adhoc,A;C;E;G;H;I;J;K;L;N;O;P;R;S;T;U;W;1;3;5;8
04550750,SNOW WHITE SKIN - JET POLALIGHT (1-3 SESSIONS) PACKAGE OUP,,SKIN & LASER,14180,42000,"July 15, 2021",adhoc,A;C;E;G;H;I;J;K;L;N;O;P;S;T;U;W;1;3
04550751,SNOW WHITE SKIN - OXY JETLIGHT (1-3 SESSIONS) PACKAGE OUP,,SKIN & LASER,13650,40430,"July 15, 2021",adhoc,A;C;E;G;H;I;J;K;L;N;O;P;S;T;U;W;X;Y;1;3
04550752,TATTS CLEAR (3 SESSIONS) PACKAGE OUP,,SKIN & LASER,28350,76650,"July 15, 2021",adhoc,A;C;E;G;I;K;L;N;O;P;R;S;T;U;3
04550695,TELANGIECTASIAS OUP,,SKIN & LASER,11160,12350,"July 15, 2021",adhoc,A;C;E;G;I;L;N;O;P;S;T;U
04550696,ULTRA DEOWHITE LASER OUP,,SKIN & LASER,9270,9270,"August 25, 2021",adhoc,A;D;E;H;I;L;O;P;R;S;T;U;W
04550753,ULTRA LIFT EYES PACKAGE OUP,,SKIN & LASER,42372,85802,"July 15, 2021",adhoc,A;C;E;F;G;I;K;L;O;P;R;S;T;U;Y
04550754,VEIN FREE - 585 LIGHT (1-3 SESSIONS) PACKAGE OUP,,SKIN & LASER,11550,34130,"July 15, 2021",adhoc,A;C;E;F;G;H;I;K;L;N;O;P;R;S;T;U;V;1;3;5;8
04550755,VEIN FREE - BEAMLIGHT (1-3 SESSION) PACKAGE OUP,,SKIN & LASER,13650,40430,"July 15, 2021",adhoc,A;B;C;E;F;G;H;I;K;L;M;N;O;P;R;S;T;U;V;1;3
04550756,VEIN FREE - CUTELIGHT (1-3 SESSION) PACKAGE OUP,,SKIN & LASER,15750,47250,"July 15, 2021",adhoc,A;C;E;F;G;H;I;K;L;N;O;P;R;S;T;U;V;1;3
04550757,YOUTHFUL GLOW - 585 OXYLIGHT (1-3 SESSION) PACKAGE OUP,,SKIN & LASER,15230,46200,"July 15, 2021",adhoc,A;C;E;F;G;H;I;K;L;N;O;P;S;T;U;W;X;Y;1;3;5;8
04550758,YOUTHFUL GLOW - OXYLIGHT (1-3 SESSION) PACKAGE OUP,,SKIN & LASER,9140,27300,"July 15, 2021",adhoc,A;C;E;F;G;H;I;K;L;N;O;P;S;T;U;W;X;Y;1;3
04550759,YOUTHFUL GLOW - STAR 585 OXYLIGHT (1-3 SESSION) PACKAGE OUP,,SKIN & LASER,31500,93980,"July 15, 2021",adhoc,A;C;E;F;G;H;I;K;L;N;O;P;R;S;T;U;W;X;Y;1;3;5;8
04220049,BASIC SCREENING TEST,,SUBSPECIALTY CLINIC,3500,4400,"March 03, 2026",adhoc,A;B;C;E;G;I;N;R;S;T
04220029,BOTULINUM TOXIN INJECTION FEE,,SUBSPECIALTY CLINIC,10900,13700,"March 03, 2026",adhoc,B;C;E;F;I;J;L;M;N;O;T;U;X
04220052,CLINICAL COUNSELING,,SUBSPECIALTY CLINIC,3000,3800,"March 03, 2026",adhoc,A;C;E;G;I;L;N;O;S;U
04220053,COMPREHENSIVE BATTERY TEST,,SUBSPECIALTY CLINIC,14200,17800,"March 03, 2026",adhoc,A;B;C;E;H;I;M;N;O;P;R;S;T;V;Y
04220031,DBS PROGRAMMING FEE,,SUBSPECIALTY CLINIC,4300,7600,"March 03, 2026",adhoc,A;B;D;E;F;G;I;M;N;O;P;R;S
042200378,EPILEPSY CLINIC - CONSULTATION FEE,,SUBSPECIALTY CLINIC,3500,4700,"March 03, 2026",adhoc,A;C;E;F;I;L;N;O;P;S;T;U;Y
04220032,FUNCTIONAL NEUROSURGERY - CONSULTATION,,SUBSPECIALTY CLINIC,2910,3700,"March 03, 2026",adhoc,A;C;E;F;G;I;L;N;O;R;S;T;U;Y
04220050,GAIT AND BALANCE CENTER - POST-ASSESSMENT,,SUBSPECIALTY CLINIC,3500,4400,"March 03, 2026",adhoc,A;B;C;D;E;G;I;L;M;N;O;P;R;S;T
04220051,GAIT AND BALANCE CENTER - PRE-ASSESSMENT,,SUBSPECIALTY CLINIC,4500,5700,"March 03, 2026",adhoc,A;B;C;D;E;G;I;L;M;N;P;R;S;T
04220059,GREATER OCCIPITAL NERVE BLOCK,,SUBSPECIALTY CLINIC,4500,9400,"July 09, 2026",adhoc,A;B;C;E;G;I;K;L;N;O;P;R;T;V
04220058,HEADACHE CONSULTATION,,SUBSPECIALTY CLINIC,4000,5000,"July 09, 2026",adhoc,A;C;D;E;H;I;L;N;O;S;T;U
04220037,LEVODOPA CHALLENGE TEST (LCT),,SUBSPECIALTY CLINIC,9310,11700,"March 03, 2026",adhoc,A;C;D;E;G;H;L;N;O;P;S;T;V
04220033,MOVEMENT DISORDERS - CONSULTATION,,SUBSPECIALTY CLINIC,2910,3700,"March 03, 2026",adhoc,A;C;D;E;I;L;M;N;O;R;S;T;U;V
04220030,NEUROPSYCHOLOGICAL ASSESSMENT (BRIEF / COMPREHENSIVE),,SUBSPECIALTY CLINIC,8800,49900,"March 03, 2026",adhoc,A;B;C;E;F;G;H;I;L;M;N;O;P;R;S;T;U;V;Y
04220046,NEUROPSYCHOLOGICAL ASSESSMENT FOR NEUROSURGICAL PROCEDURES,,SUBSPECIALTY CLINIC,36900,46200,"March 03, 2026",adhoc,A;C;D;E;F;G;H;I;L;M;N;O;P;R;S;T;U;Y
04220047,PSYCHODYNAMIC PERSONALITY ASSESSMENT,,SUBSPECIALTY CLINIC,9000,11300,"March 03, 2026",adhoc,A;C;D;E;H;I;L;M;N;O;P;R;S;T;Y
04220048,STRESS MANAGEMENT,,SUBSPECIALTY CLINIC,3500,4400,"March 03, 2026",adhoc,A;E;G;M;N;R;S;T
04220060,TRIGGER POINT INJECTION (PER SITE),,SUBSPECIALTY CLINIC,2500,3200,"July 09, 2026",adhoc,C;E;G;I;J;N;O;P;R;S;T
04340002,BLADDER FILL NON-PHYSIOLOGIC,,UROGYNECOLOGY,3020,3800,"March 03, 2026",adhoc,A;B;C;D;E;F;G;H;I;L;N;O;P;R;S;Y
04340003,BLADDER FLUSHING,,UROGYNECOLOGY,2920,3700,"March 03, 2026",adhoc,A;B;D;E;F;G;H;I;L;N;R;S;U
04340004,BLADDER SCAN/POST VOID RESIDUAL/PRE-VOID VOLUME,,UROGYNECOLOGY,1610,2100,"March 03, 2026",adhoc,A;B;C;D;E;I;L;M;N;O;P;R;S;T;U;V
04340005,CATHETERIZATION,,UROGYNECOLOGY,3020,3800,"March 03, 2026",adhoc,A;C;E;H;I;N;O;R;T;Z
04340008,REMOVAL OF CATHETER,,UROGYNECOLOGY,770,1000,"March 03, 2026",adhoc,A;C;E;F;H;L;M;O;R;T;V
04340019,URODYNAMICS STUDIES PACKAGE,,UROGYNECOLOGY,21740,27200,"March 03, 2026",adhoc,A;C;D;E;G;I;K;M;N;O;P;R;S;T;U;Y
04340018,UROFLOWMETRY WITH POSTVOID SCAN,,UROGYNECOLOGY,4650,5900,"March 03, 2026",adhoc,A;C;D;E;F;H;I;L;M;N;O;P;R;S;T;U;V;W;Y
04340020,UROGYNECOLOGY & INCONTINENCE CENTER FACILITY FEE,,UROGYNECOLOGY,720,950,"March 03, 2026",adhoc,A;C;E;F;G;I;L;N;O;R;T;U;Y
04340021,USE OF AMBULATORY OR 30MINS UROGYNE,,UROGYNECOLOGY,665,900,"March 03, 2026",adhoc,A;B;E;F;G;I;L;M;N;O;R;S;T;U;Y;0;3
04340022,USE OF DEFIBRILLATORS EXTERNAL MANUAL,,UROGYNECOLOGY,21600,27000,"March 03, 2026",adhoc,A;B;D;E;F;I;L;M;N;O;R;S;T;U;X
04340023,USE OF DORADO KT URODYNAMICS,,UROGYNECOLOGY,1490,1900,"March 03, 2026",adhoc,A;C;D;E;F;I;K;M;N;O;R;S;T;U;Y
04340024,USE OF URODYNAMICS PROCEDURE TABLE,,UROGYNECOLOGY,1030,1300,"March 03, 2026",adhoc,A;B;C;D;E;F;I;L;M;N;O;P;R;S;T;U;Y
04340025,USE OF VAN BUREN URETHRAL DILATOR,,UROGYNECOLOGY,800,1050,"March 03, 2026",adhoc,A;B;D;E;F;H;I;L;N;O;R;S;T;U;V
04520070,6-MINUTE WALK ANKLE BRACHIAL INDEX (ABI) - VLC,,VASCULAR AND LYMPHEDEMA CENTER,7400,13400,"July 14, 2026",adhoc,A;B;C;D;E;H;I;K;L;M;N;R;T;U;V;W;X;6
04520048,ABDOMINAL ANEURYSM SCREENING PACKAGE,,VASCULAR AND LYMPHEDEMA CENTER,12080,15100,"March 04, 2026",adhoc,A;B;C;D;E;G;I;K;L;M;N;O;P;R;S;U;Y
04520001,ABDOMINAL AORTA DUPLEX SCAN/ULTRASOUND VLC,,VASCULAR AND LYMPHEDEMA CENTER,9550,12000,"March 04, 2026",adhoc,A;B;C;D;E;I;L;M;N;O;P;R;S;T;U;V;X
04520002,ADDITIONAL 30 MINS VLC,,VASCULAR AND LYMPHEDEMA CENTER,900,1200,"March 04, 2026",adhoc,A;C;D;I;L;M;N;O;S;T;V;0;3
04520003,ADDITIONAL VIEW (1 PART) - VLC,,VASCULAR AND LYMPHEDEMA CENTER,1830,2300,"March 04, 2026",adhoc,A;C;D;E;I;L;N;O;P;R;T;V;W;1
04520004,ANKLE BRACHIAL INDEX (ABI) - VLC,,VASCULAR AND LYMPHEDEMA CENTER,2400,4400,"March 04, 2026",adhoc,A;B;C;D;E;H;I;K;L;N;R;V;X
04520005,ART ASSIST - VLC,,VASCULAR AND LYMPHEDEMA CENTER,4410,5600,"March 04, 2026",adhoc,A;C;I;L;R;S;T;V
04520006,ARTERIAL & VEIN MAPPING - LOWER EXTREMITY BILATERAL VLC,,VASCULAR AND LYMPHEDEMA CENTER,9530,12000,"March 04, 2026",adhoc,A;B;C;E;G;I;L;M;N;O;P;R;T;V;W;X;Y
04520007,ARTERIAL ULTRASOUND OF THE FOOT / HAND - VLC,,VASCULAR AND LYMPHEDEMA CENTER,4020,6700,"March 04, 2026",adhoc,A;C;D;E;F;H;I;L;N;O;R;S;T;U;V
04520008,ARTERIES & VEIN MAPPING - VLC,,VASCULAR AND LYMPHEDEMA CENTER,8505,12000,"March 04, 2026",adhoc,A;C;E;G;I;L;M;N;P;R;S;T;V
04520049,ATHEROSCLEROSIS SCREENING PACKAGE,,VASCULAR AND LYMPHEDEMA CENTER,19640,24600,"March 04, 2026",adhoc,A;C;E;G;H;I;K;L;N;O;P;R;S;T
04520009,BANDAGING (1 PART) VLC,,VASCULAR AND LYMPHEDEMA CENTER,1630,2840,"March 04, 2026",adhoc,A;B;C;D;G;I;L;N;P;R;T;V;1
04520011,CAROTID ARTERY DUPLEX SCAN/ULTRASOUND (CDS) VLC,,VASCULAR AND LYMPHEDEMA CENTER,7880,9900,"March 04, 2026",adhoc,A;C;D;E;I;L;N;O;P;R;S;T;U;V;X;Y
04520060,CONSULTATION FEE VLC,,VASCULAR AND LYMPHEDEMA CENTER,3000,3800,"July 02, 2026",adhoc,A;C;E;F;I;L;N;O;S;T;U;V
04520013,DOPPLER - VLC,,VASCULAR AND LYMPHEDEMA CENTER,2260,3450,"March 04, 2026",adhoc,C;D;E;L;O;P;R;V
04520014,DUPLEX SCAN OF MASS - VLC,,VASCULAR AND LYMPHEDEMA CENTER,6640,6860,"March 04, 2026",adhoc,A;C;D;E;F;L;M;N;O;P;S;U;V;X
04520015,DVT SCREENING - VLC,,VASCULAR AND LYMPHEDEMA CENTER,6120,9000,"March 04, 2026",adhoc,C;D;E;G;I;L;N;R;S;T;V
04520067,DVT SURVEILLANCE LOWER EXTREMITY - VLC UNILATERAL AND BILATERAL,,VASCULAR AND LYMPHEDEMA CENTER,7700,10000,"July 14, 2026",adhoc,A;B;C;D;E;I;L;M;N;O;R;S;T;U;V;W;X;Y
04520068,DVT SURVEILLANCE UPPER EXTREMITY - VLC UNILATERAL AND BILATERAL,,VASCULAR AND LYMPHEDEMA CENTER,7700,10000,"July 14, 2026",adhoc,A;B;C;D;E;I;L;M;N;P;R;S;T;U;V;X;Y
04520061,FACILITY FEE VLC 30 MINS,,VASCULAR AND LYMPHEDEMA CENTER,1200,1550,"March 04, 2026",adhoc,A;C;E;F;I;L;M;N;S;T;V;Y;0;3
04520017,FINGER BRACHIAL INDEX (FBI) VLC,,VASCULAR AND LYMPHEDEMA CENTER,2400,4400,"March 04, 2026",adhoc,A;B;C;D;E;F;G;H;I;L;N;R;V;X
04520065,FLOW RATE MEASUREMENT - VLC,,VASCULAR AND LYMPHEDEMA CENTER,3300,4200,"July 14, 2026",adhoc,A;C;E;F;L;M;N;O;R;S;T;U;V;W
04520050,GRAFT PACKAGE - VLC,,VASCULAR AND LYMPHEDEMA CENTER,13130,16500,"March 04, 2026",adhoc,A;C;E;F;G;K;L;P;R;T;V
04520018,GRAFT SURVEILLANCE VLC,,VASCULAR AND LYMPHEDEMA CENTER,10750,13500,"March 04, 2026",adhoc,A;C;E;F;G;I;L;N;R;S;T;U;V
04520019,HEMODIALYSIS ACCESS ULTRASOUND OR AV FISTULA/GORTEX SCAN VLC,,VASCULAR AND LYMPHEDEMA CENTER,9550,12000,"March 04, 2026",adhoc,A;C;D;E;F;G;H;I;L;M;N;O;R;S;T;U;V;X;Y
04520020,HEPATOPORTAL DUPLEX SCAN - VLC,,VASCULAR AND LYMPHEDEMA CENTER,9670,12100,"March 04, 2026",adhoc,A;C;D;E;H;L;N;O;P;R;S;T;U;V;X
04520021,INFERIOR VENA CAVA ILIAC AND RENAL VEIN DUPLEX SCAN/ULTRASOUND - VLC,,VASCULAR AND LYMPHEDEMA CENTER,8550,10700,"March 04, 2026",adhoc,A;C;D;E;F;I;L;N;O;P;R;S;T;U;V;X
04520051,LOWER EXTREMITY ARTERIAL + VENOUS DUPLEX SCAN PACKAGE - VLC,,VASCULAR AND LYMPHEDEMA CENTER,16990,22800,"March 04, 2026",adhoc,A;C;D;E;G;I;K;L;M;N;O;P;R;S;T;U;V;W;X;Y
04520022,LOWER EXTREMITY ARTERIAL DUPLEX SCAN/ULTRASOUND - VLC,,VASCULAR AND LYMPHEDEMA CENTER,8770,11800,"March 04, 2026",adhoc,A;C;D;E;I;L;M;N;O;P;R;S;T;U;V;W;X;Y
04520023,LOWER EXTREMITY VENOUS DUPLEX SCAN/ULTRASOUND - VLC,,VASCULAR AND LYMPHEDEMA CENTER,9150,12200,"July 02, 2026",adhoc,A;C;D;E;I;L;M;N;O;P;R;S;T;U;V;W;X;Y
04520024,LYMPHEDEMA ULTRASOUND - LOWER EXTREMITY - VLC,,VASCULAR AND LYMPHEDEMA CENTER,7910,11500,"March 04, 2026",adhoc,A;C;D;E;H;I;L;M;N;O;P;R;S;T;U;V;W;X;Y
04520025,LYMPHEDEMA ULTRASOUND - UPPER EXTREMITY - VLC,,VASCULAR AND LYMPHEDEMA CENTER,8150,11500,"March 04, 2026",adhoc,A;C;D;E;H;I;L;M;N;O;P;R;S;T;U;V;X;Y
04520026,MLD-CDT VLC,,VASCULAR AND LYMPHEDEMA CENTER,1200,4940,"March 04, 2026",adhoc,C;D;L;M;T;V
04520028,NAILFOLD CAPILLAROSCOPY - VLC,,VASCULAR AND LYMPHEDEMA CENTER,3620,4600,"March 04, 2026",adhoc,A;C;D;F;I;L;N;O;P;R;S;V;Y
04520053,PAD PACKAGE,,VASCULAR AND LYMPHEDEMA CENTER,15230,19100,"March 04, 2026",adhoc,A;C;D;E;G;K;P
04520062,PAD SCREENING BILATERAL - VLC,,VASCULAR AND LYMPHEDEMA CENTER,6970,8800,"March 04, 2026",adhoc,A;B;C;D;E;G;I;L;N;P;R;S;T;V
04520029,PATIENT EDUCATION - VLC,,VASCULAR AND LYMPHEDEMA CENTER,950,2420,"March 04, 2026",adhoc,A;C;D;E;I;L;N;O;P;T;U;V
04520066,PELVIC CONGESTION ULTRASOUND - VLC,,VASCULAR AND LYMPHEDEMA CENTER,9000,11300,"July 14, 2026",adhoc,A;C;D;E;G;I;L;N;O;P;R;S;T;U;V
04520030,PNEUMATIC COMPRESSION (1 PART) VLC,,VASCULAR AND LYMPHEDEMA CENTER,2380,3570,"March 04, 2026",adhoc,A;C;E;I;L;M;N;O;P;R;S;T;U;V;1
04520032,RENAL ALLOGRAFT - VLC,,VASCULAR AND LYMPHEDEMA CENTER,5470,6900,"March 04, 2026",adhoc,A;C;E;F;G;L;N;O;R;T;V
04520033,RENAL DUPLEX SCAN VLC,,VASCULAR AND LYMPHEDEMA CENTER,9550,12000,"March 04, 2026",adhoc,A;C;D;E;L;N;P;R;S;U;V;X
04520054,SEGMENTAL LOWER + TBI PACKAGE,,VASCULAR AND LYMPHEDEMA CENTER,10600,13300,"March 04, 2026",adhoc,A;B;C;E;G;I;K;L;M;N;O;P;R;S;T;W
04520034,SEGMENTAL PRESSURE - LOWER EXTREMITY - VLC,,VASCULAR AND LYMPHEDEMA CENTER,7610,10200,"March 04, 2026",adhoc,A;C;E;G;I;L;M;N;O;P;R;S;T;U;V;W;X;Y
04520035,SEGMENTAL PRESSURE - UPPER EXTREMITY - VLC,,VASCULAR AND LYMPHEDEMA CENTER,6560,8800,"March 04, 2026",adhoc,A;C;E;G;I;L;M;N;P;R;S;T;U;V;X;Y
04520055,SEGMENTAL UPPER + FBI PACKAGE,,VASCULAR AND LYMPHEDEMA CENTER,10070,12600,"March 04, 2026",adhoc,A;B;C;E;F;G;I;K;L;M;N;P;R;S;T;U
04520056,STROKE PACKAGE,,VASCULAR AND LYMPHEDEMA CENTER,16490,20700,"March 04, 2026",adhoc,A;C;E;G;K;O;P;R;S;T
04520036,TAPING - VLC,,VASCULAR AND LYMPHEDEMA CENTER,1140,3470,"March 04, 2026",adhoc,A;C;G;I;L;N;P;T;V
04520037,THORACIC OUTLET STUDY (TOS) VLC,,VASCULAR AND LYMPHEDEMA CENTER,8350,11300,"March 04, 2026",adhoc,A;C;D;E;H;I;L;O;R;S;T;U;V;Y
04520038,TOE BRACHIAL INDEX (TBI) VLC,,VASCULAR AND LYMPHEDEMA CENTER,2480,4400,"March 04, 2026",adhoc,A;B;C;D;E;H;I;L;N;O;R;T;V;X
04520039,TRANSCRANIAL DUPLEX SCAN (TCD) VLC,,VASCULAR AND LYMPHEDEMA CENTER,8550,12000,"March 04, 2026",adhoc,A;C;D;E;I;L;N;P;R;S;T;U;V;X
04520040,ULTRASOUND GUIDED COMPRESSION OF PSEUDOANEURYSM - VLC,,VASCULAR AND LYMPHEDEMA CENTER,16930,21200,"March 04, 2026",adhoc,A;C;D;E;F;G;I;L;M;N;O;P;R;S;T;U;V;Y
04520057,UPPER EXTREMITY ARTERIAL + VENOUS DUPLEX SCAN PACKAGE - VLC,,VASCULAR AND LYMPHEDEMA CENTER,16990,22800,"March 04, 2026",adhoc,A;C;D;E;G;I;K;L;M;N;O;P;R;S;T;U;V;X;Y
04520041,UPPER EXTREMITY ARTERIAL DUPLEX SCAN/ULTRASOUND - VLC,,VASCULAR AND LYMPHEDEMA CENTER,8770,11800,"March 04, 2026",adhoc,A;C;D;E;I;L;M;N;O;P;R;S;T;U;V;X;Y
04520042,UPPER EXTREMITY VENOUS DUPLEX SCAN/ULTRASOUND - VLC,,VASCULAR AND LYMPHEDEMA CENTER,8770,11800,"March 04, 2026",adhoc,A;C;D;E;I;L;M;N;O;P;R;S;T;U;V;X;Y
04520063,USE OF LYMPHATOUCH (1 PART) VLC,,VASCULAR AND LYMPHEDEMA CENTER,950,1200,"March 04, 2026",adhoc,A;C;E;F;H;L;M;O;P;R;S;T;U;V;Y;1
04520069,VARICOSE VEIN PACKAGE - VLC,,VASCULAR AND LYMPHEDEMA CENTER,15150,19000,"July 14, 2026",adhoc,A;C;E;G;I;K;L;N;O;P;R;S;V
04520044,VASCULAR EXERCISE,,VASCULAR AND LYMPHEDEMA CENTER,2500,3200,"March 04, 2026",adhoc,A;C;E;I;L;R;S;U;V;X
04520045,VASCULAR WALK TEST - VLC,,VASCULAR AND LYMPHEDEMA CENTER,2970,3800,"March 04, 2026",adhoc,A;C;E;K;L;R;S;T;U;V;W
04520058,VENOUS PACKAGE,,VASCULAR AND LYMPHEDEMA CENTER,14700,18400,"March 04, 2026",adhoc,A;C;E;G;K;N;O;P;S;U;V
04520046,VENOUS REFILL TIME VLC,,VASCULAR AND LYMPHEDEMA CENTER,3500,4400,"July 02, 2026",adhoc,C;E;F;I;L;M;N;O;R;S;T;U;V
04520064,WOUND CARE - VLC,,VASCULAR AND LYMPHEDEMA CENTER,5360,9300,"March 04, 2026",adhoc,A;C;D;E;L;N;O;R;U;V;W
04520047,WRIST BRACHIAL INDEX (WBI) - VLC,,VASCULAR AND LYMPHEDEMA CENTER,2400,4200,"March 04, 2026",adhoc,A;B;C;D;E;H;I;L;N;R;S;T;V;W;X
04550301,PLUS MD LEG PRESS,,WC PMR,390,390,"September 15, 2025",adhoc,D;E;G;L;M;P;R;S;U
04550302,PLUS TG KINESIS ONE,,WC PMR,370,370,"August 25, 2021",adhoc,E;G;I;K;L;N;O;P;S;T;U
04550303,SUPER INDUCTIVE SYSTEM WC,,WC PMR,1580,1680,"January 25, 2022",adhoc,C;D;E;I;M;N;P;R;S;T;U;V;W;Y
04550776,BROW LIFT,,WC SKIN & LASER HUB,34300,34300,"April 06, 2026",adhoc,B;F;I;L;O;R;T;W
04550775,CANTHOPLASTY,,WC SKIN & LASER HUB,28900,28900,"May 05, 2026",adhoc,A;C;H;L;N;O;P;S;T;Y
04550777,EXCISION EYE SURGERY,,WC SKIN & LASER HUB,34300,34300,"April 06, 2026",adhoc,C;E;G;I;N;O;R;S;U;X;Y
04550773,FACIAL SKIN ANALYSIS,,WC SKIN & LASER HUB,1400,1400,"June 11, 2025",adhoc,A;C;F;I;K;L;N;S;Y
04550770,HYBRID CO2 SKIN RESURFACING,,WC SKIN & LASER HUB,8000,17000,"March 26, 2025",adhoc,A;B;C;D;E;F;G;H;I;K;N;O;R;S;U;Y;2
04550771,HYBRID DESTRUCTION LASER,,WC SKIN & LASER HUB,7000,16000,"July 31, 2024",adhoc,A;B;C;D;E;H;I;L;N;O;R;S;T;U;Y
04550769,HYBRID ULTRA LIFT SKIN RENEWAL,,WC SKIN & LASER HUB,12000,21000,"July 31, 2024",adhoc,A;B;D;E;F;H;I;K;L;N;R;S;T;U;W;Y
04550774,LEVATOR ADVANCEMENT,,WC SKIN & LASER HUB,34300,34300,"April 06, 2026",adhoc,A;C;D;E;L;M;N;O;R;T;V
04550772,SLH LASER BLEPHAROPLASTY,,WC SKIN & LASER HUB,21000,36000,"September 15, 2025",adhoc,A;B;E;H;L;O;P;R;S;T;Y
04550768,SOFT LIFT SKIN REJUVINATION,,WC SKIN & LASER HUB,5775,18375,"July 31, 2024",adhoc,A;E;F;I;J;K;L;N;O;R;S;T;U;V
04550002,MWC ACUPUNCTURE SERVICE,,WOMEN CENTER,4000,4000,"March 05, 2026",adhoc,A;C;E;I;M;N;P;R;S;T;U;V;W
18380008,MWC AVANT GARDE MARGAUX PACKAGE,,WOMEN CENTER,19200,19200,"March 05, 2026",adhoc,A;C;D;E;G;K;M;N;P;R;T;U;V;W;X
18380011,MWC LIFESTYLE EXECUTIVE PACKAGE,,WOMEN CENTER,41000,41000,"March 05, 2026",adhoc,A;C;E;F;G;I;K;L;M;P;S;T;U;V;W;X;Y
18380016,MWC STELLAR MELISSA PACKAGE,,WOMEN CENTER,62500,62500,"March 05, 2026",adhoc,A;C;E;G;I;K;L;M;P;R;S;T;W
18380017,MWC ZENITH MELISSA PACKAGE,,WOMEN CENTER,36250,36250,"March 05, 2026",adhoc,A;C;E;G;H;I;K;L;M;N;P;S;T;W;Z
19390007,ADVANCED WOUND DEBRIDEMENT INCLUDING MUSCLE TISSUE,,WOUND CARE CENTER,13700,17200,"May 06, 2026",adhoc,A;B;C;D;E;G;I;L;M;N;O;R;S;T;U;V;W
19390008,COMPLEX WOUND DEBRIDEMENT INCLUDING BONE,,WOUND CARE CENTER,13700,17200,"May 06, 2026",adhoc,B;C;D;E;G;I;L;M;N;O;P;R;T;U;W;X
19390005,EXTENSIVE NAIL DEBRIDEMENT PROCEDURE (6 OR MORE NAILS),,WOUND CARE CENTER,10800,13500,"May 06, 2026",adhoc,A;B;C;D;E;I;L;M;N;O;P;R;S;T;U;V;X;6
19390003,FULL-THICKNESS SKIN WOUND DEBRIDEMENT,,WOUND CARE CENTER,7100,8900,"May 06, 2026",adhoc,B;C;D;E;F;H;I;K;L;M;N;O;R;S;T;U;W
19390004,NAIL DEBRIDEMENT PROCEDURE (1-5 NAILS),,WOUND CARE CENTER,7100,8900,"May 06, 2026",adhoc,A;B;C;D;E;I;L;M;N;O;P;R;S;T;U;1;5
19390002,SUPERFICIAL WOUND DEBRIDEMENT (SKIN LAYER ONLY),,WOUND CARE CENTER,7100,8900,"May 06, 2026",adhoc,A;B;C;D;E;F;I;K;L;M;N;O;P;R;S;T;U;W;Y
19390001,USE OF ROOM - WCC,,WOUND CARE CENTER,2500,3200,"May 06, 2026",adhoc,C;E;F;M;O;R;S;U;W
19390009,WOUND CARE TREATMENT AND DRESSING SERVICE,,WOUND CARE CENTER,12300,15400,"May 06, 2026",adhoc,A;C;D;E;G;I;M;N;O;R;S;T;U;V;W
19390006,WOUND DEBRIDEMENT - SKIN AND UNDERLYING TISSUE,,WOUND CARE CENTER,10100,12700,"May 06, 2026",adhoc,A;B;D;E;G;I;K;L;M;N;O;R;S;T;U;W;Y
